op 0
Weight set to 1
Lap 1
Loop 0
-9.927369117736816 0.4310035705566406
Object Detected, id: 20
-0.12744142086569749
-9.927369117736816 0.4310035705566406
Object Detected, id: 20
-0.12744142086569749
-9.745875358581543 0.4071662127971649
-0.13838705773051135
-9.580080509185791 0.38465380668640137
-0.1475016500538776
-9.432535171508789 0.3640529364347458
-0.15494793803751822
-9.432535171508789 0.3640529364347458
-0.15494793803751822
-9.282821655273438 0.3429047465324402
-0.16180421968403433
-9.282821655273438 0.3429047465324402
-0.16180421968403433
-8.941580295562744 0.2949124723672867
-0.17433677029617922
-8.941580295562744 0.2949124723672867
-0.17433677029617922
-8.750211238861084 0.2682691216468811
-0.17978924367847804
-8.750211238861084 0.2682691216468811
-0.17978924367847804
-8.589304447174072 0.24527577310800552
-8.589304447174072 0.24527577310800552
-0.18361411308647763
-0.27351190750509585
-8.256429672241211 0.19147953018546104
-0.18902590627823715
-8.256429672241211 0.19147953018546104
-0.18902590627823715
-8.089280128479004 0.16924849525094032
-0.1905924750636706
-8.089280128479004 0.16924849525094032
-0.1905924750636706
-7.742051124572754 0.12206161394715309
-0.19167076267136557
-7.742051124572754 0.12206161394715309
-0.19167076267136557
-7.573519229888916 0.10004320368170738
-0.19122317158871707
-7.573519229888916 0.10004320368170738
-0.19122317158871707
-7.395758152008057 0.07714991271495819
-0.19012453893256837
-7.212194919586182 0.0522305890917778
-0.18825279441148107
-7.0251030921936035 0.02728363871574402
-0.18562828308132018
-7.0251030921936035 0.02728363871574402
-0.18562828308132018
-6.8250508308410645 0.003057524561882019
-0.18208824456070832
-6.635846138000488 -0.021298527717590332
-0.1780802594802308
-6.635846138000488 -0.021298527717590332
-0.1780802594802308
-6.418856143951416 -0.04616899788379669
-0.17270916630851213
-6.245303630828857 -0.06734666228294373
-0.16794842466450138
-6.245303630828857 -0.06734666228294373
-0.16794842466450138
-6.064146041870117 -0.08669963479042053
-0.16247560631821706
-5.889365196228027 -0.10465331375598907
-0.15684002762345411
-5.709242820739746 -0.12425674498081207
-0.15057375246042742
-5.709242820739746 -0.12425674498081207
-0.15057375246042742
-5.519584655761719 -0.14232364296913147
-5.3473920822143555 -0.15969648957252502
-0.13688152402438514
-0.24940895125780227
-5.3473920822143555 -0.15969648957252502
-0.13688152402438514
-5.164370059967041 -0.18476301431655884
-0.12913005999748406
-4.960630416870117 -0.20240721106529236
-0.12013754805635571
-4.783333778381348 -0.21521300077438354
-0.11214194369304444
-4.783333778381348 -0.21521300077438354
-0.11214194369304444
-4.561079978942871 -0.2305552363395691
-0.10178630370605729
-4.561079978942871 -0.2305552363395691
-0.10178630370605729
-4.3356475830078125 -0.24507063627243042
-0.09096273696547846
-4.102786540985107 -0.26130178570747375
-0.0792236432619354
-4.102786540985107 -0.26130178570747375
-0.0792236432619354
-3.9331893920898438 -0.2710041403770447
-0.0703938831483697
-3.719954490661621 -0.2808879315853119
-0.058959964447688314
-3.719954490661621 -0.2808879315853119
-0.058959964447688314
-3.5332279205322266 -0.28835010528564453
-0.048645023785756726
-3.5332279205322266 -0.28835010528564453
-0.048645023785756726
-3.3544435501098633 -0.29434099793434143
-0.03851318896750876
-3.1907639503479004 -0.29993513226509094
-0.02899169921875
-3.037795066833496 -0.3028751611709595
-0.019877115885416664
-3.037795066833496 -0.3028751611709595
-0.019877115885416664
-2.874387264251709 -0.30489036440849304
-0.010030110677083332
-2.874387264251709 -0.30489036440849304
-0.010030110677083332
-2.583402156829834 -0.3068670332431793
-0.007832871474184332
-2.583402156829834 -0.3068670332431793
-0.007832871474184332
-2.4173364639282227 -0.3062003552913666
-0.018025727627236043
-2.4173364639282227 -0.3062003552913666
-0.018025727627236043
-2.259021759033203 -0.3057851493358612
-0.027445482801205876
-2.259021759033203 -0.3057851493358612
-0.027445482801205876
-1.956465721130371 -0.3046855330467224
-0.04455566870748882
-1.956465721130371 -0.3046855330467224
-0.04455566870748882
-1.8074378967285156 -0.3045651912689209
-0.05255128528428835
-1.8074378967285156 -0.3045651912689209
-0.05255128528428835
-1.5174221992492676 -0.3036774694919586
-0.06726075449545536
-1.5174221992492676 -0.3036774694919586
-0.06726075449545536
-1.3637537956237793 -0.30354122817516327
-0.0746053170858749
-1.3637537956237793 -0.30354122817516327
-0.0746053170858749
-1.1866064071655273 -0.3032488077878952
-0.0827636818774832
-1.0151104927062988 -0.3028920441865921
-0.09045412215465562
-0.8570265769958496 -0.30177193880081177
-0.09726971315970036
-0.8570265769958496 -0.30177193880081177
-0.09726971315970036
-0.6790704727172852 -0.30126914381980896
-0.10473634590913491
-0.6790704727172852 -0.30126914381980896
-0.10473634590913491
-0.5061616897583008 -0.30074039101600647
-0.11177573280996285
-0.3342862129211426 -0.2994524836540222
-0.1184692540038549
-0.12880277633666992 -0.2979665696620941
-0.12611900412049554
-0.12880277633666992 -0.2979665696620941
-0.12611900412049554
0.060486793518066406 -0.29736022651195526
-0.13289390512572485
0.060486793518066406 -0.29736022651195526
-0.13289390512572485
0.4308743476867676 -0.29542237520217896
-0.14544680011062702
0.4308743476867676 -0.29542237520217896
-0.14544680011062702
0.597724437713623 -0.29480254650115967
-0.1508178930498278
0.597724437713623 -0.29480254650115967
-0.1508178930498278
0.7834148406982422 -0.29413770139217377
-0.15653485188336547
0.7834148406982422 -0.29413770139217377
-0.15653485188336547
1.0093498229980469 -0.29333944618701935
-0.16324872961072528
1.2020397186279297 -0.2927197068929672
-0.16878258273824268
1.2020397186279297 -0.2927197068929672
-0.16878258273824268
1.4066667556762695 -0.29204368591308594
-0.17439781612622055
1.5887770652770996 -0.291079506278038
-0.17923993772058328
1.7842321395874023 -0.29060882329940796
-0.18426516479792981
1.7842321395874023 -0.29060882329940796
-0.18426516479792981
2.0040459632873535 -0.29013732075691223
-0.18971763794926913
2.1903085708618164 -0.28943608701229095
-0.19417320372972202
2.1903085708618164 -0.28943608701229095
-0.19417320372972202
2.3846216201782227 -0.28923673927783966
-0.19871014973591544
2.3846216201782227 -0.28923673927783966
-0.19871014973591544
2.642576217651367 -0.2889745831489563
-0.2044271197794823
2.8346543312072754 -0.2889387756586075
-0.20859785472785608
2.8346543312072754 -0.2889387756586075
-0.20859785472785608
3.072812557220459 -0.2889587730169296
-0.21356204660594705
3.072812557220459 -0.2889587730169296
-0.21356204660594705
3.2827959060668945 -0.28915584087371826
-0.21787519695697177
3.493114948272705 -0.28919073939323425
-0.2220052418937173
3.682478427886963 -0.28939543664455414
-0.22564700567499588
3.682478427886963 -0.28939543664455414
-0.22564700567499588
3.9180517196655273 -0.28946805000305176
-0.2300618813434511
3.9180517196655273 -0.28946805000305176
-0.2300618813434511
4.141340255737305 -0.2892385870218277
-0.2341715812959271
4.141340255737305 -0.2892385870218277
-0.2341715812959271
4.550449848175049 -0.2880871966481209
-0.24149581022189898
4.550449848175049 -0.2880871966481209
-0.24149581022189898
4.7697319984436035 -0.2864798977971077
-0.2453206793588441
4.7697319984436035 -0.2864798977971077
-0.2453206793588441
4.002986907958984 -0.3842119127511978
-0.25209558059166237
4.002986907958984 -0.3842119127511978
-0.25209558059166237
4.340705871582031 -0.3602081686258316
-0.2630819070367753
4.340705871582031 -0.3602081686258316
-0.2630819070367753
4.513009548187256 -0.3529362082481384
-0.26774092329309074
4.513009548187256 -0.3529362082481384
-0.26774092329309074
4.6023173332214355 -0.3417016714811325
-0.27280685193800136
4.748437881469727 -0.33905065059661865
-0.27669275620404
4.8929314613342285 -0.33732733130455017
-0.2804159000996999
4.8929314613342285 -0.33732733130455017
-0.2804159000996999
5.03957986831665 -0.3349923938512802
-0.2840373187682949
5.03957986831665 -0.3349923938512802
-0.2840373187682949
5.201011657714844 -0.3324236199259758
-0.28792322308683915
5.34437894821167 -0.3297589123249054
-0.2912801561504098
5.511235237121582 -0.3272675648331642
-0.2951864055486539
5.511235237121582 -0.3272675648331642
-0.2951864055486539
5.68817138671875 -0.3242006376385689
-0.2991740351589031
5.68817138671875 -0.3242006376385689
-0.2991740351589031
5.840291976928711 -0.31867627799510956
-0.3023478628191522
5.971902370452881 -0.3131747543811798
-0.30495202911171004
5.971902370452881 -0.3131747543811798
-0.30495202911171004
6.104178428649902 -0.3069332465529442
-0.3073527449182778
6.231504440307617 -0.3009430319070816
-0.3095093315062779
6.231504440307617 -0.3009430319070816
-0.3095093315062779
6.358798503875732 -0.2930271551012993
-0.3114014097225596
6.4835991859436035 -0.2844768650829792
-0.3130290136680639
6.4835991859436035 -0.2844768650829792
-0.3130290136680639
6.645815372467041 -0.2722315043210983
-0.3147611642774298
6.645815372467041 -0.2722315043210983
-0.3147611642774298
6.80303955078125 -0.25861847400665283
-0.3227957382448029
6.93477201461792 -0.2469759350642562
-0.33690464479610704
7.061153888702393 -0.23493684991262853
-0.35604761020947967
7.061153888702393 -0.23493684991262853
-0.32270136828958135
7.177248477935791 -0.2238795943558216
-0.37711432353335483
7.177248477935791 -0.2238795943558216
-0.32632057178663204
7.32167911529541 -0.20714563131332397
-0.4071077457560413
7.458316326141357 -0.1888686679303646
-0.4442605281833182
7.590082168579102 -0.17968278378248215
-0.3470069767117843
7.590082168579102 -0.17968278378248215
-0.3470069767117843
7.6924967765808105 -0.1628214791417122
-0.36109860436267727
7.6924967765808105 -0.1628214791417122
-0.36109860436267727
7.789821147918701 -0.1452583596110344
-0.37887973080848225
7.789821147918701 -0.1452583596110344
-0.37887973080848225
8.011365413665771 -0.10677247494459152
-0.4305620969019922
8.011365413665771 -0.10677247494459152
-0.4305620969019922
8.17037296295166 -0.08253172039985657
-0.4726880503343921
8.17037296295166 -0.08253172039985657
-0.4726880503343921
8.284406185150146 -0.06709562242031097
-0.5041150807065783
8.284406185150146 -0.06709562242031097
-0.5041150807065783
8.399063110351562 -0.05276016891002655
-0.5362459591041691
8.399063110351562 -0.05276016891002655
-0.5362459591041691
8.694733142852783 -0.01764705777168274
-0.6203133340440807
8.694733142852783 -0.01764705777168274
-0.6203133340440807
8.826343059539795 -0.005877181887626648
-0.4367690475189907
8.826343059539795 -0.005877181887626648
-0.4367690475189907
8.959809303283691 0.01873686909675598
-0.4543824497298985
8.959809303283691 0.01873686909675598
-0.4543824497298985
9.106881618499756 0.05471748113632202
-0.47750665944356047
9.106881618499756 0.05471748113632202
-0.47750665944356047
9.40388822555542 0.1213444173336029
-0.5326464887230462
9.40388822555542 0.1213444173336029
-0.5326464887230462
9.523701190948486 0.1455012559890747
-0.5572913847979013
9.523701190948486 0.1455012559890747
-0.5572913847979013
9.67373514175415 0.1744481325149536
-0.5895539488310728
9.67373514175415 0.1744481325149536
-0.5895539488310728
9.838044166564941 0.2044067680835724
-0.6262040791857015
9.988483905792236 0.2302594780921936
-0.6606363592200801
9.804015159606934 -0.02737689996138215
Object Detected, id: 4
-0.36343042838284473
9.804015159606934 -0.02737689996138215
Object Detected, id: 4
-0.36343042838284473
9.443465232849121 -0.00631394237279892
-0.36344384086503567
9.443465232849121 -0.00631394237279892
-0.36344384086503567
9.121004104614258 0.012199848890304565
-0.3634837263119795
9.121004104614258 0.012199848890304565
-0.3634837263119795
8.840967178344727 0.02766266092658043
-0.3635600693826034
8.577317237854004 0.04218205064535141
-0.36365176078772926
8.577317237854004 0.04218205064535141
-0.36365176078772926
8.314114570617676 0.056195154786109924
-0.36379790227458497
8.044889450073242 0.0709228366613388
-0.36395419708275145
8.044889450073242 0.0709228366613388
-0.36395419708275145
7.74631404876709 0.08686409890651703
-0.36420821578636314
7.74631404876709 0.08686409890651703
-0.36420821578636314
7.46171760559082 0.10233749449253082
-0.3645059391311104
7.46171760559082 0.10233749449253082
-0.3645059391311104
7.144974708557129 0.11998143792152405
-0.3649216536807508
7.144974708557129 0.11998143792152405
-0.3649216536807508
6.828990936279297 0.13799560070037842
-0.36546157970953874
6.828990936279297 0.13799560070037842
-0.36546157970953874
6.503305435180664 0.1570102721452713
-0.3661452515644066
6.503305435180664 0.1570102721452713
-0.3661452515644066
6.174002647399902 0.17667122185230255
-0.36700320578910106
6.174002647399902 0.17667122185230255
-0.36700320578910106
5.902225494384766 0.19414857029914856
-0.3678777585181006
5.902225494384766 0.19414857029914856
-0.3678777585181006
5.624251365661621 0.21129581332206726
-0.36892453082911225
5.355771064758301 0.22799938917160034
-0.37008646916115706
5.355771064758301 0.22799938917160034
-0.37008646916115706
5.08088493347168 0.2453591674566269
-0.37147589646669915
5.08088493347168 0.2453591674566269
-0.37147589646669915
4.798845291137695 0.2633407711982727
-0.37311271543601554
4.527251243591309 0.2815529555082321
-0.37494446050114605
4.527251243591309 0.2815529555082321
-0.37494446050114605
4.236484527587891 0.30028802156448364
-0.3771477315257246
4.236484527587891 0.30028802156448364
-0.3771477315257246
3.9422292709350586 0.3193648159503937
-0.3796874741031845
3.6521854400634766 0.33819353580474854
-0.38247918371278306
3.6521854400634766 0.33819353580474854
-0.38247918371278306
3.346278190612793 0.3580492436885834
-0.38580197073560624
3.346278190612793 0.3580492436885834
-0.38580197073560624
3.0575103759765625 0.37679749727249146
-0.3893041107809173
3.0575103759765625 0.37679749727249146
-0.3893041107809173
2.7725772857666016 0.3951588571071625
-0.39307977194271576
2.7725772857666016 0.3951588571071625
-0.39307977194271576
2.479097366333008 0.414021760225296
-0.3973609545757737
2.479097366333008 0.414021760225296
-0.3973609545757737
2.0668764114379883 0.44043219089508057
-0.4040840277665847
2.0668764114379883 0.44043219089508057
-0.4040840277665847
1.7781095504760742 0.45860132575035095
-0.40920252813372526
1.7781095504760742 0.45860132575035095
-0.40920252813372526
1.488316535949707 0.47665610909461975
-0.4147668247337679
1.488316535949707 0.47665610909461975
-0.4147668247337679
1.1586418151855469 0.4970451295375824
-0.42160540238037525
0.8794984817504883 0.5145238935947418
-0.42788213766693717
0.5663013458251953 0.533843994140625
-0.43545580039095866
0.5663013458251953 0.533843994140625
-0.43545580039095866
0.28287792205810547 0.5515236854553223
-0.4428617124067402
0.28287792205810547 0.5515236854553223
-0.4428617124067402
-0.004525184631347656 0.5685110092163086
-0.45088564888562355
-0.004525184631347656 0.5685110092163086
-0.45088564888562355
-0.29730796813964844 0.5856346189975739
-0.4596789072010026
-0.29730796813964844 0.5856346189975739
-0.4596789072010026
-0.5515527725219727 0.6002732813358307
-0.46781321194763104
-0.8202667236328125 0.6155189871788025
-0.4769263729475026
-0.8202667236328125 0.6155189871788025
-0.4769263729475026
-1.047043800354004 0.6281763315200806
-0.48503064659032014
-1.047043800354004 0.6281763315200806
-0.48503064659032014
-1.3149175643920898 0.64298415184021
-0.49512762754252543
-1.3149175643920898 0.64298415184021
-0.34081896502627096
-1.5963935852050781 0.6582259237766266
-0.5062076792439711
-1.5963935852050781 0.6582259237766266
-0.5062076792439711
-1.9087457656860352 0.674752950668335
-0.5187449629003194
-1.9087457656860352 0.674752950668335
-0.5187449629003194
-2.2554216384887695 0.6927399635314941
-0.532886155222408
-2.2554216384887695 0.6927399635314941
-0.532886155222408
-2.526185989379883 0.706419974565506
-0.5439943950255941
-2.526185989379883 0.706419974565506
-0.5439943950255941
-2.870046615600586 0.7234405279159546
-0.55817852476596
-2.870046615600586 0.7234405279159546
-0.55817852476596
-3.218015670776367 0.7402620911598206
-0.5725710275060375
-3.218015670776367 0.7402620911598206
-0.5725710275060375
-3.528477668762207 0.7549405694007874
-0.5856702641088292
-3.528477668762207 0.7549405694007874
-0.5856702641088292
-3.827901840209961 0.7688219845294952
-0.598423365176888
-3.827901840209961 0.7688219845294952
-0.598423365176888
-4.11323356628418 0.7818409502506256
-0.6107320781093781
-4.11323356628418 0.7818409502506256
-0.6107320781093781
-4.4025068283081055 0.7947967946529388
-0.623231801329323
-4.702664375305176 0.807902604341507
-0.6362636102447075
-4.9932403564453125 0.8211134374141693
-0.6489919136512332
-4.9932403564453125 0.8211134374141693
-0.6489919136512332
-5.27290153503418 0.8331477344036102
-0.661306474554969
-5.27290153503418 0.8331477344036102
-0.661306474554969
-5.542629241943359 0.8446309566497803
-0.6733601005912133
-5.542629241943359 0.8446309566497803
-0.6733601005912133
-5.816545486450195 0.8562165796756744
-5.816545486450195 0.8562165796756744
-0.6857221850340829
-0.6857221850340829
-6.106982231140137 0.8683913946151733
-0.6987116849862391
-6.106982231140137 0.8683913946151733
-0.6987116849862391
-6.39019775390625 0.8801828324794769
-0.7113757011493386
-6.39019775390625 0.8801828324794769
-0.7113757011493386
-6.713627815246582 0.8935834169387817
-0.7258836886307437
-6.974854469299316 0.9041981101036072
-0.7375953424220667
-6.498687744140625 1.272196114063263
-0.7569990743831491
-6.498687744140625 1.272196114063263
-0.7569990743831491
-6.651297569274902 1.2002152800559998
-0.7799809894783181
-6.651297569274902 1.2002152800559998
-0.7799809894783181
-6.908464431762695 1.1926997303962708
-0.7985709296949959
-6.908464431762695 1.1926997303962708
-0.7985709296949959
-7.273646354675293 1.195299744606018
-0.8244882188819371
-7.273646354675293 1.195299744606018
-0.8244882188819371
-7.5667924880981445 1.2049404978752136
-0.8454979443793633
-7.5667924880981445 1.2049404978752136
-0.8454979443793633
-7.874232292175293 1.221349835395813
-0.8681809834091309
-7.874232292175293 1.221349835395813
-0.8681809834091309
-8.123114585876465 1.2380035519599915
-0.8872690610091422
-8.366235733032227 1.2565617561340332
-0.906576832405662
-8.366235733032227 1.2565617561340332
-0.906576832405662
-8.599299430847168 1.2760065197944641
-0.9258886906247528
-8.599299430847168 1.2760065197944641
-0.9258886906247528
-8.834556579589844 1.2972928285598755
-0.9462185618975167
-8.834556579589844 1.2972928285598755
-0.9462185618975167
-9.072761535644531 1.319240927696228
-0.967658666913066
-9.072761535644531 1.319240927696228
-0.967658666913066
-9.349357604980469 1.3455122709274292
-0.9934226384737405
-9.593596458435059 1.3690343499183655
-1.0162416593236863
-9.593596458435059 1.3690343499183655
-1.0162416593236863
-9.823446273803711 1.3923430442810059
-1.0377465522494902
0.027663806453347206 9.806007385253906
Object Detected, id: 17
-0.00010223262147136322
0.027663806453347206 9.806007385253906
Object Detected, id: 17
-0.00010223262147136322
0.027008332312107086 9.572009086608887
-0.00012249343443595677
0.027008332312107086 9.572009086608887
-0.00012249343443595677
0.0263663362711668 9.3413724899292
-0.000152587890625
0.025705883279442787 9.10668659210205
-0.0001732318762809896
0.025097589939832687 8.888601303100586
-0.00019327799479166666
0.025097589939832687 8.888601303100586
-0.00019327799479166666
0.024437785148620605 8.655082702636719
-0.0002138651127281559
0.023723948746919632 8.400495529174805
-0.0002443524607231509
0.023060355335474014 8.16476821899414
-0.0002644856770833333
0.023060355335474014 8.16476821899414
-0.0002644856770833333
0.022421948611736298 7.944823265075684
-0.00026468123029088717
0.021816721186041832 7.73255729675293
-0.000274658203125
0.021816721186041832 7.73255729675293
-0.000274658203125
0.021206356585025787 7.515447616577148
-0.00030517578125
0.02048729918897152 7.266552925109863
-0.0003053452762818122
0.019826527684926987 7.037302017211914
-0.00031534830729166663
0.019826527684926987 7.037302017211914
-0.30205496447229313
0.01918748766183853 6.812199592590332
-0.0003358474531904943
0.009817294776439667 6.60524845123291
-0.0001427782068646057
0.009817294776439667 6.60524845123291
-0.0001427782068646057
0.009838830679655075 6.368033409118652
-0.00011189778645833333
0.009660974144935608 6.14787483215332
-0.0003256797402665633
0.009660974144935608 6.14787483215332
-0.0003256797402665633
0.009318113327026367 5.928188323974609
-0.0005086263020833333
0.00886702910065651 5.71436882019043
-0.000681635154937783
0.008375894278287888 5.50650691986084
-0.0008341471354166666
0.008375894278287888 5.50650691986084
-0.0008341471354166666
0.007790140807628632 5.287245750427246
-0.0009766154804693187
0.007085036486387253 5.055846214294434
-0.0011393683288243132
0.006404466927051544 4.846660614013672
-0.001291950855986045
0.006404466927051544 4.846660614013672
-0.001291950855986045
0.005738820880651474 4.652285575866699
-0.0014344704557675161
0.004888162016868591 4.409182548522949
-0.0016174636293842736
0.004129175096750259 4.197417259216309
-0.0017903934823218074
0.004129175096750259 4.197417259216309
-0.0017903934823218074
0.0033598951995372772 3.9843387603759766
-0.0019429791034251697
0.0026079751551151276 3.779203414916992
-0.002105811173607113
0.0017880797386169434 3.55672550201416
-0.0022889087800426517
0.0007920414209365845 3.288148880004883
-0.0025126345243652645
0.0007920414209365845 3.288148880004883
-0.0025126345243652645
0.0007920414209365845 3.288148880004883
-0.0025126345243652645
-5.9567391872406006e-05 3.062772750854492
-0.002705968411160601
-0.0009667351841926575 2.8154354095458984
-0.002909360231998748
-0.0017949268221855164 2.590351104736328
-0.003102620442708333
-0.0017949268221855164 2.590351104736328
-0.003102620442708333
-0.002597138285636902 2.369879722595215
-0.0033060709635416665
-0.0034155473113059998 2.143101692199707
-0.0034993637439504127
-0.004269640892744064 1.905989646911621
-0.003712985940149364
-0.004269640892744064 1.905989646911621
-0.003712985940149364
-0.004990637302398682 1.704019546508789
-0.00390626324545416
-0.004990637302398682 1.704019546508789
-0.00390626324545416
-0.006597161293029785 1.2424087524414062
-0.004333508033318108
-0.006597161293029785 1.2424087524414062
-0.004333508033318108
-0.007388710975646973 1.0141162872314453
-0.004547164655055115
-0.007388710975646973 1.0141162872314453
-0.004547164655055115
-0.008862648159265518 0.5764570236206055
-0.004964203130992516
-0.008862648159265518 0.5764570236206055
-0.004964203130992516
-0.009555261582136154 0.3647165298461914
-0.0051473383845391085
-0.009555261582136154 0.3647165298461914
-0.0051473383845391085
-0.01103932037949562 -0.09546947479248047
-0.005574553552327469
-0.01103932037949562 -0.09546947479248047
-0.005574553552327469
-0.011725995689630508 -0.31244754791259766
-0.0057678581474394615
-0.011725995689630508 -0.31244754791259766
-0.0057678581474394615
-0.012400936335325241 -0.5269842147827148
-0.0059509364288353505
-0.012400936335325241 -0.5269842147827148
-0.0059509364288353505
-0.013980329036712646 -1.0444087982177734
-0.006398551225201434
-0.013980329036712646 -1.0444087982177734
-0.006398551225201434
-0.014847412705421448 -1.3320693969726562
-0.006632518183160876
-0.014847412705421448 -1.3320693969726562
-0.006632518183160876
-0.015551012009382248 -1.563735008239746
-0.006836005619254629
-0.016219880431890488 -1.7909116744995117
-0.007008899971023611
-0.016898971050977707 -2.0264692306518555
-0.007192004687994941
-0.016898971050977707 -2.0264692306518555
-0.007192004687994941
-0.01754303276538849 -2.246518135070801
-0.007375144519754869
-0.01814967393875122 -2.456292152404785
-0.007537869253035635
-0.01814967393875122 -2.456292152404785
-0.007537869253035635
-0.01877497509121895 -2.675318717956543
-0.007710835130332578
-0.019393552094697952 -2.894057273864746
-0.007883766748350642
-0.020001348108053207 -3.1064538955688477
-0.008046493819589896
-0.020001348108053207 -3.1064538955688477
-0.008046493819589896
-0.020654499530792236 -3.3356409072875977
-0.008219457695391204
-0.02129356935620308 -3.5643463134765625
-0.008382186148894157
-0.02129356935620308 -3.5643463134765625
-0.008382186148894157
-0.021972261369228363 -3.8044939041137695
-0.008544946095265772
-0.02258959785103798 -4.026378631591797
-0.008687361062796667
-0.02258959785103798 -4.026378631591797
-0.3018399107701576
-0.023215942084789276 -4.2510881423950195
-0.008839948542205045
-0.03526546061038971 -4.470145225524902
-0.009287538559752156
-0.03506477177143097 -4.692400932312012
-0.009775818696728507
-0.03506477177143097 -4.692400932312012
-0.009775818696728507
-0.03512068837881088 -4.899953842163086
-0.010192891398172973
-0.03540119156241417 -5.1269989013671875
-0.01058961915311497
-0.035709820687770844 -5.320003509521484
-0.010904990618418122
-0.035709820687770844 -5.320003509521484
-0.010904990618418122
-0.03621820732951164 -5.545432090759277
-0.011271200168501767
-0.036868687719106674 -5.773523330688477
-0.01162723731487115
-0.03755612671375275 -5.997556686401367
-0.011973102043389023
-0.03755612671375275 -5.997556686401367
-0.011973102043389023
-0.03829297423362732 -6.216219902038574
-0.012308794342066946
-0.03829297423362732 -6.216219902038574
-0.012308794342066946
-0.04005957767367363 -6.687869071960449
-0.013041214092362469
-0.04005957767367363 -6.687869071960449
-0.013041214092362469
-0.040833599865436554 -6.884746551513672
-0.01334638905714483
-0.040833599865436554 -6.884746551513672
-0.01334638905714483
-0.005724913440644741 -5.895689964294434
-0.01226813388550748
-0.005724913440644741 -5.895689964294434
-0.01226813388550748
-0.009451092686504126 -6.087329864501953
-0.011759510502060042
-0.009451092686504126 -6.087329864501953
-0.011759510502060042
-0.012779428623616695 -6.335542678833008
-0.011311922141737187
-0.014474582858383656 -6.515388488769531
-0.011088095382004278
-0.015365761704742908 -6.710837364196777
-0.010884645646150834
-0.015365761704742908 -6.710837364196777
-0.010884645646150834
-0.015949918888509274 -6.908188819885254
-0.010681171719972503
-0.015949918888509274 -6.908188819885254
-0.010681171719972503
-0.01599626149982214 -7.082221984863281
-0.01049809123185124
-0.015848645940423012 -7.303398132324219
-0.0102234342203976
-0.015339329838752747 -7.503859519958496
-0.009918259840634068
-0.015339329838752747 -7.503859519958496
-0.009918259840634068
-0.014813796617090702 -7.70070743560791
-0.009592713632084035
-0.014813796617090702 -7.70070743560791
-0.009592713632084035
-0.014050840400159359 -7.93206787109375
-0.009155296043085518
-0.01312531204894185 -8.179964065551758
-0.008616225637285282
-0.01312531204894185 -8.179964065551758
-0.008616225637285282
-0.012283931020647287 -8.384648323059082
-0.0081177012762627
-0.01149850757792592 -8.566915512084961
-0.007639594147858924
-0.01149850757792592 -8.566915512084961
-0.007639594147858924
-0.010729873087257147 -8.758406639099121
-0.007100452324662596
-0.010055304737761617 -8.936870574951172
-0.006571483316729873
-0.009375920286402106 -9.132351875305176
-0.005940790045649139
-0.009375920286402106 -9.132351875305176
-0.005940790045649139
-0.008823704905807972 -9.307417869567871
-0.005371132282157397
-0.008316390216350555 -9.486371994018555
-0.004760753055570973
-0.008316390216350555 -9.486371994018555
-0.004760753055570973
-0.007846224587410688 -9.68943977355957
-0.004058837890625
-0.007534321513958275 -9.85065746307373
-0.0034078114067992004
-9.883555173873901 3.134915351867676
Object Detected, id: 11
-0.9256330311997252
-9.883555173873901 3.134915351867676
Object Detected, id: 11
-0.9256330311997252
-9.76517915725708 3.060713768005371
-0.9321601611652914
-9.76517915725708 3.060713768005371
-0.9321601611652914
-9.535711288452148 2.856161594390869
-0.9247778124150887
-9.535711288452148 2.856161594390869
-0.9247778124150887
-9.437998533248901 2.7435407638549805
-0.9298879586391453
-9.437998533248901 2.7435407638549805
-0.9298879586391453
-9.217875719070435 2.5122461318969727
-0.945622977281015
-9.217875719070435 2.5122461318969727
-0.945622977281015
-9.11468243598938 2.409487247467041
-0.9545555795870928
-9.11468243598938 2.409487247467041
-0.9545555795870928
-8.963161945343018 2.2632217407226562
-0.9472093725488964
-8.963161945343018 2.2632217407226562
-0.9472093725488964
-8.72912073135376 2.0464138984680176
-8.72912073135376 2.0464138984680176
-0.9611741925001238
-0.9611741925001238
-8.6028470993042 1.9333314895629883
-0.9704258040987817
-8.6028470993042 1.9333314895629883
-0.9704258040987817
-8.476951122283936 1.8208723068237305
-0.981005032684972
-8.354203224182129 1.712493896484375
-0.9926154856443952
-8.228199005126953 1.602109432220459
-0.9824598714560239
-8.228199005126953 1.602109432220459
-0.9824598714560239
-8.110947608947754 1.503382682800293
-0.9906039130520032
-7.995379447937012 1.4054412841796875
-1.0001173040118472
-7.874006271362305 1.3036327362060547
-1.0117090344218225
-7.874006271362305 1.3036327362060547
-1.0117090344218225
-7.649359703063965 1.1189022064208984
-7.649359703063965 1.1189022064208984
-1.018550066532598
-1.018550066532598
-7.550168991088867 1.03812837600708
-1.027467534313827
-7.550168991088867 1.03812837600708
-1.027467534313827
-7.333746910095215 0.8676795959472656
-1.051839589820457
-7.333746910095215 0.8676795959472656
-1.051839589820457
-7.333746910095215 0.8676795959472656
-1.051839589820457
-7.206564903259277 0.7696743011474609
-1.069561509407997
-7.206564903259277 0.7696743011474609
-1.069561509407997
-7.091687202453613 0.6805019378662109
-1.0704481484818158
-6.968852996826172 0.5860247611999512
-1.086546085664182
-6.968852996826172 0.5860247611999512
-1.086546085664182
-6.862642288208008 0.5048532485961914
-1.1025534378663602
-6.770261287689209 0.437532901763916
-1.11778359976118
-6.770261287689209 0.437532901763916
-1.11778359976118
-6.653676509857178 0.3527092933654785
-1.1387917522944926
-6.653676509857178 0.3527092933654785
-1.1475410965500736
-6.534639358520508 0.2647695541381836
-1.14432401556668
-6.445389270782471 0.19765233993530273
-1.1585378368699444
-6.353961944580078 0.13238859176635742
-1.1737099735015832
-6.353961944580078 0.13238859176635742
-1.1737099735015832
-6.261952877044678 0.06652498245239258
-1.190313395836279
-6.168341636657715 -0.00023221969604492188
-1.2084139786382637
-6.047104358673096 -0.08536148071289062
-1.2331186881981058
-6.047104358673096 -0.08536148071289062
-1.2331186881981058
-5.945450305938721 -0.15627479553222656
-1.2379255036161483
-5.945450305938721 -0.15627479553222656
-1.2379255036161483
-5.850835800170898 -0.2213273048400879
-5.850835800170898 -0.2213273048400879
-1.2553647911747428
-1.2563030091505243
-5.650463581085205 -0.3600168228149414
-1.294357904675326
-5.650463581085205 -0.3600168228149414
-1.294357904675326
-5.553559303283691 -0.42635631561279297
-1.313746080632165
-5.553559303283691 -0.42635631561279297
-1.313746080632165
-5.324869155883789 -0.5838727951049805
-1.3442717508103894
-5.324869155883789 -0.5838727951049805
-1.3442717508103894
-5.221214771270752 -0.6534619331359863
-1.3630209028698062
-5.221214771270752 -0.6534619331359863
-1.3630209028698062
-5.081515312194824 -0.7466015815734863
-1.3891042701461163
-5.081515312194824 -0.7466015815734863
-1.3891042701461163
-4.950265884399414 -0.8337702751159668
-1.4145163214129268
-4.838523864746094 -0.9078273773193359
-1.4367426339008624
-4.722081184387207 -0.984952449798584
-1.466343601722243
-4.722081184387207 -0.984952449798584
-1.466343601722243
-4.604966640472412 -1.0628151893615723
-1.4690363878971406
-4.604966640472412 -1.0628151893615723
-1.4690363878971406
-4.47304630279541 -1.1475801467895508
-1.4934819377405808
-4.35667610168457 -1.2219743728637695
-1.5157043119753522
-4.243152141571045 -1.2946152687072754
-1.5376870544014587
-4.243152141571045 -1.2946152687072754
-1.5376870544014587
-4.114567756652832 -1.3764233589172363
-1.562986091826216
-4.114567756652832 -1.3764233589172363
-1.562986091826216
-3.952707290649414 -1.4790325164794922
-1.583032298678226
-3.812082290649414 -1.566476821899414
-1.6087215892942064
-3.695993423461914 -1.638106346130371
-1.6306726327517258
-3.695993423461914 -1.638106346130371
-1.6306726327517258
-3.5756659507751465 -1.711684226989746
-1.6539119859208653
-3.4394898414611816 -1.794844150543213
-1.6803234848331718
-3.4394898414611816 -1.794844150543213
-1.6803234848331718
-3.282778739929199 -1.8899798393249512
-1.7112214049395487
-3.282778739929199 -1.8899798393249512
-1.7112214049395487
-3.1418251991271973 -1.9751815795898438
-1.7279883682690766
-2.990067481994629 -2.066288471221924
-1.756246823912134
-2.846391201019287 -2.1507833003997803
-1.7834209678382664
-2.846391201019287 -2.1507833003997803
-1.7834209678382664
-2.7137269973754883 -2.2282469272613525
-1.8090443917398784
-2.7137269973754883 -2.2282469272613525
-1.8090443917398784
-2.5531954765319824 -2.3214941024780273
-1.840363139786484
-2.5531954765319824 -2.3214941024780273
-1.8457432144945147
-2.24405574798584 -2.4986424446105957
-1.8914292109411242
-2.24405574798584 -2.4986424446105957
-1.8914292109411242
-2.106876850128174 -2.5750274658203125
-1.9179534550014004
-2.106876850128174 -2.5750274658203125
-1.9179534550014004
-1.946774959564209 -2.663080930709839
-1.9495868451033576
-1.8000421524047852 -2.742706775665283
-1.9792289720158314
-1.669046401977539 -2.8129642009735107
-2.0063881678065627
-1.669046401977539 -2.8129642009735107
-2.0063881678065627
-1.5354747772216797 -2.88330340385437
-1.5354747772216797 -2.88330340385437
-2.0381714469546455
-2.0381714469546455
-1.2510037422180176 -3.0290606021881104
-2.086159806806597
-1.2510037422180176 -3.0290606021881104
-2.086159806806597
-1.1097536087036133 -3.0988285541534424
-2.1165767638900883
-1.1097536087036133 -3.0988285541534424
-2.1165767638900883
-0.8377022743225098 -3.2299931049346924
-2.1772166985149592
-0.8377022743225098 -3.2299931049346924
-2.1772166985149592
-0.688356876373291 -3.300708770751953
-0.688356876373291 -3.300708770751953
-2.2037554000911905
-2.2037554000911905
-0.5542874336242676 -3.36260724067688
-2.2336189888967404
-0.4216299057006836 -3.4229445457458496
-2.2636214721661116
-0.2839632034301758 -3.484764575958252
-0.2839632034301758 -3.484764575958252
-2.2950889279108275
-2.2950889279108275
-0.15071678161621094 -3.5466115474700928
-2.3262628584625666
-0.15071678161621094 -3.5466115474700928
-2.3262628584625666
0.10475015640258789 -3.657404899597168
0.10475015640258789 -3.657404899597168
0.2322840690612793 -3.732239246368408
0.2322840690612793 -3.732239246368408
0.3445878028869629 -3.822105884552002
0.44651269912719727 -3.9133358001708984
0.5590982437133789 -4.023474931716919
0.5590982437133789 -4.023474931716919
0.6617832183837891 -4.132399320602417
0.7524199485778809 -4.2358927726745605
0.8383231163024902 -4.340061902999878
0.8383231163024902 -4.340061902999878
0.9365859031677246 -4.452040910720825
1.0414562225341797 -4.557133674621582
1.0414562225341797 -4.557133674621582
1.1556053161621094 -4.663431406021118
1.2680950164794922 -4.7689433097839355
1.2680950164794922 -4.7689433097839355
1.4030170440673828 -4.876819610595703
1.5156841278076172 -4.960089445114136
1.5156841278076172 -4.960089445114136
1.6485381126403809 -5.053261995315552
1.6485381126403809 -5.053261995315552
1.806492805480957 -5.169138669967651
1.964942455291748 -5.278486251831055
2.106044292449951 -5.360714435577393
2.106044292449951 -5.360714435577393
2.2558703422546387 -5.442519426345825
2.2558703422546387 -5.442519426345825
2.5583481788635254 -5.60976243019104
2.5583481788635254 -5.60976243019104
2.7096481323242188 -5.682861804962158
2.7096481323242188 -5.682861804962158
2.8485960960388184 -5.74311900138855
2.8485960960388184 -5.74311900138855
3.142556667327881 -5.863062620162964
3.142556667327881 -5.863062620162964
3.2798919677734375 -5.911420106887817
3.2798919677734375 -5.911420106887817
3.440667152404785 -5.961029052734375
3.440667152404785 -5.961029052734375
3.5703043937683105 -5.996288776397705
3.6956567764282227 -6.029451608657837
3.8272643089294434 -6.059563159942627
3.8272643089294434 -6.059563159942627
3.9697108268737793 -6.083521366119385
3.9697108268737793 -6.083521366119385
4.118954658508301 -6.103288888931274
4.118954658508301 -6.103288888931274
4.2816033363342285 -6.118630409240723
4.2816033363342285 -6.118630409240723
4.407792568206787 -6.125661611557007
4.516313552856445 -6.12848973274231
4.631364822387695 -6.130068302154541
4.631364822387695 -6.130068302154541
4.74078893661499 -6.126960754394531
4.846461296081543 -6.121565103530884
4.846461296081543 -6.121565103530884
4.963079452514648 -6.1133482456207275
5.092700004577637 -6.101379632949829
5.092700004577637 -6.101379632949829
5.2055487632751465 -6.08637547492981
5.30790376663208 -6.070499420166016
5.30790376663208 -6.070499420166016
5.428314685821533 -6.049605131149292
5.532031536102295 -6.029206991195679
5.532031536102295 -6.029206991195679
5.6306352615356445 -6.006681680679321
5.730369567871094 -5.98439359664917
5.730369567871094 -5.98439359664917
5.8534040451049805 -5.958359718322754
5.8534040451049805 -5.958359718322754
5.992791652679443 -5.928802490234375
6.117156982421875 -5.902778744697571
6.233509540557861 -5.87810218334198
6.233509540557861 -5.87810218334198
6.371262073516846 -5.848767638206482
6.371262073516846 -5.848767638206482
6.516691207885742 -5.818116068840027
6.516691207885742 -5.818116068840027
6.770948886871338 -5.74984872341156
6.770948886871338 -5.74984872341156
6.869901657104492 -5.695122480392456
6.869901657104492 -5.695122480392456
6.955946445465088 -5.6500303745269775
6.955946445465088 -5.6500303745269775
7.047420024871826 -5.604056477546692
7.047420024871826 -5.604056477546692
7.135139465332031 -5.562529563903809
7.135139465332031 -5.562529563903809
7.259982585906982 -5.506490707397461
7.369593143463135 -5.459911942481995
7.49890661239624 -5.407876670360565
7.49890661239624 -5.407876670360565
7.609287738800049 -5.36721009016037
7.609287738800049 -5.36721009016037
7.731714725494385 -5.323754608631134
7.731714725494385 -5.323754608631134
7.99541711807251 -5.2344969511032104
7.99541711807251 -5.2344969511032104
8.126939296722412 -5.193184077739716
8.126939296722412 -5.193184077739716
8.282773971557617 -5.145640552043915
8.282773971557617 -5.145640552043915
8.461534023284912 -5.092704355716705
8.461534023284912 -5.092704355716705
8.625469207763672 -5.04568338394165
8.766852378845215 -5.004097938537598
8.766852378845215 -5.004097938537598
8.93652868270874 -4.957671016454697
8.93652868270874 -4.957671016454697
9.094820022583008 -4.9126584231853485
9.260595321655273 -4.866611286997795
9.260595321655273 -4.866611286997795
9.418513774871826 -4.825858652591705
9.588223934173584 -4.782313756644726
9.588223934173584 -4.782313756644726
9.74803876876831 -4.741677403450012
9.74803876876831 -4.741677403450012
9.914896965026855 -4.699555782601237
Lap 2
Loop 1
0.24216130375862122 -9.729146957397461
Object Detected, id: 0
-0.36686693282394855
0.24216130375862122 -9.729146957397461
Object Detected, id: 0
-0.36686693282394855
0.2525763213634491 -9.451140403747559
-0.366884631546638
0.2525763213634491 -9.451140403747559
-0.366884631546638
0.2624017149209976 -9.158345222473145
-0.3668834931858385
0.2624017149209976 -9.158345222473145
-0.3668834931858385
0.2716098576784134 -8.860588073730469
-0.3669231216321929
0.2716098576784134 -8.860588073730469
-0.3669231216321929
0.2812388092279434 -8.527555465698242
-0.36697390458742896
0.2812388092279434 -8.527555465698242
-0.36697390458742896
0.29040318727493286 -8.204154014587402
-0.36707252436665383
0.29040318727493286 -8.204154014587402
-0.36707252436665383
0.2983326017856598 -7.923705101013184
-0.3672123516186029
0.2983326017856598 -7.923705101013184
-0.3672123516186029
0.30796848237514496 -7.59197998046875
-0.36742775240136694
0.30796848237514496 -7.59197998046875
-0.36742775240136694
0.3162897601723671 -7.335667610168457
-0.3676628037608603
0.3162897601723671 -7.335667610168457
-0.3676628037608603
0.32618943601846695 -7.01304817199707
-0.3680624153989427
0.3351747989654541 -6.754166603088379
-0.36847418058148024
0.3351747989654541 -6.754166603088379
-0.36847418058148024
0.3441917598247528 -6.4760589599609375
-0.3690264966651791
0.3541497439146042 -6.2017107009887695
-0.36969341690500857
0.3541497439146042 -6.2017107009887695
-0.36969341690500857
0.3633490949869156 -5.932279586791992
-0.37049902000221135
0.3633490949869156 -5.932279586791992
-0.37049902000221135
0.37260017916560173 -5.668369293212891
-0.3714241352927331
0.3828459046781063 -5.383264541625977
-0.37262166354475845
0.3828459046781063 -5.383264541625977
-0.37262166354475845
0.39360561966896057 -5.090251922607422
-0.3740829479083897
0.39360561966896057 -5.090251922607422
-0.3740829479083897
0.4063159693032503 -4.750539779663086
-0.3760868176445743
0.4167212167812977 -4.495136260986328
-0.3778168408225391
0.4167212167812977 -4.495136260986328
-0.3778168408225391
0.4167212167812977 -4.495136260986328
-0.3778168408225391
0.42759339697659016 -4.207526206970215
-0.3800516220635142
0.4388923179358244 -3.9287967681884766
-0.3825032315960908
0.4388923179358244 -3.9287967681884766
-0.3825032315960908
0.45112045854330063 -3.608527183532715
-0.38572852744959407
0.46109676733613014 -3.3460216522216797
-0.38865879184315527
0.46109676733613014 -3.3460216522216797
-0.38865879184315527
0.4710843227803707 -3.082460403442383
-0.39190163759468516
0.4710843227803707 -3.082460403442383
-0.39190163759468516
0.4832955524325371 -2.76043701171875
-0.3962858070317946
0.4832955524325371 -2.76043701171875
-0.3962858070317946
0.4964403808116913 -2.4107961654663086
-0.4016082181233605
0.4964403808116913 -2.4107961654663086
-0.4016082181233605
0.5075822547078133 -2.1091394424438477
0.5075822547078133 -2.1091394424438477
-0.40666064755663967
-0.40666064755663967
0.5178215354681015 -1.826986312866211
-0.41177403233491205
0.5178215354681015 -1.826986312866211
-0.41177403233491205
0.5405684858560562 -1.1973237991333008
-0.4245963539436191
0.5405684858560562 -1.1973237991333008
-0.4245963539436191
0.5511052682995796 -0.8895759582519531
-0.4315864640546233
0.5511052682995796 -0.8895759582519531
-0.4315864640546233
0.5611312761902809 -0.5909538269042969
-0.4388821673349056
0.5611312761902809 -0.5909538269042969
-0.4388821673349056
0.569481298327446 -0.33695220947265625
-0.44549251568158543
0.569481298327446 -0.33695220947265625
-0.44549251568158543
0.5808343589305878 0.013261795043945312
-0.45529873460175174
0.5808343589305878 0.013261795043945312
-0.45529873460175174
0.5886093229055405 0.25914573669433594
-0.46267682518132436
0.5886093229055405 0.25914573669433594
-0.46267682518132436
0.6048309355974197 0.7884769439697266
-0.4799998271020456
0.6048309355974197 0.7884769439697266
-0.4799998271020456
0.6126818209886551 1.0445442199707031
-0.48905067739747266
0.6126818209886551 1.0445442199707031
-0.48905067739747266
0.6203089654445648 1.318089485168457
-0.49906635079171824
0.6203089654445648 1.318089485168457
-0.49906635079171824
0.6271682381629944 1.5741024017333984
-0.508841892480455
0.6271682381629944 1.5741024017333984
-0.508841892480455
0.634201318025589 1.8459300994873047
-0.5194235275125743
0.634201318025589 1.8459300994873047
-0.3680616557342505
0.64106485247612 2.1221351623535156
-0.5303281319359747
0.6480194479227066 2.4143266677856445
-0.5419873181306676
0.6532689481973648 2.645810127258301
-0.5513546538841794
0.6532689481973648 2.645810127258301
-0.5513546538841794
0.6592656522989273 2.9194765090942383
-0.5626177199397304
0.6592656522989273 2.9194765090942383
-0.5626177199397304
0.6657760590314865 3.2275609970092773
-0.5755515817660302
0.6657760590314865 3.2275609970092773
-0.5755515817660302
0.6716390550136566 3.5199060440063477
-0.5879610247615166
0.6716390550136566 3.5199060440063477
-0.5879610247615166
0.6771663576364517 3.8081092834472656
-0.6003790823101913
0.6819342076778412 4.06690788269043
-0.6116183664793468
0.6819342076778412 4.06690788269043
-0.6116183664793468
0.6864754855632782 4.322747230529785
-0.6227881498492938
0.6864754855632782 4.322747230529785
-0.6227881498492938
0.692944198846817 4.700597763061523
-0.6394284921149671
0.692944198846817 4.700597763061523
-0.6394284921149671
0.6967629939317703 4.941719055175781
-0.6500887458181328
0.6967629939317703 4.941719055175781
-0.6500887458181328
0.7015380859375 5.242238998413086
-0.6634106611280421
0.7015380859375 5.242238998413086
-0.6634106611280421
0.705855593085289 5.5308122634887695
-0.6762424059782288
0.710188016295433 5.830461502075195
-0.6895866480879237
0.710188016295433 5.830461502075195
0.710188016295433 5.830461502075195
-0.6895866480879237
-0.594112409117032
0.7151637971401215 6.50079345703125
-0.719461869294064
0.7151637971401215 6.50079345703125
-0.719461869294064
0.719790056347847 6.805666923522949
-0.7330781932114951
0.719790056347847 6.805666923522949
-0.7330781932114951
0.7244576811790466 7.131185531616211
-0.7476384752615011
0.7244576811790466 7.131185531616211
-0.7476384752615011
1.1106290221214294 6.689369201660156
-0.7694470368542793
1.1106290221214294 6.689369201660156
-0.7694470368542793
1.0366390943527222 6.928462982177734
-0.7981585791015764
1.0366390943527222 6.928462982177734
-0.7981585791015764
1.0224048495292664 7.244444847106934
1.0224048495292664 7.244444847106934
-0.8210146362096142
-0.8210146362096142
1.019574761390686 7.551961898803711
-0.8430211845080465
1.019574761390686 7.551961898803711
-0.8430211845080465
1.0229854881763458 7.807857513427734
-0.8616154281328525
1.0229854881763458 7.807857513427734
-0.8616154281328525
1.0302139818668365 8.052828788757324
-0.8797916927803602
1.0396433174610138 8.280482292175293
-0.8972534774381142
1.0396433174610138 8.280482292175293
-0.8972534774381142
1.0524621903896332 8.531782150268555
-0.9172253426268605
1.0655847489833832 8.745745658874512
-0.9349256459307986
1.0655847489833832 8.745745658874512
-0.9349256459307986
1.0799164772033691 8.971001625061035
-0.954295712173857
1.0799164772033691 8.971001625061035
-0.954295712173857
1.0950177609920502 9.193304061889648
-0.9742068504991691
1.1099433302879333 9.403639793395996
-0.9937469230298865
1.1246182918548584 9.60377311706543
-1.0130326145033766
1.1246182918548584 9.60377311706543
-1.0130326145033766
1.1407632231712341 9.809804916381836
-1.033417669543304
1.1407632231712341 9.809804916381836
-1.033417669543304
0.24105656147003174 -9.989596366882324
Object Detected, id: 19
-0.010541804982774426
0.24105656147003174 -9.989596366882324
Object Detected, id: 19
-0.010541804982774426
0.2361617386341095 -9.765466690063477
-0.369875558663468
0.2306526005268097 -9.489394187927246
-0.010094098715307677
0.2268793284893036 -9.303702354431152
-0.009911047800862834
0.2268793284893036 -9.303702354431152
-0.009911047800862834
0.2182489037513733 -8.883482933044434
-0.009443003110708347
0.2182489037513733 -8.883482933044434
-0.009443003110708347
0.21232809126377106 -8.597674369812012
-0.009035974942194498
0.21232809126377106 -8.597674369812012
-0.009035974942194498
0.20708000659942627 -8.34883975982666
-0.00873064122040322
0.20708000659942627 -8.34883975982666
-0.00873064122040322
0.1980489194393158 -7.921006202697754
-0.008119976383756512
0.1980489194393158 -7.921006202697754
-0.008119976383756512
0.193282812833786 -7.697427749633789
-0.007794551630184565
0.193282812833786 -7.697427749633789
-0.007794551630184565
0.18347910046577454 -7.237578392028809
-0.007061850810057315
0.18347910046577454 -7.237578392028809
-0.007061850810057315
0.17836838960647583 -7.000436782836914
-0.006654822686537899
0.17836838960647583 -7.000436782836914
-0.006654822686537899
0.17342622578144073 -6.773157119750977
-0.006268133573459571
0.16838964819908142 -6.542920112609863
-0.005881444552738743
0.16330909729003906 -6.308833122253418
-0.005454077413701489
0.16330909729003906 -6.308833122253418
-0.005454077413701489
0.15380044281482697 -5.877164840698242
0.15380044281482697 -5.877164840698242
-0.004660360484068083
-0.004660360484068083
0.14913475513458252 -5.666919708251953
-0.004273671780924479
0.14913475513458252 -5.666919708251953
-0.004273671780924479
0.13989274203777313 -5.253228187561035
-0.0034802083390041896
0.13989274203777313 -5.253228187561035
-0.0034802083390041896
0.1351335644721985 -5.041776657104492
-0.003032248976920323
0.1351335644721985 -5.041776657104492
-0.003032248976920323
0.13013777136802673 -4.8221025466918945
-0.0026048818242055127
0.1257447451353073 -4.628870964050293
-0.0021775146814521223
0.12104544043540955 -4.422740936279297
-0.0017504136054655357
0.12104544043540955 -4.422740936279297
-0.0017504136054655357
0.11454205214977264 -4.1419677734375
-0.0012210845351405368
0.10914263129234314 -3.910567283630371
-0.0007733796308898198
0.10914263129234314 -3.910567283630371
-0.0007733796308898198
0.10323339700698853 -3.658310890197754
-0.00026468123029088717
0.0978596955537796 -3.4308738708496094
-0.0001427782068646057
0.09356015920639038 -3.2497243881225586
-0.0005087280171732579
0.09356015920639038 -3.2497243881225586
-0.0005087280171732579
0.08865627646446228 -3.042797088623047
-0.0009363698328424719
0.08865627646446228 -3.042797088623047
-0.0009363698328424719
0.08342599868774414 -2.8232297897338867
-0.0013433898127619772
0.07763050496578217 -2.5799551010131836
-0.0018317609767017726
0.07285226881504059 -2.3797760009765625
-0.002198113172042127
0.06707347929477692 -2.1386852264404297
-0.0026252213339363483
0.06707347929477692 -2.1386852264404297
-0.0026252213339363483
0.06168349087238312 -1.913620948791504
-0.0030119095733745233
0.056508228182792664 -1.6978578567504883
-0.00339885696901421
0.056508228182792664 -1.6978578567504883
-0.00339885696901421
0.0517372190952301 -1.499227523803711
-0.0037446089466988018
0.0517372190952301 -1.499227523803711
-0.0037446089466988018
0.039666786789894104 -0.9992704391479492
-0.004599343157400838
0.039666786789894104 -0.9992704391479492
-0.004599343157400838
0.03433510661125183 -0.7795343399047852
-0.004925015640018801
0.03433510661125183 -0.7795343399047852
-0.28199460020276573
0.029230758547782898 -0.5684576034545898
-0.005291366318942326
0.029230758547782898 -0.5684576034545898
-0.005291366318942326
0.017360791563987732 -0.08058357238769531
-0.006024068230111309
0.017360791563987732 -0.08058357238769531
-0.006024068230111309
0.011962369084358215 0.14090824127197266
-0.006329150816629908
0.006309241056442261 0.37277793884277344
-0.006675161671357382
0.001236751675605774 0.5810832977294922
-0.006960416678008379
0.001236751675605774 0.5810832977294922
-0.006960416678008379
-0.004133507609367371 0.8002681732177734
-0.00722481417198808
-0.004133507609367371 0.8002681732177734
-0.00722481417198808
-0.014859020709991455 1.2380132675170898
-0.007794551630184565
-0.014859020709991455 1.2380132675170898
-0.007794551630184565
-0.020216405391693115 1.4559259414672852
-0.008038870483451475
-0.020216405391693115 1.4559259414672852
-0.008038870483451475
-0.03273911774158478 1.9652023315429688
-0.00862894677461144
-0.03273911774158478 1.9652023315429688
-0.00862894677461144
-0.03782664239406586 2.172210693359375
-0.008832336375894216
-0.03782664239406586 2.172210693359375
-0.008832336375894216
-0.048180654644966125 2.5937557220458984
-0.048180654644966125 2.5937557220458984
-0.009320970763752361
-0.009320970763752361
-0.05373804271221161 2.8203601837158203
-0.009565036426556695
-0.05373804271221161 2.8203601837158203
-0.009565036426556695
-0.05992017686367035 3.071536064147949
-0.009829445096126304
-0.06465452909469604 3.2640504837036133
-0.01001299570789004
-0.06992825865745544 3.4784584045410156
-0.01021638190458361
-0.06992825865745544 3.4784584045410156
-0.01021638190458361
-0.07534903287887573 3.6985998153686523
-0.010399685369627047
-0.07978074252605438 3.8787641525268555
-0.010542055292467269
-0.07978074252605438 3.8787641525268555
-0.30086440771236656
-0.0852995365858078 4.103231430053711
-0.010745442985681811
-0.07992617785930634 4.314084053039551
-0.011152471135962055
-0.08580993115901947 4.525774955749512
-0.011661193932118044
-0.08580993115901947 4.525774955749512
-0.011661193932118044
-0.09196573495864868 4.755393028259277
-0.012129239057123717
-0.09773196280002594 4.9774370193481445
-0.012516180301824262
-0.10271133482456207 5.172859191894531
-0.01286219277352236
-0.10271133482456207 5.172859191894531
-0.01286219277352236
-0.10792963206768036 5.382349014282227
-0.01322828965771869
-0.11354175209999084 5.612357139587402
-0.013614978930712342
-0.11984330415725708 5.872556686401367
-0.014022261689225306
-0.11984330415725708 5.872556686401367
-0.014022261689225306
-0.12584345042705536 6.124748229980469
-0.014429289836139373
-0.12584345042705536 6.124748229980469
-0.014429289836139373
-0.13097581267356873 6.342374801635742
-0.014775046920056401
-0.13097581267356873 6.342374801635742
-0.014775046920056401
-0.14145633578300476 6.790915489196777
-0.015487409484026791
-0.14145633578300476 6.790915489196777
-0.015487409484026791
-0.14641571044921875 7.004192352294922
-0.01581283099398101
-0.09272517263889313 6.074383735656738
-0.0169118819080422
-0.09847266972064972 6.265480995178223
-0.01786831056454719
-0.09847266972064972 6.265480995178223
-0.01786831056454719
-0.10796216130256653 6.627288818359375
-0.01967972376474597
-0.10796216130256653 6.627288818359375
-0.01967972376474597
-0.11255891621112823 6.819902420043945
-0.02059572792122071
-0.11255891621112823 6.819902420043945
-0.02059572792122071
-0.11701880395412445 7.021991729736328
-0.02161317087254018
-0.12137870490550995 7.232979774475098
-0.022691884645542105
-0.12206758558750153 7.400966644287109
-0.02405508828614785
-0.12206758558750153 7.400966644287109
-0.02405508828614785
-0.12520930171012878 7.634561538696289
-0.025479812156941176
-0.12520930171012878 7.634561538696289
-0.025479812156941176
-0.1283349245786667 7.844045639038086
-0.026822680870427093
-0.1283349245786667 7.844045639038086
-0.026822680870427093
-0.13203375041484833 8.074322700500488
-0.02828808115962796
-0.1351407915353775 8.268163681030273
-0.029570432646202308
-0.13831201195716858 8.46139907836914
-0.030831944739373153
-0.13831201195716858 8.46139907836914
-0.030831944739373153
-0.14438655972480774 8.825828552246094
-0.03333513036493347
-0.14438655972480774 8.825828552246094
-0.03333513036493347
-0.14799533784389496 9.043601036071777
-0.034861548030736086
-0.14799533784389496 9.043601036071777
-0.034861548030736086
-0.15170684456825256 9.26110553741455
-0.03640830490323364
-0.1547202467918396 9.437015533447266
-0.037690157584514904
-0.1547202467918396 9.437015533447266
-0.037690157584514904
-0.15832513570785522 9.642765045166016
-0.03917589682516993
-0.16216088831424713 9.858505249023438
-0.04076333132587627
9.995776176452637 -7.31270170211792
9.876262664794922 -7.185583114624023
Object Detected, id: 2
-0.30125395124705623
Object Detected, id: 2
-0.23532461097361418
9.769706726074219 -7.049366474151611
-0.32450617264018433
9.769706726074219 -7.049366474151611
-0.32450617264018433
9.657846927642822 -6.898423671722412
-0.3522572922108221
9.526069641113281 -6.726742744445801
-0.38660233176332587
9.426183700561523 -6.593662738800049
-0.4142863275447107
9.426183700561523 -6.593662738800049
-0.4142863275447107
9.326050758361816 -6.460048198699951
-0.2442945520683444
9.230239868164062 -6.333653926849365
-0.25314268490611364
9.117413997650146 -6.206822872161865
-0.26669058596232104
9.117413997650146 -6.206822872161865
-0.26669058596232104
8.99708604812622 -6.07167911529541
-0.2850769983768082
8.99708604812622 -6.07167911529541
-0.2850769983768082
8.876548767089844 -5.934386253356934
-0.30670575275716605
8.876548767089844 -5.934386253356934
-0.30670575275716605
8.623908042907715 -5.639804840087891
-0.36044462691341855
8.623908042907715 -5.639804840087891
-0.36044462691341855
8.520050048828125 -5.516888618469238
-0.3851255233309104
8.520050048828125 -5.516888618469238
-0.3851255233309104
8.369600772857666 -5.337297439575195
-0.4227965678651218
8.369600772857666 -5.337297439575195
-0.4227965678651218
8.126189231872559 -5.0430426597595215
-0.29704545311568564
8.126189231872559 -5.0430426597595215
-0.29704545311568564
8.002930164337158 -4.908666610717773
-0.31118208553635496
8.002930164337158 -4.908666610717773
-0.31118208553635496
7.885381698608398 -4.781758785247803
-0.3277116959133167
7.749795436859131 -4.6323652267456055
-0.3502394948853593
7.6343278884887695 -4.503567695617676
-0.3716557853266589
7.6343278884887695 -4.503567695617676
-0.3716557853266589
7.507908821105957 -4.362845420837402
-0.3969899864944437
7.377156734466553 -4.216658592224121
-0.4250151793567871
7.377156734466553 -4.216658592224121
-0.4250151793567871
7.251504898071289 -4.076416015625
-0.4533449608298324
7.121062278747559 -3.9294629096984863
-0.4840651857845979
7.121062278747559 -3.9294629096984863
-0.4840651857845979
6.982108116149902 -3.7704367637634277
-0.3675420376292831
6.835713863372803 -3.617682456970215
-0.3831280566842586
6.835713863372803 -3.617682456970215
-0.3831280566842586
6.690301895141602 -3.465878963470459
-0.4023477441986568
6.529690742492676 -3.297781467437744
-0.42774843602170465
6.529690742492676 -3.297781467437744
-0.42774843602170465
6.38284969329834 -3.1443629264831543
-0.454136346466958
6.38284969329834 -3.1443629264831543
-0.454136346466958
6.243297100067139 -2.9984936714172363
-0.48112688459399633
6.113227844238281 -2.8630447387695312
-0.5076498704498145
6.113227844238281 -2.8630447387695312
-0.5076498704498145
5.958309173583984 -2.7000598907470703
-0.541196736189548
5.819497585296631 -2.5550317764282227
-0.5724836649454514
5.69610071182251 -2.423978805541992
-0.47592441603819396
5.69610071182251 -2.423978805541992
-0.47592441603819396
5.569920539855957 -2.289416790008545
-0.49176588788192477
5.569920539855957 -2.289416790008545
-0.49176588788192477
5.383879661560059 -2.106229305267334
-0.5176476597811236
5.383879661560059 -2.106229305267334
-0.5163312628302075
5.100237846374512 -1.8315868377685547
-0.5644515252741489
5.100237846374512 -1.8315868377685547
-0.5644515252741489
4.9605326652526855 -1.6944241523742676
-0.5907654827026865
4.9605326652526855 -1.6944241523742676
-0.5907654827026865
4.6866679191589355 -1.4262609481811523
-0.6455587555185018
4.6866679191589355 -1.4262609481811523
-0.6455587555185018
4.533505439758301 -1.2766690254211426
-0.6779836333106146
4.533505439758301 -1.2766690254211426
-0.6779836333106146
4.4013872146606445 -1.1475753784179688
-0.6075477544622424
4.4013872146606445 -1.1475753784179688
-0.6075477544622424
4.07394552230835 -0.8469014167785645
-0.6517476799563122
4.07394552230835 -0.8469014167785645
-0.6517476799563122
3.9412841796875 -0.7259869575500488
-0.6725191978876942
3.9412841796875 -0.7259869575500488
-0.6725191978876942
3.7724123001098633 -0.5707082748413086
-0.7009357812303603
3.7724123001098633 -0.5707082748413086
-0.7009357812303603
3.618006706237793 -0.43047237396240234
-0.7285800311061612
3.4640345573425293 -0.29086923599243164
-0.7573638524147667
3.318943500518799 -0.15938234329223633
-0.7856481078004376
3.318943500518799 -0.15938234329223633
-0.7856481078004376
3.17282772064209 -0.02539968490600586
-0.8153124120240371
3.17282772064209 -0.02539968490600586
-0.8153124120240371
2.9884538650512695 0.1420907974243164
-0.7690629308622625
2.8593978881835938 0.25788259506225586
-0.7869716531162183
2.721921443939209 0.37623071670532227
-0.80692336695
2.721921443939209 0.37623071670532227
-0.80692336695
2.563467502593994 0.5126676559448242
-0.8315464671040141
2.41862154006958 0.6372461318969727
-0.8555572249667094
2.2762646675109863 0.7580490112304688
-0.8796988977270181
2.2762646675109863 0.7580490112304688
-0.8796988977270181
2.116607666015625 0.8935565948486328
-0.9078841878807971
1.9610438346862793 1.0252971649169922
-0.9363407095527279
1.8049864768981934 1.1575021743774414
-0.9658348031837836
1.8049864768981934 1.1575021743774414
-0.9658348031837836
1.643524169921875 1.2942743301391602
-0.9324816551501286
1.643524169921875 1.2942743301391602
-0.9324816551501286
1.3208823204040527 1.5574216842651367
-0.9777543119622221
1.3208823204040527 1.5574216842651367
-0.9777543119622221
1.1559853553771973 1.6900734901428223
-1.0030420515473302
1.1559853553771973 1.6900734901428223
-1.0030420515473302
1.1559853553771973 1.6900734901428223
-1.0041902753025345
0.9386334419250488 1.8645553588867188
-1.037766741969074
0.764157772064209 2.005612850189209
-1.0673000037546956
0.5763111114501953 2.1578783988952637
-1.1005373818729538
0.5763111114501953 2.1578783988952637
-1.1005373818729538
0.39486169815063477 2.302475929260254
-1.1334001416407866
0.18488740921020508 2.467442512512207
-1.1193536901788514
0.18488740921020508 2.467442512512207
-1.1193536901788514
0.18488740921020508 2.467442512512207
-1.1193536901788514
-0.005274295806884766 2.613743782043457
-1.146149948657562
-0.17002439498901367 2.7391138076782227
-1.170713472467334
-0.3368668556213379 2.8650999069213867
-1.1967449795169383
-0.3368668556213379 2.8650999069213867
-1.1967449795169383
-0.5201458930969238 3.0037193298339844
-1.2264025267307983
-0.5201458930969238 3.0037193298339844
-1.2264025267307983
-0.6915512084960938 3.134620189666748
-1.2557476372034808
-0.6915512084960938 3.134620189666748
-1.2557476372034808
-1.0963292121887207 3.4327454566955566
-1.3290176908582472
-1.0963292121887207 3.4327454566955566
-1.3290176908582472
-1.2665905952453613 3.557526111602783
-1.3183348553736054
-1.2665905952453613 3.557526111602783
-1.3183348553736054
-1.4384417533874512 3.6815037727355957
-1.3441506193366473
-1.4384417533874512 3.6815037727355957
-1.3441506193366473
-1.7680411338806152 3.915736675262451
-1.3974224157538426
-1.7680411338806152 3.915736675262451
-1.3974224157538426
-1.9281797409057617 4.029063701629639
-1.4252397599103708
-1.9281797409057617 4.029063701629639
-1.4252397599103708
-2.122572422027588 4.165719509124756
-1.4598423294772174
-2.2809929847717285 4.276005744934082
-1.488648347505482
-2.4506616592407227 4.392746448516846
-1.5202776283358799
-2.4506616592407227 4.392746448516846
-1.5202776283358799
-2.671092987060547 4.5455451011657715
-1.5626908155328716
-2.671092987060547 4.5455451011657715
-1.5626908155328716
-2.879584789276123 4.691530227661133
-1.5625620906466948
-2.879584789276123 4.691530227661133
-1.5625620906466948
-3.052490234375 4.809236526489258
-1.5915432970495695
-3.2103323936462402 4.91618537902832
-1.6189509223006993
-3.2103323936462402 4.91618537902832
-1.6189509223006993
-3.4400033950805664 5.0701518058776855
-1.659566189740594
-3.5978879928588867 5.174741268157959
-1.6881899129793747
-3.5978879928588867 5.174741268157959
-1.6881899129793747
-3.779094696044922 5.297270774841309
-1.7220588800711014
-3.779094696044922 5.297270774841309
-1.7220588800711014
-3.966279983520508 5.4246721267700195
-1.757817373504476
-4.133888244628906 5.5375237464904785
-1.7901895992424621
-4.133888244628906 5.5375237464904785
-1.7901895992424621
-4.3332200050354 5.671401023864746
-1.7953614316005955
-4.5357232093811035 5.807238578796387
-1.8302337519697638
-4.5357232093811035 5.807238578796387
-1.8302337519697638
-4.72512149810791 5.9332685470581055
-1.863749810827578
-4.9098734855651855 6.0553717613220215
-1.897284215115616
-4.9098734855651855 6.0553717613220215
-1.897284215115616
-5.093885898590088 6.177455425262451
-1.931306674693911
-5.093885898590088 6.177455425262451
-1.931306674693911
-5.268059730529785 6.292854309082031
-1.9642077540132332
-5.472691535949707 6.4278106689453125
-2.0034785158108814
-5.7110114097595215 6.585896968841553
-2.050389459312939
-5.7110114097595215 6.585896968841553
-2.050389459312939
-5.9084367752075195 6.717138767242432
-2.0613408736944203
-5.9084367752075195 6.717138767242432
-2.0613408736944203
-6.122672080993652 6.857720851898193
-2.099155955086653
-6.122672080993652 6.857720851898193
-2.099155955086653
-6.324685096740723 6.990782737731934
-2.1350470032984865
-6.508139610290527 7.111860275268555
-2.167562160703172
-6.713816165924072 7.2480878829956055
-2.2039950711311747
-6.713816165924072 7.2480878829956055
-2.2039950711311747
-6.904994964599609 7.374155044555664
-2.2378290996445767
-7.094335556030273 7.497690200805664
-2.2714735651164464
-7.094335556030273 7.497690200805664
-2.2714735651164464
-7.094335556030273 7.497690200805664
-2.2714735651164464
-7.332460880279541 7.653782367706299
-2.314539681151615
-7.535035133361816 7.78538179397583
-7.7339043617248535 7.914217948913574
-7.7339043617248535 7.914217948913574
-7.912149429321289 8.055342197418213
-7.912149429321289 8.055342197418213
-8.086496829986572 8.210847854614258
-8.086496829986572 8.210847854614258
-8.411795616149902 8.531299114227295
-8.411795616149902 8.531299114227295
-8.594408988952637 8.710091590881348
-8.594408988952637 8.710091590881348
-8.764374732971191 8.869988918304443
-8.764374732971191 8.869988918304443
-8.940986633300781 9.032480239868164
-9.105871200561523 9.18143367767334
-9.105871200561523 9.18143367767334
-9.278998374938965 9.335506916046143
-9.44267463684082 9.48369312286377
-9.44267463684082 9.48369312286377
-9.631910800933838 9.647930145263672
-9.80769681930542 9.798573970794678
-9.80769681930542 9.798573970794678
-9.997657775878906 9.959507465362549
0.059356892481446266 9.866212844848633
Object Detected, id: 5
-0.02083342274010865
0.059356892481446266 9.866212844848633
Object Detected, id: 5
-0.02083342274010865
0.05863633193075657 9.595272064208984
-0.01901251920630411
0.05863633193075657 9.595272064208984
-0.01901251920630411
0.057895004749298096 9.307975769042969
-0.017150954325168114
0.057895004749298096 9.307975769042969
-0.017150954325168114
0.05717787891626358 9.007872581481934
-0.015258843315875771
0.05717787891626358 9.007872581481934
-0.015258843315875771
0.05649009346961975 8.7216157913208
-0.013519348343403619
0.05649009346961975 8.7216157913208
-0.013519348343403619
0.05579802207648754 8.436806678771973
-0.011820514654815036
0.05579802207648754 8.436806678771973
-0.011820514654815036
0.05491708405315876 8.10037899017334
-0.009918259840634068
0.05491708405315876 8.10037899017334
-0.009918259840634068
0.05418048147112131 7.8309326171875
-0.008443221126658695
0.05418048147112131 7.8309326171875
-0.008443221126658695
0.05418048147112131 7.8309326171875
-0.008443221126658695
0.052938079461455345 7.421160697937012
-0.006286654014460055
0.052938079461455345 7.421160697937012
-0.006286654014460055
0.051935022696852684 7.1457929611206055
-0.004913372200205485
0.05092219542711973 6.86074161529541
-0.003540053678168164
0.05092219542711973 6.86074161529541
-0.003540053678168164
0.04985975753515959 6.556807518005371
-0.002156575520833333
0.04985975753515959 6.556807518005371
-0.002156575520833333
0.048788673244416714 6.254114151000977
-0.000823974609375
0.04762275563552976 5.941086769104004
-0.00048828125
0.04762275563552976 5.941086769104004
-0.00048828125
0.04636262496933341 5.633277893066406
-0.001708984375
0.04636262496933341 5.633277893066406
-0.001708984375
0.04492411343380809 5.328000068664551
-0.002878842842396416
0.04492411343380809 5.328000068664551
-0.002878842842396416
0.04334516596281901 5.03144645690918
-0.003957125705413006
0.04334516596281901 5.03144645690918
-0.003957125705413006
0.04160849656909704 4.736693382263184
-0.004984548140534472
0.04160849656909704 4.736693382263184
-0.004984548140534472
0.03990252153016627 4.470170974731445
-0.005869556341048948
0.03990252153016627 4.470170974731445
-0.005869556341048948
0.037953652907162905 4.185715675354004
-0.006754587931735851
0.037953652907162905 4.185715675354004
-0.006754587931735851
0.035985267255455256 3.9113845825195312
-0.007537869253035635
0.035985267255455256 3.9113845825195312
-0.007537869253035635
0.033768956549465656 3.6114025115966797
-0.008300806182624422
0.033768956549465656 3.6114025115966797
-0.008300806182624422
0.03153159003704786 3.316923141479492
-0.008982363535591202
0.03153159003704786 3.316923141479492
-0.008982363535591202
0.029141749255359173 3.012960433959961
-0.009592740600506262
0.026785729452967644 2.7192087173461914
-0.01011153693799508
0.026785729452967644 2.7192087173461914
-0.01011153693799508
0.026785729452967644 2.7192087173461914
-0.01011153693799508
0.023923076689243317 2.371426582336426
-0.010599791660400683
0.023923076689243317 2.371426582336426
-0.010599791660400683
0.02075914852321148 1.9904499053955078
-0.011027060458206827
0.02075914852321148 1.9904499053955078
-0.011027060458206827
0.01836715266108513 1.7034711837768555
-0.011271200168501767
0.015956789255142212 1.4158029556274414
-0.01144413248690683
0.015956789255142212 1.4158029556274414
-0.01144413248690683
0.013483555987477303 1.1195287704467773
-0.011556029879360951
0.013483555987477303 1.1195287704467773
-0.011556029879360951
0.011185679584741592 0.8491792678833008
-0.01159671984213854
0.011185679584741592 0.8491792678833008
-0.01159671984213854
0.008585644885897636 0.5360450744628906
-0.011576374860625504
0.008585644885897636 0.5360450744628906
-0.011576374860625504
0.0060653239488601685 0.23316478729248047
-0.01149499493707141
0.0060653239488601685 0.23316478729248047
-0.01149499493707141
0.003469141200184822 -0.07910346984863281
-0.011342407591421869
0.003469141200184822 -0.07910346984863281
-0.011342407591421869
0.0008512847125530243 -0.3969745635986328
-0.01111861284486003
0.0008512847125530243 -0.3969745635986328
-0.01111861284486003
-0.0016897544264793396 -0.7091817855834961
-0.010833783216794134
-0.0016897544264793396 -0.7091817855834961
-0.010833783216794134
-0.004322942346334457 -1.0350475311279297
-0.010477746265897349
-0.006790123879909515 -1.3321208953857422
-0.01008099383709123
-0.006790123879909515 -1.3321208953857422
-0.01008099383709123
-0.006790123879909515 -1.3321208953857422
-0.01008099383709123
-0.009374424815177917 -1.6605005264282227
-0.009602886135271101
-0.009374424815177917 -1.6605005264282227
-0.009602886135271101
-0.011779911816120148 -1.9727106094360352
-0.009094261038550478
-0.011779911816120148 -1.9727106094360352
-0.009094261038550478
-0.01410055160522461 -2.268207550048828
-0.008565321293142608
-0.016510620713233948 -2.5834197998046875
-0.007934596395857235
-0.016510620713233948 -2.5834197998046875
-0.007934596395857235
-0.018731340765953064 -2.8894691467285156
-0.007303902033588838
-0.020914558321237564 -3.1960315704345703
-0.006632518183160876
-0.020914558321237564 -3.1960315704345703
-0.006632518183160876
-0.020914558321237564 -3.1960315704345703
-0.006632518183160876
-0.020914558321237564 -3.1960315704345703
-0.006632518183160876
-0.023475684225559235 -3.583036422729492
-0.005727141195666165
-0.025261156260967255 -3.8661537170410156
-0.0050252381606517744
-0.02701466903090477 -4.144296646118164
-0.0043131630375533355
-0.02701466903090477 -4.144296646118164
-0.0043131630375533355
-0.028608769178390503 -4.422303199768066
-0.0035705711313734328
-0.028608769178390503 -4.422303199768066
-0.0035705711313734328
-0.030172742903232574 -4.71036434173584
-0.002777099609375
-0.030172742903232574 -4.71036434173584
-0.002777099609375
-0.031560033559799194 -4.982917785644531
-0.0020243326822916665
-0.031560033559799194 -4.982917785644531
-0.0020243326822916665
-0.032856155186891556 -5.252987861633301
-0.0012715657552083333
-0.032856155186891556 -5.252987861633301
-0.0012715657552083333
-0.03415480628609657 -5.545145034790039
-0.00048828125
-0.03415480628609657 -5.545145034790039
-0.00048828125
-0.035269156098365784 -5.8189191818237305
-0.000244140625
-0.035269156098365784 -5.8189191818237305
-0.000244140625
-0.03630727156996727 -6.088462829589844
-0.0009562715555668962
-0.03630727156996727 -6.088462829589844
-0.0009562715555668962
-0.037397850304841995 -6.376928329467773
-0.001709014650106958
-0.038433656096458435 -6.656233787536621
-0.0024312550053004257
-0.038433656096458435 -6.656233787536621
-0.0024312550053004257
-0.032592177391052246 -5.821402549743652
-0.003051825628586774
-0.032592177391052246 -5.821402549743652
-0.003051825628586774
-0.03373483195900917 -6.075776100158691
-0.00351970871056811
-0.03373483195900917 -6.075776100158691
-0.00351970871056811
-0.03469778969883919 -6.341761589050293
-0.00405885063813135
-0.03469778969883919 -6.341761589050293
-0.00405885063813135
-0.03567255288362503 -6.6748046875
-0.004750613226680595
-0.03567255288362503 -6.6748046875
-0.004750613226680595
-0.03621820732951164 -6.939024925231934
-0.00527958021596518
-0.03621820732951164 -6.939024925231934
-0.00527958021596518
-0.036769602447748184 -7.194604873657227
-0.0057678581474394615
-0.036769602447748184 -7.194604873657227
-0.0057678581474394615
-0.03568245470523834 -7.388721466064453
-0.006205274237871432
-0.03568245470523834 -7.388721466064453
-0.006205274237871432
-0.03621067851781845 -7.70799446105957
-0.006693553054877295
-0.03658048436045647 -7.974517822265625
-0.007080143895337024
-0.03658048436045647 -7.974517822265625
-0.007080143895337024
-0.03658048436045647 -7.974517822265625
-0.007080143895337024
-0.03710110858082771 -8.300612449645996
-0.0075175242752582834
-0.03746742010116577 -8.576251029968262
-0.007853249399755229
-0.03746742010116577 -8.576251029968262
-0.007853249399755229
-0.03793021850287914 -8.876585960388184
-0.00819908123154458
-0.03835437633097172 -9.160229682922363
-0.008494083610088556
-0.03835437633097172 -9.160229682922363
-0.008494083610088556
-0.03875860571861267 -9.41446590423584
-0.008748425624005341
-0.03875860571861267 -9.41446590423584
-0.008748425624005341
-0.03914622962474823 -9.670600891113281
-0.008972191035672823
-0.03914622962474823 -9.670600891113281
-0.008972191035672823
-0.03955092281103134 -9.939970970153809
-0.009206186649190578
-0.03955092281103134 -9.939970970153809
-0.009206186649190578
Lap 3
Loop 2
0.1917802095413208 -9.520086288452148
Object Detected, id: 22
0.1917802095413208 -9.520086288452148
Object Detected, id: 22
0.2018001824617386 -9.291031837463379
0.2018001824617386 -9.291031837463379
0.2197551429271698 -9.077715873718262
0.2197551429271698 -9.077715873718262
0.29763057827949524 -8.562286376953125
0.29763057827949524 -8.562286376953125
0.3519384628161788 -8.311169624328613
0.3519384628161788 -8.311169624328613
0.4002840593457222 -8.114291191101074
0.45613333582878113 -7.9094696044921875
0.5237884521484375 -7.669315338134766
0.5237884521484375 -7.669315338134766
0.5753992199897766 -7.4895429611206055
0.626846969127655 -7.308806419372559
0.626846969127655 -7.308806419372559
0.6848019659519196 -7.109627723693848
0.7543250322341919 -6.8762664794921875
0.7543250322341919 -6.8762664794921875
0.8170872330665588 -6.672468185424805
0.8837587535381317 -6.455804824829102
0.8837587535381317 -6.455804824829102
0.947369396686554 -6.2512617111206055
1.017950177192688 -6.032950401306152
1.017950177192688 -6.032950401306152
1.1063892245292664 -5.75446891784668
1.169893503189087 -5.554798126220703
1.2317179441452026 -5.368438720703125
1.2317179441452026 -5.368438720703125
1.3020626902580261 -5.158670425415039
1.364123821258545 -4.968430519104004
1.364123821258545 -4.968430519104004
1.4392229318618774 -4.748665809631348
1.5138288140296936 -4.530159950256348
1.5138288140296936 -4.530159950256348
1.5980443954467773 -4.285138130187988
1.662651538848877 -4.087709426879883
1.662651538848877 -4.087709426879883
1.733503818511963 -3.8844146728515625
1.8005768060684204 -3.6917343139648438
1.8703333139419556 -3.4838132858276367
1.8703333139419556 -3.4838132858276367
1.9461421966552734 -3.266857147216797
2.021854519844055 -3.048583984375
2.1004897356033325 -2.8202457427978516
2.1004897356033325 -2.8202457427978516
2.165208101272583 -2.6205339431762695
2.165208101272583 -2.6205339431762695
2.3207229375839233 -2.155938148498535
2.3207229375839233 -2.155938148498535
2.3997989892959595 -1.9144620895385742
2.3997989892959595 -1.9144620895385742
2.4630733728408813 -1.7058916091918945
2.4630733728408813 -1.7058916091918945
2.6071938276290894 -1.2389583587646484
2.6071938276290894 -1.2389583587646484
-0.9813690662552897
-0.9813690662552897
2.665616750717163 -1.0191230773925781
-1.0370498156901722
2.665616750717163 -1.0191230773925781
-1.0370498156901722
2.7159230709075928 -0.7862691879272461
-1.0965969609409765
2.7558035850524902 -0.5517358779907227
-1.1571211220035365
2.783106207847595 -0.3488302230834961
-1.2099117494494989
2.783106207847595 -0.3488302230834961
-1.2099117494494989
2.8130359649658203 -0.13933753967285156
-1.2648188734723675
2.843302845954895 0.0771026611328125
-1.3212928454340334
2.8729870319366455 0.2928476333618164
-1.3781056960828855
2.8729870319366455 0.2928476333618164
-1.3781056960828855
2.9044910669326782 0.510035514831543
-1.4358424270997432
2.9044910669326782 0.510035514831543
-1.4358424270997432
2.9330532550811768 0.7155380249023438
-1.490139380795544
2.9596526622772217 0.9119329452514648
-1.5423404283461706
2.9885218143463135 1.1439285278320312
-1.6030888160749994
2.9885218143463135 1.1439285278320312
-1.6030888160749994
3.0120718479156494 1.3285417556762695
-1.6507311984665813
3.0425169467926025 1.5856075286865234
-1.7160588413904814
3.0425169467926025 1.5856075286865234
-1.7160588413904814
3.0678751468658447 1.8178415298461914
-1.7748331048570487
3.086926579475403 2.021076202392578
-1.825792729077726
3.107933759689331 2.241252899169922
-1.8805173009852978
3.107933759689331 2.241252899169922
-1.8805173009852978
3.1295634508132935 2.486971855163574
-1.9408179828526635
3.144909381866455 2.6977462768554688
-1.9917776070748634
3.144909381866455 2.6977462768554688
-1.9917776070748634
3.160853385925293 2.8997879028320312
-2.0400914226617957
3.1773215532302856 3.126392364501953
-2.0933915216074723
3.1773215532302856 3.126392364501953
-2.0933915216074723
3.1918128728866577 3.3381261825561523
-2.1424380381191312
3.2037540674209595 3.5496578216552734
-2.1905891429202473
3.220192074775696 3.8243894577026367
-2.25192785963432
3.220192074775696 3.8243894577026367
-2.25192785963432
3.234966993331909 4.090261459350586
-2.31015272299699
3.234966993331909 4.090261459350586
-2.31015272299699
3.2544784545898438 4.516334533691406
3.2544784545898438 4.516334533691406
3.278453826904297 4.7291669845581055
3.278453826904297 4.7291669845581055
3.351230263710022 5.152608871459961
3.351230263710022 5.152608871459961
3.390444278717041 5.356032371520996
3.390444278717041 5.356032371520996
3.470311403274536 5.812051773071289
3.470311403274536 5.812051773071289
3.5022114515304565 6.016242027282715
3.5022114515304565 6.016242027282715
3.565522074699402 6.435766220092773
3.565522074699402 6.435766220092773
3.601527690887451 6.687822341918945
3.601527690887451 6.687822341918945
3.630056619644165 6.907205581665039
3.6630005836486816 7.153111457824707
3.6932435035705566 7.383453369140625
3.6932435035705566 7.383453369140625
3.7446038722991943 7.804792404174805
3.7446038722991943 7.804792404174805
3.7716991901397705 8.03790283203125
3.7716991901397705 8.03790283203125
3.8046796321868896 8.324557304382324
3.8046796321868896 8.324557304382324
3.8582639694213867 8.768308639526367
3.8582639694213867 8.768308639526367
3.8836305141448975 9.0001802444458
3.8836305141448975 9.0001802444458
3.935054302215576 9.45010757446289
3.935054302215576 9.45010757446289
3.9607425928115845 9.680078506469727
3.9607425928115845 9.680078506469727
9.896199226379395 0.308120459318161
Object Detected, id: 6
-0.4213353156756015
9.896199226379395 0.308120459318161
Object Detected, id: 6
-0.4213353156756015
9.622541427612305 0.32661816477775574
-0.1700632875907861
9.622541427612305 0.32661816477775574
-0.1700632875907861
9.622541427612305 0.32661816477775574
-0.1700632875907861
9.305068969726562 0.3227044343948364
-0.17870400049935845
9.305068969726562 0.3227044343948364
-0.3047313230739493
9.043102264404297 0.3191799521446228
-0.19005639203157398
8.778244018554688 0.32497555017471313
-0.2050195559876075
8.52352237701416 0.3226538747549057
-0.22196251541665352
8.52352237701416 0.3226538747549057
-0.22196251541665352
8.52352237701416 0.3226538747549057
-0.22196251541665352
8.186881065368652 0.32108333706855774
-0.2468975637616313
8.186881065368652 0.32108333706855774
-0.2468975637616313
8.186881065368652 0.32108333706855774
-0.2468975637616313
7.849398612976074 0.32153624296188354
7.849398612976074 0.32153624296188354
-0.2742558087470115
-0.20171270437593047
7.34645938873291 0.3191586434841156
-0.3183519255917865
7.34645938873291 0.3191586434841156
-0.3183519255917865
7.063828468322754 0.324725940823555
-0.3445309680544467
7.063828468322754 0.324725940823555
-0.3445309680544467
6.800054550170898 0.3307333290576935
-0.3701057583294839
6.800054550170898 0.3307333290576935
-0.3701057583294839
6.5285186767578125 0.33814145624637604
-0.3975532631748503
6.5285186767578125 0.33814145624637604
-0.3975532631748503
6.274981498718262 0.34649480879306793
-0.42430255390748906
6.274981498718262 0.34649480879306793
-0.42430255390748906
6.026768684387207 0.35610873997211456
-0.43112332764956174
6.026768684387207 0.35610873997211456
-0.43112332764956174
5.723676681518555 0.3679727166891098
-0.436556802262049
5.723676681518555 0.3679727166891098
-0.436556802262049
5.481380462646484 0.3775313198566437
-0.4409422414225697
5.481380462646484 0.3775313198566437
-0.4409422414225697
5.19880485534668 0.3889210671186447
-0.4462217288949018
5.19880485534668 0.3889210671186447
-0.26190137817430986
4.945611000061035 0.399341344833374
-0.45106748306256744
4.662578582763672 0.4113832861185074
-0.45666667692417634
4.662578582763672 0.4113832861185074
-0.45666667692417634
4.39967155456543 0.42289866507053375
-0.4620538423437373
4.39967155456543 0.42289866507053375
-0.4620538423437373
4.118577003479004 0.4355516880750656
-0.4679986145850868
4.118577003479004 0.4355516880750656
-0.4679986145850868
3.8146324157714844 0.44961175322532654
-0.4746615259536704
3.8146324157714844 0.44961175322532654
-0.4746615259536704
3.5535430908203125 0.4619181752204895
-0.480510276543678
3.5535430908203125 0.4619181752204895
-0.480510276543678
3.258530616760254 0.4761335551738739
-0.48733926912409653
3.258530616760254 0.4761335551738739
-0.48733926912409653
2.9952287673950195 0.48904532194137573
-0.49362365994840796
2.9952287673950195 0.48904532194137573
-0.3348725322420692
2.7114362716674805 0.5036559700965881
-0.5005948291864858
2.449648857116699 0.5072946548461914
-0.50699033857856
2.449648857116699 0.5072946548461914
-0.50699033857856
2.449648857116699 0.5072946548461914
-0.50699033857856
2.1322107315063477 0.525484561920166
-0.5150912376763799
1.8391237258911133 0.5415906608104706
-0.5229084922333973
1.8391237258911133 0.5415906608104706
-0.5229084922333973
1.5528059005737305 0.5567512512207031
-0.5307608909253438
1.5528059005737305 0.5567512512207031
-0.5307608909253438
1.255167007446289 0.5724866986274719
-0.5391550096046902
0.9793710708618164 0.5870413780212402
-0.5471553121935131
0.9793710708618164 0.5870413780212402
-0.5471553121935131
0.6900882720947266 0.6022568345069885
-0.5558026499818711
0.6900882720947266 0.6022568345069885
-0.5558026499818711
0.4132862091064453 0.6167567670345306
-0.5642253752852674
0.4132862091064453 0.6167567670345306
-0.5642253752852674
0.10886573791503906 0.6327334046363831
-0.573764164072682
0.10886573791503906 0.6327334046363831
-0.573764164072682
-0.1826467514038086 0.64802286028862
-0.5831387655158237
-0.1826467514038086 0.64802286028862
-0.5831387655158237
-0.517120361328125 0.6655186414718628
-0.5941262308016082
-0.517120361328125 0.6655186414718628
-0.5941262308016082
-0.8203058242797852 0.6813289821147919
-0.6043390478246262
-0.8203058242797852 0.6813289821147919
-0.6043390478246262
-1.1159448623657227 0.696706622838974
-0.6144977502582741
-1.1159448623657227 0.696706622838974
-0.6144977502582741
-1.4052200317382812 0.7117163240909576
-0.6246520401670101
-1.4052200317382812 0.7117163240909576
-0.6246520401670101
-1.735823631286621 0.7288321852684021
-0.6365147916004983
-1.735823631286621 0.7288321852684021
-0.6365147916004983
-2.0401811599731445 0.7445227205753326
-2.3194265365600586 0.7590533494949341
-0.6582424486627972
-0.5370380762730819
-2.3194265365600586 0.7590533494949341
-0.6582424486627972
-2.6409473419189453 0.7756307423114777
-0.6707525815054667
-2.6409473419189453 0.7756307423114777
-0.6707525815054667
-2.9427852630615234 0.7911008894443512
-0.6826176025627061
-2.9427852630615234 0.7911008894443512
-0.6826176025627061
-3.2208662033081055 0.8054112493991852
-0.6938695406760362
-3.511350631713867 0.820362389087677
-0.706047111413132
-3.511350631713867 0.820362389087677
-0.706047111413132
-3.7910690307617188 0.834768146276474
-0.7181950842304445
-3.7910690307617188 0.834768146276474
-0.7181950842304445
-4.055763244628906 0.8484749794006348
-0.7301840714760691
-4.055763244628906 0.8484749794006348
-0.7301840714760691
-4.370669364929199 0.864749938249588
-0.7448782003591123
-4.370669364929199 0.864749938249588
-0.7448782003591123
-4.370669364929199 0.864749938249588
-0.7448782003591123
-4.727063179016113 0.8831552565097809
-0.761696748605969
-4.727063179016113 0.8831552565097809
-0.761696748605969
-5.038277626037598 0.8992188572883606
-0.7764348952907435
-5.299330711364746 0.9126355946063995
-0.7889989351514157
-5.299330711364746 0.9126355946063995
-0.7889989351514157
-5.596773147583008 0.928743988275528
-0.8035613776148997
-5.596773147583008 0.928743988275528
-0.8035613776148997
-5.859648704528809 0.9430847465991974
-0.816849963922036
-5.859648704528809 0.9430847465991974
-0.816849963922036
-6.10819149017334 0.9558753073215485
-0.8296148026860367
-6.351132392883301 0.9684868454933167
-0.8420953708181071
-6.351132392883301 0.9684868454933167
-0.8420953708181071
-5.870326042175293 1.2243748307228088
-0.8668857152928725
-5.870326042175293 1.2243748307228088
-0.8668857152928725
-6.104694366455078 1.202442705631256
-0.8876511840613828
-6.104694366455078 1.202442705631256
-0.8876511840613828
-6.353031158447266 1.1923058032989502
-0.9075622494172426
-6.570215225219727 1.1941693425178528
-0.9242773010253753
-6.570215225219727 1.1941693425178528
-0.9242773010253753
-6.570215225219727 1.1941693425178528
-0.9242773010253753
-6.755129814147949 1.2572879791259766
-0.9470839609166275
-6.755129814147949 1.2572879791259766
-0.9470839609166275
-7.014248847961426 1.2655329704284668
-0.9684668619835
-7.236594200134277 1.2796378135681152
-0.9870551276353714
-7.474065780639648 1.2983659505844116
-1.007541150930749
-7.474065780639648 1.2983659505844116
-1.007541150930749
-7.711037635803223 1.3212847113609314
-1.0285849191037164
-7.711037635803223 1.3212847113609314
-1.0285849191037164
-7.940947532653809 1.3428184390068054
-1.049250510172096
-7.940947532653809 1.3428184390068054
-1.049250510172096
-8.196709632873535 1.368369221687317
-1.0729156985247665
-8.196709632873535 1.368369221687317
-1.0729156985247665
-8.423714637756348 1.3917967081069946
-1.0939460262732217
-8.423714637756348 1.3917967081069946
-1.0939460262732217
-8.646238327026367 1.415163516998291
-1.1149686707277675
-8.646238327026367 1.415163516998291
-1.1149686707277675
-8.888501167297363 1.440732479095459
-1.1382128048390474
-8.888501167297363 1.440732479095459
-1.1382128048390474
-9.110542297363281 1.4641155004501343
-1.1598150464758055
-9.326619148254395 1.4866417050361633
-1.181034660145019
-9.326619148254395 1.4866417050361633
-1.181034660145019
-9.563277244567871 1.5109604597091675
-1.2043654426060106
-9.780104637145996 1.5324208736419678
-1.2258218290855956
-9.780104637145996 1.5324208736419678
-1.2258218290855956
-9.780104637145996 1.5324208736419678
-1.2258218290855956
0.14802325703203678 9.543858051300049
Object Detected, id: 24
0.14802325703203678 9.543858051300049
Object Detected, id: 24
0.12454292085021734 9.228509426116943
0.12454292085021734 9.228509426116943
0.0957092996686697 8.98667860031128
0.0957092996686697 8.98667860031128
0.05453120544552803 8.734756708145142
0.05453120544552803 8.734756708145142
0.004976123571395874 8.493680238723755
-0.05860009789466858 8.232369899749756
-0.12018676102161407 8.002163410186768
-0.12018676102161407 8.002163410186768
-0.20192331075668335 7.703407526016235
-0.20192331075668335 7.703407526016235
-0.27111929655075073 7.4564738273620605
-0.27111929655075073 7.4564738273620605
-0.3395443558692932 7.21624755859375
-0.3395443558692932 7.21624755859375
-0.408846378326416 6.980318546295166
-0.48157763481140137 6.738779067993164
-0.48157763481140137 6.738779067993164
-0.5690897703170776 6.451803803443909
-0.5690897703170776 6.451803803443909
-0.6444735527038574 6.206581234931946
-0.7318028807640076 5.937668561935425
-0.7318028807640076 5.937668561935425
-0.7318028807640076 5.937668561935425
-0.8300163149833679 5.643503546714783
-0.8300163149833679 5.643503546714783
-0.9394408464431763 5.322632521390915
-0.9394408464431763 5.322632521390915
-1.0415332317352295 5.0313541404902935
-1.1275813579559326 4.789052069187164
-1.206117868423462 4.560996800661087
-1.206117868423462 4.560996800661087
-1.2905107736587524 4.320756316184998
-1.2905107736587524 4.320756316184998
-1.3776251077651978 4.075317203998566
-1.4617358446121216 3.848640203475952
-1.544293761253357 3.6258697509765625
-1.544293761253357 3.6258697509765625
-1.6562761068344116 3.3475117683410645
-1.6562761068344116 3.3475117683410645
-1.7442519664764404 3.1010854244232178
-1.7442519664764404 3.1010854244232178
-1.83338463306427 2.885082244873047
-1.934438705444336 2.660573720932007
-2.0312917232513428 2.441598892211914
-2.0312917232513428 2.441598892211914
-2.1209769248962402 2.2234673500061035
-2.1209769248962402 2.2234673500061035
-2.3185354471206665 1.7673566341400146
-2.3185354471206665 1.7673566341400146
-2.4210816621780396 1.531811237335205
-2.4210816621780396 1.531811237335205
-2.5207170248031616 1.3032476902008057
-2.5207170248031616 1.3032476902008057
-2.605169892311096 1.0569849014282227
-2.605169892311096 1.0569849014282227
-2.697695732116699 0.7587475776672363
-2.779532551765442 0.5100593566894531
-2.856599807739258 0.26961231231689453
-2.856599807739258 0.26961231231689453
-2.922858238220215 0.048422813415527344
-2.922858238220215 0.048422813415527344
-2.986898899078369 -0.169036865234375
-3.050739288330078 -0.38218116760253906
-3.1170549392700195 -0.6108107566833496
-3.1170549392700195 -0.6108107566833496
-3.177412271499634 -0.8356790542602539
-3.2288241386413574 -1.035834789276123
-3.2288241386413574 -1.035834789276123
-3.2805163860321045 -1.2465238571166992
-3.2805163860321045 -1.2465238571166992
-3.3339264392852783 -1.469080924987793
-3.3783791065216064 -1.6680817604064941
-3.3783791065216064 -1.6680817604064941
-3.432854413986206 -1.9407720565795898
-3.466278553009033 -2.124357223510742
-3.466278553009033 -2.124357223510742
-3.4984498023986816 -2.3218274116516113
-3.4984498023986816 -2.3218274116516113
-3.5283753871917725 -2.524172306060791
-3.555006504058838 -2.718146324157715
-3.555006504058838 -2.718146324157715
-3.5808953046798706 -2.936929702758789
-2.1804788912327404
-3.606760025024414 -3.135538101196289
-2.244474493132063
-3.606760025024414 -3.135538101196289
-2.244474493132063
-3.629891037940979 -3.3209714889526367
-2.3026106967399356
-3.629891037940979 -3.3209714889526367
-2.3026106967399356
-3.6745502948760986 -3.7336912155151367
-3.6745502948760986 -3.7336912155151367
-3.7061387300491333 -3.9012603759765625
-3.7061387300491333 -3.9012603759765625
-3.7668468952178955 -4.100019454956055
-3.7668468952178955 -4.100019454956055
-3.8803532123565674 -4.47548770904541
-3.8803532123565674 -4.47548770904541
-3.9371920824050903 -4.6901397705078125
-3.9371920824050903 -4.6901397705078125
-3.9848592281341553 -4.8900251388549805
-3.9848592281341553 -4.8900251388549805
-4.026824355125427 -5.076166152954102
-4.026824355125427 -5.076166152954102
-4.118779897689819 -5.522127151489258
-4.118779897689819 -5.522127151489258
-4.156579852104187 -5.732956886291504
-4.156579852104187 -5.732956886291504
-4.193689703941345 -5.95200252532959
-4.230803489685059 -6.182909965515137
-4.268336772918701 -6.41291618347168
-4.268336772918701 -6.41291618347168
-4.3018985986709595 -6.642542839050293
-4.3018985986709595 -6.642542839050293
-4.333798050880432 -6.871593475341797
-4.362573981285095 -7.07441520690918
-4.393822908401489 -7.306465148925781
-4.393822908401489 -7.306465148925781
-4.419865965843201 -7.523387908935547
-4.419865965843201 -7.523387908935547
-4.4478830099105835 -7.768074035644531
-4.471597194671631 -7.970314979553223
-4.471597194671631 -7.970314979553223
-4.4951618909835815 -8.202254295349121
-4.515723824501038 -8.401180267333984
-4.515723824501038 -8.401180267333984
-4.533640742301941 -8.604637145996094
-4.549774646759033 -8.802870750427246
-4.549774646759033 -8.802870750427246
-4.564519882202148 -9.001078605651855
-4.579726696014404 -9.208939552307129
-4.58991014957428 -9.387210845947266
-4.58991014957428 -9.387210845947266
-4.59935450553894 -9.577372550964355
-4.59935450553894 -9.577372550964355
-4.606876373291016 -9.759270668029785
-4.614020228385925 -9.943153381347656
-9.808881759643555 -0.274330273270607
Object Detected, id: 14
-0.01479551249781053
-9.808881759643555 -0.274330273270607
-0.01479551249781053
-9.569928169250488 -0.2691665291786194
Object Detected, id: 14
-0.01353381500315852
-9.318853378295898 -0.2637024521827698
-0.012190570594347215
-9.318853378295898 -0.2637024521827698
-0.012190570594347215
-9.06118392944336 -0.25786516070365906
-0.01084732642487204
-9.06118392944336 -0.25786516070365906
-0.01084732642487204
-8.83205795288086 -0.25256888568401337
-8.600484848022461 -0.2472032606601715
-0.008466301752245813
-0.3131637888807657
-8.600484848022461 -0.2472032606601715
-0.008466301752245813
-8.318617820739746 -0.24047385156154633
-0.007021300095763409
-8.075296401977539 -0.2346988469362259
-0.005779812867050012
-8.075296401977539 -0.2346988469362259
-0.005779812867050012
-7.7830352783203125 -0.22750984132289886
-0.004355278847303073
-7.7830352783203125 -0.22750984132289886
-0.004355278847303073
-7.527683258056641 -0.22113288938999176
-0.0031137911540405887
-7.527683258056641 -0.22113288938999176
-0.0031137911540405887
-7.059115409851074 -0.20931173861026764
-0.0008955434590803019
-7.059115409851074 -0.20931173861026764
-0.0008955434590803019
-7.059115409851074 -0.20931173861026764
-0.0008955434590803019
-6.759066581726074 -0.20155620574951172
-0.0004273142079144423
-6.759066581726074 -0.20155620574951172
-0.0004273142079144423
-6.512631416320801 -0.19519110023975372
-0.0015060170575278272
-6.512631416320801 -0.19519110023975372
-0.0015060170575278272
-6.183724403381348 -0.186649352312088
-0.0028491972486612525
-6.183724403381348 -0.186649352312088
-0.0028491972486612525
-5.887977600097656 -0.17902939021587372
-0.004070281783801789
-5.887977600097656 -0.17902939021587372
-0.004070281783801789
-5.598828315734863 -0.17157429456710815
-0.005169207418807092
-5.598828315734863 -0.17157429456710815
-0.005169207418807092
-5.2685441970825195 -0.16305574774742126
-0.006390355132483435
-5.2685441970825195 -0.16305574774742126
-0.006390355132483435
-4.951663017272949 -0.15482361614704132
-4.951663017272949 -0.15482361614704132
-0.007509682620013791
-0.007509682620013791
-4.6392717361450195 -0.14678360521793365
-0.008547720375169546
-4.366704940795898 -0.13973064720630646
-0.00946346904726426
-4.366704940795898 -0.13973064720630646
-0.00946346904726426
-4.366704940795898 -0.13973064720630646
-0.00946346904726426
-3.8419275283813477 -0.12618356943130493
-0.011050904598006896
-3.8419275283813477 -0.12618356943130493
-0.011050904598006896
-3.5815773010253906 -0.11949348449707031
-0.011803945385021563
-3.5815773010253906 -0.11949348449707031
-0.011803945385021563
-3.3320484161376953 -0.11306203901767731
-0.012495841718806359
-3.3320484161376953 -0.11306203901767731
-0.012495841718806359
-2.772623062133789 -0.09859824180603027
-0.013920440305024012
-2.772623062133789 -0.09859824180603027
-0.013920440305024012
-2.772623062133789 -0.09859824180603027
-0.013920440305024012
-2.772623062133789 -0.09859824180603027
-0.013920440305024012
-2.178966522216797 -0.08326728641986847
-0.015406054762264542
-2.178966522216797 -0.08326728641986847
-0.015406054762264542
-1.9257183074951172 -0.07670809328556061
-0.01597591976213902
-1.9257183074951172 -0.07670809328556061
-0.01597591976213902
-1.6705541610717773 -0.07012268900871277
-0.016525446236358578
-1.6705541610717773 -0.07012268900871277
-0.016525446236358578
-1.1642789840698242 -0.057022884488105774
-0.017543016653269915
-1.1642789840698242 -0.057022884488105774
-0.017543016653269915
-0.892364501953125 -0.050028085708618164
-0.01809254322207637
-0.892364501953125 -0.050028085708618164
-0.01809254322207637
-0.6064071655273438 -0.04266612231731415
-0.01862160289286989
-0.6064071655273438 -0.04266612231731415
-0.01862160289286989
-0.322296142578125 -0.03537297248840332
-0.019130452176452782
-0.322296142578125 -0.03537297248840332
-0.019130452176452782
-0.07918548583984375 -0.02911980450153351
-0.019537480340755413
0.16808128356933594 -0.022795796394348145
-0.01996484707918328
0.16808128356933594 -0.022795796394348145
-0.01996484707918328
0.4327507019042969 -0.016009405255317688
-0.020371875247084722
0.4327507019042969 -0.016009405255317688
-0.020371875247084722
0.7140178680419922 -0.008829861879348755
-0.020839919226487
1.0065536499023438 -0.0013518333435058594
-0.02124694740058928
1.0065536499023438 -0.0013518333435058594
-0.02124694740058928
1.3018808364868164 0.006148785352706909
-0.0216947810391413
1.3018808364868164 0.006148785352706909
-0.0216947810391413
1.5537853240966797 0.012567564845085144
-0.022020326519563635
1.7860441207885742 0.01847432553768158
-0.02230519511470475
1.7860441207885742 0.01847432553768158
-0.02230519511470475
2.0334062576293945 0.02471524477005005
-0.02265120738829846
2.0334062576293945 0.02471524477005005
-0.02265120738829846
2.2995758056640625 0.03144186735153198
-0.02295654261174334
2.533212661743164 0.03733731806278229
-0.023221072432680664
2.802816390991211 0.04408574104309082
-0.0235670848583067
2.802816390991211 0.04408574104309082
-0.0235670848583067
3.0706920623779297 0.05079953372478485
-0.02387229190913516
3.0706920623779297 0.05079953372478485
-0.02387229190913516
3.3319530487060547 0.057312965393066406
-0.024197965679647285
3.3319530487060547 0.057312965393066406
-0.024197965679647285
3.589411735534668 0.06372126936912537
-0.024482834170088563
3.81295108795166 0.0692823976278305
-0.024727153688146104
4.072182655334473 0.07568629086017609
-0.025032360603648524
4.072182655334473 0.07568629086017609
-0.025032360603648524
4.317760467529297 0.08175516128540039
-0.025296890518523272
4.317760467529297 0.08175516128540039
-0.025296890518523272
4.5718584060668945 0.08803845942020416
-0.02554121000741627
4.5718584060668945 0.08803845942020416
-0.02554121000741627
4.879084587097168 0.09558823704719543
-0.02588709415805538
4.879084587097168 0.09558823704719543
-0.02588709415805538
5.137667655944824 0.10193268954753876
-0.3665958184824399
5.416374206542969 0.1087508350610733
-0.026456959200172603
5.668600082397461 0.10268056392669678
-0.027026824273426543
5.668600082397461 0.10268056392669678
-0.027026824273426543
5.913073539733887 0.10956241190433502
-0.027657705115019488
5.913073539733887 0.10956241190433502
-0.027657705115019488
6.143322944641113 0.11573377251625061
-0.028227442346938858
6.143322944641113 0.11573377251625061
-0.028227442346938858
6.654136657714844 0.12871374189853668
-0.02932649501450734
6.654136657714844 0.12871374189853668
-0.02932649501450734
6.9051971435546875 0.13485592603683472
-0.029876021456403203
6.9051971435546875 0.13485592603683472
-0.029876021456403203
6.010948181152344 0.10608027875423431
-0.030588256794150594
6.238347053527832 0.11234211921691895
-0.03138197451022867
6.238347053527832 0.11234211921691895
-0.03138197451022867
6.469843864440918 0.1186290830373764
-0.03217569223155195
6.689760208129883 0.1244240552186966
-0.032847250407072204
6.689760208129883 0.1244240552186966
-0.032847250407072204
6.937249183654785 0.1307758241891861
-0.03357995221818301
6.937249183654785 0.1307758241891861
-0.29302577064301694
7.157269477844238 0.1363622397184372
-0.034149689604610074
7.258552551269531 0.1401219666004181
-0.03471968230918428
7.258552551269531 0.1401219666004181
-0.03471968230918428
7.475759506225586 0.14541536569595337
-0.03526908081803955
7.679684638977051 0.1504194140434265
-0.03575759133357649
7.892436981201172 0.15560245513916016
-0.036266440658896504
7.892436981201172 0.15560245513916016
-0.036266440658896504
8.093836784362793 0.16053920984268188
-0.03671401808676228
8.093836784362793 0.16053920984268188
-0.03671401808676228
8.31416130065918 0.1659042090177536
-0.037222995389791694
8.52150821685791 0.1709623634815216
-0.03771124987669
8.747088432312012 0.17643684148788452
-0.03821997138679935
8.747088432312012 0.17643684148788452
-0.03821997138679935
8.949728965759277 0.18137192726135254
-0.03862699956503697
8.949728965759277 0.18137192726135254
-0.03862699956503697
9.153326034545898 0.18628250062465668
-0.039095171206417485
9.368359565734863 0.1914958357810974
-0.03954274942399905
9.57421588897705 0.19646938145160675
-0.039949904848368745
9.57421588897705 0.19646938145160675
-0.039949904848368745
9.767134666442871 0.2011149674654007
-0.04033672232616226
9.767134666442871 0.2011149674654007
-0.04033672232616226
Lap 4
Loop 3
0.3308461904525757 -9.980761051177979
Object Detected, id: 16
-0.3837007459254246
0.3308461904525757 -9.980761051177979
Object Detected, id: 16
-0.360344684837294
0.3833768367767334 -9.717804908752441
-0.17635196767038003
0.41291654109954834 -9.462782859802246
-0.1865944763148446
0.41291654109954834 -9.462782859802246
-0.1865944763148446
0.41291654109954834 -9.462782859802246
-0.1865944763148446
0.4444936513900757 -9.18655252456665
-0.20293790094689562
0.4444936513900757 -9.18655252456665
-0.20293790094689562
0.4444936513900757 -9.18655252456665
-0.20293790094689562
0.47720038890838623 -8.902525901794434
-0.22419222735040503
0.47720038890838623 -8.902525901794434
-0.22419222735040503
0.5149838924407959 -8.580469131469727
-0.25215934393635575
0.5149838924407959 -8.580469131469727
-0.25215934393635575
0.5444918870925903 -8.326565265655518
-0.2762553989042017
0.5444918870925903 -8.326565265655518
-0.2762553989042017
0.5782465934753418 -8.056731224060059
-0.30332730450267553
0.6120219230651855 -7.79349422454834
-0.33087556707540733
0.6120219230651855 -7.79349422454834
-0.33087556707540733
0.6465972661972046 -7.530853271484375
-0.359222399290373
0.6465972661972046 -7.530853271484375
-0.359222399290373
0.6855067014694214 -7.241705417633057
-0.3912094644573901
0.6855067014694214 -7.241705417633057
-0.3912094644573901
0.7221401929855347 -6.9762701988220215
-0.21882903850981686
0.7221401929855347 -6.9762701988220215
-0.21882903850981686
0.7449188232421875 -6.695858955383301
-0.2308242645645513
0.7449188232421875 -6.695858955383301
-0.2308242645645513
0.765654444694519 -6.449483394622803
-0.24520973933855833
0.765654444694519 -6.449483394622803
-0.24520973933855833
0.7909914255142212 -6.153876304626465
-0.2667792632019663
0.7909914255142212 -6.153876304626465
-0.2667792632019663
0.8108766078948975 -5.924175262451172
-0.28663518316099035
0.8108766078948975 -5.924175262451172
-0.28663518316099035
0.8354958295822144 -5.64900016784668
-0.31321926259438226
0.8354958295822144 -5.64900016784668
-0.31321926259438226
0.8608779907226562 -5.375926971435547
-0.341459923217405
0.8608779907226562 -5.375926971435547
-0.341459923217405
0.8888320922851562 -5.085812568664551
-0.37277311773543065
0.8888320922851562 -5.085812568664551
-0.37277311773543065
0.9171392917633057 -4.800651550292969
-0.4048577951481234
0.9171392917633057 -4.800651550292969
-0.4048577951481234
0.948630690574646 -4.490687370300293
-0.44102128767356286
0.948630690574646 -4.490687370300293
-0.44102128767356286
0.9778318405151367 -4.210314750671387
-0.31441191224846754
0.9778318405151367 -4.210314750671387
-0.31441191224846754
1.0025380849838257 -3.9684677124023438
-0.32807142839640746
1.0025380849838257 -3.9684677124023438
-0.32807142839640746
1.0185543298721313 -3.691592216491699
-0.3466027671477468
1.0185543298721313 -3.691592216491699
-0.3984580694345195
1.0332602262496948 -3.4448719024658203
-0.3656474303341676
1.0332602262496948 -3.4448719024658203
-0.3656474303341676
1.049533724784851 -3.175320625305176
-0.38895376910487744
1.049533724784851 -3.175320625305176
-0.3966756034844106
1.0640666484832764 -2.926821708679199
-0.4127777554252777
1.0640666484832764 -2.926821708679199
-0.4127777554252777
1.078909158706665 -2.6830530166625977
-0.4379278944884258
1.078909158706665 -2.6830530166625977
-0.4379278944884258
1.0975303649902344 -2.383368492126465
-0.4700659937398568
1.0975303649902344 -2.383368492126465
-0.4700659937398568
1.1165474653244019 -2.085635185241699
-0.50306829170115
1.1165474653244019 -2.085635185241699
-0.50306829170115
1.1331050395965576 -1.8301477432250977
-0.5323702751351165
1.1331050395965576 -1.8301477432250977
-0.5323702751351165
1.149846613407135 -1.5743694305419922
-0.562442491455576
1.149846613407135 -1.5743694305419922
-0.562442491455576
1.170040488243103 -1.2676172256469727
-0.4707440278927176
1.170040488243103 -1.2676172256469727
-0.4707440278927176
1.1782804727554321 -1.0030241012573242
-0.4898374963882053
1.1782804727554321 -1.0030241012573242
-0.4898374963882053
1.1860297918319702 -0.7593498229980469
-0.5091470466566377
1.1943486332893372 -0.5020532608032227
-0.5308752908380018
1.1943486332893372 -0.5020532608032227
-0.5308752908380018
1.203008770942688 -0.2347564697265625
-0.5549466467254633
1.203008770942688 -0.2347564697265625
-0.5549466467254633
1.2118996977806091 0.04078197479248047
-0.5810434391988145
1.2118996977806091 0.04078197479248047
-0.5810434391988145
1.2202438116073608 0.297576904296875
-0.6063640421948034
1.2277268767356873 0.550262451171875
-0.6320263541123288
1.2277268767356873 0.550262451171875
-0.6320263541123288
1.2391364574432373 0.8656673431396484
-0.6651218896126109
1.2391364574432373 0.8656673431396484
-0.6651218896126109
1.2391364574432373 0.8656673431396484
-0.6651218896126109
1.2481456398963928 1.1525545120239258
-0.6961764544334229
1.2481456398963928 1.1525545120239258
-0.6961764544334229
1.2574103474617004 1.4524335861206055
-0.6408427606229432
1.2574103474617004 1.4524335861206055
-0.6408427606229432
1.2599486112594604 1.7474985122680664
-0.6622130851329493
1.2599486112594604 1.7474985122680664
-0.6622130851329493
1.261910855770111 2.0436782836914062
-0.6856237023086384
1.261910855770111 2.0436782836914062
-0.6856237023086384
1.263333022594452 2.307405471801758
-0.708125571327095
1.263333022594452 2.307405471801758
-0.708125571327095
1.26435124874115 2.579326629638672
-0.7321711881211441
1.26435124874115 2.579326629638672
-0.7321711881211441
1.2652880549430847 2.872621536254883
-0.7592971352154183
1.2652880549430847 2.872621536254883
-0.7592971352154183
1.2660759687423706 3.168680191040039
-0.7878234220692796
1.2660759687423706 3.168680191040039
-0.7878234220692796
1.2680892944335938 3.4852609634399414
-0.8193789101931768
1.2680892944335938 3.4852609634399414
-0.8193789101931768
1.2701297402381897 3.7738876342773438
-0.8491541993927261
1.2701297402381897 3.7738876342773438
-0.8491541993927261
1.2726958990097046 4.135075569152832
-0.8874459167539427
1.2726958990097046 4.135075569152832
-0.8874459167539427
1.2754350900650024 4.453514099121094
-0.8534847724841661
1.2754350900650024 4.453514099121094
-0.8895393434501762
1.2767460346221924 4.717255592346191
-0.875136799232453
1.2767460346221924 4.717255592346191
-0.875136799232453
1.2749860882759094 5.010091781616211
-0.9004945621460584
1.2749860882759094 5.010091781616211
-0.9004945621460584
1.2733908891677856 5.320526123046875
-0.9288142305398139
1.2733908891677856 5.320526123046875
-0.9288142305398139
1.2723733186721802 5.6319475173950195
-0.9584596039333091
1.271957129240036 5.910017013549805
-0.9859781418598753
1.271957129240036 5.910017013549805
-0.9859781418598753
1.514338731765747 5.546445846557617
-1.0306061141793244
1.514338731765747 5.546445846557617
-1.0306061141793244
1.478026270866394 5.846637725830078
-1.073212521850465
1.478026270866394 5.846637725830078
-1.073212521850465
1.4577207565307617 6.1366119384765625
-1.1117010744104088
1.4468466639518738 6.43221378326416
-1.1504017909050868
1.4468466639518738 6.43221378326416
-1.1504017909050868
1.4438655972480774 6.725133895874023
-1.1890760331031922
1.4438655972480774 6.725133895874023
-1.1890760331031922
1.4464871287345886 7.024809837341309
-1.2249951671755863
1.4464871287345886 7.024809837341309
-1.2249951671755863
1.4529380798339844 7.329342842102051
-1.2547595305357118
1.4529380798339844 7.329342842102051
-1.2547595305357118
1.4529380798339844 7.329342842102051
-1.2547595305357118
1.4623222947120667 7.66568660736084
-1.2873959227979455
1.4623222947120667 7.66568660736084
-1.2873959227979455
1.473625898361206 8.006390571594238
-1.3204610461690902
1.473625898361206 8.006390571594238
-1.3204610461690902
1.4838906526565552 8.28276538848877
-1.3470090144211035
1.4838906526565552 8.28276538848877
-1.3470090144211035
1.4956743717193604 8.582509994506836
-1.3756807889428573
1.4956743717193604 8.582509994506836
-1.3756807889428573
1.5064371824264526 8.855178833007812
-1.401611420411892
1.5064371824264526 8.855178833007812
-1.3530102022069415
1.5185105800628662 9.149086952209473
-1.42943855774932
1.527798593044281 9.453042984008789
-1.4580782522481022
1.527798593044281 9.453042984008789
-1.4580782522481022
1.527798593044281 9.453042984008789
-1.4580782522481022
1.5443229973316193 9.777292251586914
-1.4887511592565628
1.5443229973316193 9.777292251586914
-1.4887511592565628
9.88027572631836 -7.147392749786377
Object Detected, id: 25
-0.2915740802814312
9.750781536102295 -7.011198043823242
Object Detected, id: 25
-0.3133181597253867
9.750781536102295 -7.011198043823242
-0.3133181597253867
9.615781784057617 -6.831496715545654
-0.34385772905080847
9.615781784057617 -6.831496715545654
-0.34385772905080847
9.496315479278564 -6.673901557922363
-0.37385552712351766
9.380515575408936 -6.523552417755127
-0.404777162230339
9.380515575408936 -6.523552417755127
-0.404777162230339
9.27049732208252 -6.380064010620117
-0.2538917374335168
9.165195941925049 -6.244800090789795
-0.2609536174547736
9.053770065307617 -6.119218349456787
-0.2720958248949329
9.053770065307617 -6.119218349456787
-0.2720958248949329
8.907308101654053 -5.954687595367432
-0.2921849709104989
8.907308101654053 -5.954687595367432
-0.2921849709104989
8.768352031707764 -5.797284126281738
-0.3159869218849082
8.768352031707764 -5.797284126281738
-0.3159869218849082
8.644869804382324 -5.655758380889893
-0.3403256539018341
8.481959342956543 -5.466149806976318
-0.37603992187010676
8.355391025543213 -5.315171718597412
-0.40624080651632033
8.355391025543213 -5.315171718597412
-0.40624080651632033
8.227009296417236 -5.162556171417236
-0.4383436372983336
8.227009296417236 -5.162556171417236
-0.4383436372983336
8.092288494110107 -5.000840663909912
-0.2980622711860228
8.092288494110107 -5.000840663909912
-0.2980622711860228
7.837618350982666 -4.72493314743042
-0.32551410032302736
7.837618350982666 -4.72493314743042
-0.32551410032302736
7.710270881652832 -4.586601734161377
-0.3447392082836668
7.710270881652832 -4.586601734161377
-0.3447392082836668
7.581720352172852 -4.44428825378418
-0.3675160673976481
7.581720352172852 -4.44428825378418
-0.3675160673976481
7.319403171539307 -4.154757022857666
-0.42041451834280036
7.319403171539307 -4.154757022857666
-0.42041451834280036
7.195074558258057 -4.01618766784668
-0.4481614658177007
7.195074558258057 -4.01618766784668
-0.4481614658177007
7.050581455230713 -3.8540596961975098
-0.48213069337565095
6.924787521362305 -3.7114648818969727
-0.36767439541521063
6.794072151184082 -3.5640945434570312
-0.38125701317651123
6.794072151184082 -3.5640945434570312
-0.38125701317651123
6.636745452880859 -3.40163516998291
-0.40091170903283
6.636745452880859 -3.40163516998291
-0.40091170903283
6.498668193817139 -3.257963180541992
-0.4216706336268937
6.498668193817139 -3.257963180541992
-0.4216706336268937
6.206879615783691 -2.9547414779663086
-0.47334034816109144
6.206879615783691 -2.9547414779663086
-0.47334034816109144
6.075777053833008 -2.8165335655212402
-0.49944939032335683
6.075777053833008 -2.8165335655212402
-0.49944939032335683
5.9372334480285645 -2.67158842086792
-0.5285291221895748
5.811709403991699 -2.539926052093506
-0.55623582840963
5.811709403991699 -2.539926052093506
-0.55623582840963
5.660439968109131 -2.380674362182617
-0.4712560531376139
5.527400493621826 -2.2403669357299805
-0.48665681708247777
5.402828216552734 -2.1161651611328125
-0.5028630332850452
5.402828216552734 -2.1161651611328125
-0.5028630332850452
5.263582229614258 -1.9796195030212402
-0.5230099408992672
5.115056991577148 -1.8354430198669434
-0.546888012579857
4.974255084991455 -1.6983857154846191
-0.5717346902312723
4.974255084991455 -1.6983857154846191
-0.5717346902312723
4.847661972045898 -1.5736184120178223
-0.5954554697895516
4.847661972045898 -1.5736184120178223
-0.5954554697895516
4.700876712799072 -1.4295344352722168
-0.6241530773090884
4.494815349578857 -1.2298316955566406
-0.6662231102233362
4.359319686889648 -1.0957674980163574
-0.6006290055075353
4.359319686889648 -1.0957674980163574
-0.6006290055075353
4.19441032409668 -0.9425039291381836
-0.6205966841126568
4.05950927734375 -0.8185348510742188
-0.6389287211145608
4.05950927734375 -0.8185348510742188
-0.6389287211145608
3.907282829284668 -0.6793122291564941
-0.6617036824998636
3.73289155960083 -0.5197253227233887
-0.6903209615658615
3.73289155960083 -0.5197253227233887
-0.6903209615658615
3.5828328132629395 -0.3822450637817383
-0.716390049359593
3.5828328132629395 -0.3822450637817383
-0.716390049359593
3.437973976135254 -0.25136232376098633
-0.7426275906048085
3.285938262939453 -0.11399078369140625
-0.7714013877261939
3.1339197158813477 0.025940418243408203
-0.8015789746836102
3.1339197158813477 0.025940418243408203
-0.8015789746836102
2.97706937789917 0.16919708251953125
-0.7555521659160488
2.97706937789917 0.16919708251953125
-0.7555521659160488
2.6840991973876953 0.42316675186157227
-0.7949181222579732
2.6840991973876953 0.42316675186157227
-0.7949181222579732
2.5383434295654297 0.5490517616271973
-0.8169191575529766
2.5383434295654297 0.5490517616271973
-0.8169191575529766
2.2251830101013184 0.8157367706298828
-0.8694557240255604
2.2251830101013184 0.8157367706298828
-0.8694557240255604
2.0407466888427734 0.9715867042541504
-0.903301303881181
2.0407466888427734 0.9715867042541504
-0.903301303881181
1.8883447647094727 1.0984129905700684
-0.9323666098910386
1.8883447647094727 1.0984129905700684
-0.9323666098910386
1.738762378692627 1.2233948707580566
-0.9623289058215074
1.5800256729125977 1.355264663696289
-0.9296687898525137
1.5800256729125977 1.355264663696289
-0.9296687898525137
1.3807649612426758 1.5155138969421387
-0.9581797976098656
1.228628158569336 1.6357731819152832
-0.9818418364984952
1.228628158569336 1.6357731819152832
-0.9818418364984952
1.0756115913391113 1.7559337615966797
-1.0070476169684888
0.927882194519043 1.8717803955078125
-1.0323398481407258
0.927882194519043 1.8717803955078125
-1.0167286942290454
0.764277458190918 2.0012474060058594
-1.0615337413828594
0.5890321731567383 2.138857841491699
-1.0941769222736804
0.5890321731567383 2.138857841491699
-1.0941769222736804
0.4383716583251953 2.256389617919922
-1.123332820185274
0.28627443313598633 2.373323440551758
-1.1539316225228933
0.28627443313598633 2.373323440551758
-1.1539316225228933
0.14044713973999023 2.485024929046631
-1.1258572653729937
-0.0698385238647461 2.6466331481933594
-1.1586552281301614
-0.0698385238647461 2.6466331481933594
-1.1586552281301614
-0.22495126724243164 2.7610034942626953
-1.183805430682234
-0.3868255615234375 2.8800859451293945
-1.2111952703867117
-0.3868255615234375 2.8800859451293945
-1.2111952703867117
-0.5413389205932617 2.9955382347106934
-1.2383252663181676
-0.7047915458679199 3.1168899536132812
-1.2678245865833873
-0.8826885223388672 3.2470803260803223
-1.3004970337089574
-0.8826885223388672 3.2470803260803223
-1.3004970337089574
-1.0358004570007324 3.3587164878845215
-1.3292732848794073
-1.0358004570007324 3.3587164878845215
-1.3120783005088712
-1.199613094329834 3.4776883125305176
-1.316776529973064
-1.199613094329834 3.4776883125305176
-1.3297195382211278
-1.574134349822998 3.7458748817443848
-1.3750895476442508
-1.574134349822998 3.7458748817443848
-1.3750895476442508
-1.736154556274414 3.86093807220459
-1.4021851226456432
-1.736154556274414 3.86093807220459
-1.4021851226456432
-1.8971576690673828 3.974860668182373
-1.4301727078981703
-1.8971576690673828 3.974860668182373
-1.4301727078981703
-2.2623705863952637 4.229913711547852
-1.4948154640297204
-2.2623705863952637 4.229913711547852
-1.4948154640297204
-2.424722194671631 4.343051433563232
-1.5245085972107586
-2.424722194671631 4.343051433563232
-1.5245085972107586
-2.60794734954834 4.471471309661865
-1.524257280942559
-2.60794734954834 4.471471309661865
-1.524257280942559
-2.949568748474121 4.705753803253174
-1.5781546698510012
-2.949568748474121 4.705753803253174
-1.5781546698510012
-3.137388229370117 4.834409713745117
-1.6095030517878457
-3.137388229370117 4.834409713745117
-1.6095030517878457
-3.3522729873657227 4.980623722076416
-1.6460390115838088
-3.3522729873657227 4.980623722076416
-1.6460390115838088
-3.5906858444213867 5.141870021820068
-1.687755528086684
-3.5906858444213867 5.141870021820068
-1.687755528086684
-3.813352108001709 5.29449987411499
-1.7281831833526056
-3.813352108001709 5.29449987411499
-1.7281831833526056
-3.989077091217041 5.415340423583984
-1.7608466743577136
-4.163168430328369 5.533404350280762
-1.8007759954744085
-4.3702921867370605 5.6730265617370605
-1.797377581615626
-4.3702921867370605 5.6730265617370605
-1.797377581615626
-4.550482749938965 5.794239521026611
-1.8277957167774948
-4.550482749938965 5.794239521026611
-1.8277957167774948
-4.745701313018799 5.9246344566345215
-1.8619837142871019
-4.916823387145996 6.038287162780762
-1.8928682354025521
-5.095350742340088 6.156876564025879
-1.9255844507429742
-5.095350742340088 6.156876564025879
-1.9255844507429742
-5.282896518707275 6.28248929977417
-1.9608255333700733
-5.471989631652832 6.40855073928833
-1.997027645676078
-5.471989631652832 6.40855073928833
-1.997027645676078
-5.658819198608398 6.533057689666748
-2.0336314942163565
-5.658819198608398 6.533057689666748
-2.0336314942163565
-5.843001365661621 6.655098915100098
-2.0424999846427045
-6.05242395401001 6.794196128845215
-2.079257249216687
-6.232114791870117 6.91292142868042
-2.1108627583798327
-6.232114791870117 6.91292142868042
-2.1108627583798327
-6.436933994293213 7.048738479614258
-2.147202281361877
-6.6469573974609375 7.1868896484375
-2.1848880687548373
-6.6469573974609375 7.1868896484375
-2.1848880687548373
-6.831582069396973 7.308431148529053
-2.2184175902175944
-7.017457008361816 7.4303879737854
-2.2518857024239316
-7.017457008361816 7.4303879737854
-2.2518857024239316
-7.27838659286499 7.6018877029418945
-2.2986838567286565
-7.27838659286499 7.6018877029418945
-2.2986838567286565
-7.513436794281006 7.756474018096924
-7.513436794281006 7.756474018096924
-7.694046497344971 7.901040554046631
-7.694046497344971 7.901040554046631
-7.872475624084473 8.059750080108643
-8.035004138946533 8.216185569763184
-8.198123455047607 8.377488136291504
-8.198123455047607 8.377488136291504
-8.364057064056396 8.538097381591797
-8.364057064056396 8.538097381591797
-8.531237602233887 8.697076320648193
-8.531237602233887 8.697076320648193
-8.770885944366455 8.921665668487549
-8.944022178649902 9.085340023040771
-8.944022178649902 9.085340023040771
-9.151843070983887 9.271642208099365
-9.353644371032715 9.455987453460693
-9.353644371032715 9.455987453460693
-9.582917213439941 9.656391620635986
-9.582917213439941 9.656391620635986
-9.768741130828857 9.816605567932129
-9.768741130828857 9.816605567932129
-9.950925827026367 9.971638679504395
9.76732063293457 -0.0018635615706443787
Object Detected, id: 21
-0.3643906612140411
9.76732063293457 -0.0018635615706443787
Object Detected, id: 21
-0.3643906612140411
9.495110511779785 0.020600996911525726
-0.3641698564614134
9.495110511779785 0.020600996911525726
-0.3641698564614134
9.213798522949219 0.04224378615617752
-0.36391746135923647
9.213798522949219 0.04224378615617752
-0.36391746135923647
8.910594940185547 0.06412862241268158
-0.3636216382863563
8.910594940185547 0.06412862241268158
-0.3636216382863563
8.648115158081055 0.0823056548833847
-0.36340268986819946
8.648115158081055 0.0823056548833847
-0.36340268986819946
8.368215560913086 0.10130225121974945
-0.3631879311799745
8.368215560913086 0.10130225121974945
-0.3631879311799745
8.10687255859375 0.1187930703163147
-0.36304469650425253
7.822992324829102 0.13769608736038208
-0.3629761312364353
7.822992324829102 0.13769608736038208
-0.026639140271987508
7.574069976806641 0.1549963653087616
-0.363004677726364
7.574069976806641 0.1549963653087616
-0.363004677726364
7.310080528259277 0.17250560224056244
-0.3631495997200914
7.310080528259277 0.17250560224056244
-0.3631495997200914
7.0420074462890625 0.19045327603816986
-0.363439129689722
7.0420074462890625 0.19045327603816986
-0.363439129689722
6.745894432067871 0.2104140967130661
-0.36395419708275145
6.477944374084473 0.22956596314907074
-0.3646188088596063
6.477944374084473 0.22956596314907074
-0.3646188088596063
6.20958137512207 0.24769678711891174
-0.36549077239599514
6.20958137512207 0.24769678711891174
-0.36549077239599514
5.914586067199707 0.26773497462272644
-0.36669921987877563
5.914586067199707 0.26773497462272644
-0.36669921987877563
5.612514495849609 0.2882861793041229
-0.368276222024564
5.32548713684082 0.30779245495796204
-0.3700764979550706
5.32548713684082 0.30779245495796204
-0.3700764979550706
5.026872634887695 0.32805436849594116
-0.3723275854577542
5.026872634887695 0.32805436849594116
-0.3723275854577542
4.7588043212890625 0.34614938497543335
-0.37465256528295443
4.7588043212890625 0.34614938497543335
-0.37465256528295443
4.481158256530762 0.364816814661026
-0.37741826457913474
4.481158256530762 0.364816814661026
-0.37741826457913474
4.159601211547852 0.3863512873649597
-0.38106396660173103
4.159601211547852 0.3863512873649597
-0.11648672346133794
3.8735837936401367 0.4061996042728424
-0.38475266922655604
3.8735837936401367 0.4061996042728424
-0.38475266922655604
3.5216407775878906 0.4293673634529114
-0.38986998614479057
3.5216407775878906 0.4293673634529114
-0.38986998614479057
3.2291526794433594 0.44835731387138367
-0.39459675236207575
2.925215721130371 0.46786996722221375
-0.39996725522582033
2.925215721130371 0.46786996722221375
-0.39996725522582033
2.617250442504883 0.48744112253189087
-0.405926687448221
2.617250442504883 0.48744112253189087
-0.405926687448221
2.2440032958984375 0.5114389657974243
-0.4144209044365289
2.2440032958984375 0.5114389657974243
-0.4144209044365289
2.0044946670532227 0.5267702341079712
-0.42050532731887286
2.0044946670532227 0.5267702341079712
-0.42050532731887286
2.0044946670532227 0.5267702341079712
-0.42050532731887286
1.6218175888061523 0.5510302186012268
-0.4312336481299102
1.3414745330810547 0.5684203505516052
-0.4398366262567839
1.3414745330810547 0.5684203505516052
-0.4398366262567839
1.0402898788452148 0.5867980122566223
-0.4498056393834732
1.0402898788452148 0.5867980122566223
-0.4498056393834732
0.7896928787231445 0.601769357919693
-0.458653267906938
0.5513525009155273 0.6159033179283142
-0.4675349510477347
0.5513525009155273 0.6159033179283142
-0.4675349510477347
0.5513525009155273 0.6159033179283142
-0.4675349510477347
0.2531290054321289 0.6327798366546631
-0.477568133838155
0.2531290054321289 0.6327798366546631
-0.3105265314475028
-0.023851394653320312 0.6483992040157318
-0.4876042136490293
-0.023851394653320312 0.6483992040157318
-0.3360935176637915
-0.3527355194091797 0.655796468257904
-0.500145319013773
-0.3527355194091797 0.655796468257904
-0.500145319013773
-0.6433238983154297 0.6723998188972473
-0.5119374405871758
-0.6433238983154297 0.6723998188972473
-0.5119374405871758
-0.9530477523803711 0.6892327666282654
-0.5248209777380899
-0.9530477523803711 0.6892327666282654
-0.5248209777380899
-1.2176904678344727 0.7029578983783722
-0.5360769198516282
-1.4882097244262695 0.7165675759315491
-0.5477422948847279
-1.4882097244262695 0.7165675759315491
-0.5477422948847279
-1.7676124572753906 0.7303257584571838
-0.5598472049206806
-2.032184600830078 0.7430236041545868
-0.5713480836497522
-2.032184600830078 0.7430236041545868
-0.5713480836497522
-2.2964582443237305 0.7553982138633728
-0.5828322251424752
-2.2964582443237305 0.7553982138633728
-0.5828322251424752
-2.5770139694213867 0.7682830691337585
-0.5951499737585033
-2.5770139694213867 0.7682830691337585
-0.5951499737585033
-2.8374414443969727 0.7800612449645996
-0.6067606331789238
-2.8374414443969727 0.7800612449645996
-0.6067606331789238
-3.1415348052978516 0.7935135960578918
-0.6203349165098362
-3.1415348052978516 0.7935135960578918
-0.6203349165098362
-3.667654037475586 0.8162121176719666
-0.6440773441323978
-3.667654037475586 0.8162121176719666
-0.6440773441323978
-3.942363739013672 0.8284458518028259
-0.6565314723211559
-3.942363739013672 0.8284458518028259
-0.6565314723211559
-4.226343154907227 0.8403948545455933
-0.6694558605426773
-4.226343154907227 0.8403948545455933
-0.6694558605426773
-4.489799499511719 0.8514189422130585
-0.681564922555836
-4.489799499511719 0.8514189422130585
-0.681564922555836
-4.802962303161621 0.8644381761550903
-0.6958803410990125
-4.802962303161621 0.8644381761550903
-0.6958803410990125
-5.083643913269043 0.8760770559310913
-0.7087585692721166
-5.083643913269043 0.8760770559310913
-0.7087585692721166
-5.376070022583008 0.8881635069847107
-0.7221982211789891
-5.706904411315918 0.9017976224422455
-0.7374179444332514
-5.706904411315918 0.9017976224422455
-0.7374179444332514
-6.014874458312988 0.9144832491874695
-0.7516043348139926
-6.284487724304199 0.9254554212093353
-0.7640219103961539
-6.284487724304199 0.9254554212093353
-0.7640219103961539
-6.284487724304199 0.9254554212093353
-0.7640219103961539
-6.5989885330200195 0.9384520947933197
-0.7785251852485187
-6.5989885330200195 0.9384520947933197
-0.6914834523008369
-6.935907363891602 0.9522621035575867
-0.79417305387482
-5.890624046325684 1.1306546330451965
-0.8141404043760107
-5.890624046325684 1.1306546330451965
-0.8141404043760107
-6.176660537719727 1.1269327998161316
-0.8353677513963618
-6.176660537719727 1.1269327998161316
-0.8353677513963618
-6.426529884338379 1.126356601715088
-0.8533728730167748
-6.696812629699707 1.124045193195343
-0.8720279447533381
-6.696812629699707 1.124045193195343
-0.8720279447533381
-6.960972785949707 1.1211357712745667
-0.8897338430253767
-6.960972785949707 1.1211357712745667
-0.8897338430253767
-7.290233612060547 1.1164954900741577
-0.9110883255224478
-7.290233612060547 1.1164954900741577
-0.9110883255224478
-7.570672988891602 1.1127265691757202
-0.9288465071894396
-7.570672988891602 1.1127265691757202
-0.9288465071894396
-7.800572395324707 1.1098974645137787
-0.943269817560501
-7.800572395324707 1.1098974645137787
-0.943269817560501
-8.049895286560059 1.1072036027908325
-0.9586513931338129
-8.049895286560059 1.1072036027908325
-0.9586513931338129
-8.280460357666016 1.1053882241249084
-0.9727136190421046
-8.280460357666016 1.1053882241249084
-0.9727136190421046
-8.510512351989746 1.1040834784507751
-0.9866610805949156
-8.510512351989746 1.1040834784507751
-0.9866610805949156
-8.735700607299805 1.1041463017463684
-1.0001269637515728
-8.938175201416016 1.10502889752388
-1.0117759560053237
-9.189868927001953 1.1074768602848053
-1.0258638003188998
-9.189868927001953 1.1074768602848053
-1.0258638003188998
-9.43937873840332 1.111271858215332
-1.0391395872584426
-9.43937873840332 1.111271858215332
-1.0391395872584426
-9.43937873840332 1.111271858215332
-0.9756745608547177
-9.753512382507324 1.1179694533348083
-1.0551888865533243
0.01350288838148117 9.960559844970703
Object Detected, id: 7
-0.007069934872353964
0.013577532023191452 9.700958251953125
Object Detected, id: 7
-0.007466655336188736
0.013323105871677399 9.464354515075684
-0.007782023976200499
0.013170842081308365 9.239532470703125
-0.008066838806804252
0.013170842081308365 9.239532470703125
-0.008066838806804252
0.013170842081308365 9.239532470703125
-0.008066838806804252
0.012903071939945221 8.933775901794434
-0.008412717475480407
0.012659505009651184 8.677353858947754
-0.008667045915463967
0.012383295223116875 8.441853523254395
-0.00887047223719077
0.012383295223116875 8.441853523254395
-0.00887047223719077
0.012039035558700562 8.168444633483887
-0.009094267083448845
0.012039035558700562 8.168444633483887
-0.009094267083448845
0.011700242757797241 7.920583724975586
-0.009267199488686408
0.011700242757797241 7.920583724975586
-0.009267199488686408
0.011333359405398369 7.672426223754883
-0.00942998102169008
0.010960251092910767 7.422621726989746
-0.00957239565159608
0.010573189705610275 7.1876325607299805
-0.009694457679496395
0.010573189705610275 7.1876325607299805
-0.009694457679496395
0.010158652439713478 6.953804016113281
-0.009775830605219707
0.010158652439713478 6.953804016113281
-0.009775830605219707
0.009658018127083778 6.691335678100586
-0.009847038048303242
0.009185085073113441 6.461458206176758
-0.009918267991654666
0.008665032684803009 6.204127311706543
-0.009969130340736848
0.008665032684803009 6.204127311706543
-0.009969130340736848
0.008160024881362915 5.962940216064453
-0.010050487904362006
0.008160024881362915 5.962940216064453
-0.010050487904362006
0.007640130817890167 5.711798667907715
-0.010101357095316937
0.007090432569384575 5.452024459838867
-0.01015222685758311
0.007090432569384575 5.452024459838867
-0.33168206054030674
0.006543831899762154 5.202474594116211
-0.010203081969534246
-0.004112541675567627 4.973000526428223
-0.010467573783045957
-0.004112541675567627 4.973000526428223
-0.010467573783045957
-0.003994442522525787 4.661913871765137
-0.010833783216794134
-0.003994442522525787 4.661913871765137
-0.010833783216794134
-0.004328012466430664 4.406315803527832
-0.31705333142121295
-0.004855237901210785 4.166577339172363
-0.011271193569694516
-0.004855237901210785 4.166577339172363
-0.011271193569694516
-0.005475126206874847 3.9086265563964844
-0.011484829486109745
-0.0061907097697257996 3.665390968322754
-0.011688286648661311
-0.0061907097697257996 3.665390968322754
-0.011688286648661311
-0.007110167294740677 3.3695507049560547
-0.011942598644963992
-0.007110167294740677 3.3695507049560547
-0.011942598644963992
-0.008246596902608871 3.039423942565918
-0.012237608283985329
-0.008246596902608871 3.039423942565918
-0.012237608283985329
-0.009228739887475967 2.7732534408569336
-0.012481755777486954
-0.010241139680147171 2.5093088150024414
-0.01273607598304938
-0.010241139680147171 2.5093088150024414
-0.01273607598304938
-0.011317074298858643 2.239849090576172
-0.013000551958878347
-0.011317074298858643 2.239849090576172
-0.013000551958878347
-0.012363109737634659 1.9881725311279297
-0.013214173976327787
-0.012363109737634659 1.9881725311279297
-0.013214173976327787
-0.013613540679216385 1.7165660858154297
-0.013437968505902977
-0.0148438960313797 1.4628429412841797
-0.013682108031638983
-0.015935417264699936 1.2248773574829102
-0.01392624759591723
-0.015935417264699936 1.2248773574829102
-0.01392624759591723
-0.016968466341495514 0.992854118347168
-0.014190725100845084
-0.016968466341495514 0.992854118347168
-0.014190725100845084
-0.01807578280568123 0.7393894195556641
-0.014485741599078578
-0.01908872276544571 0.5035820007324219
-0.014780759318929006
-0.02026926726102829 0.22540664672851562
-0.01513677344090142
-0.02026926726102829 0.22540664672851562
-0.01513677344090142
-0.021302517503499985 -0.02268505096435547
-0.015462300024416394
-0.021302517503499985 -0.02268505096435547
-0.015462300024416394
-0.022256240248680115 -0.2526512145996094
-0.015767467867856134
-0.022256240248680115 -0.2526512145996094
-0.015767467867856134
-0.024293046444654465 -0.7496957778930664
-0.01645922572396546
-0.024293046444654465 -0.7496957778930664
-0.01645922572396546
-0.025148533284664154 -0.9624176025390625
-0.01674404043847988
-0.025148533284664154 -0.9624176025390625
-0.01674404043847988
-0.0261838361620903 -1.220444679260254
-0.0171000996727
-0.0261838361620903 -1.220444679260254
-0.0171000996727
-0.027461383491754532 -1.5443696975708008
-0.017537508652392574
-0.027461383491754532 -1.5443696975708008
-0.017537508652392574
-0.0293869711458683 -2.0450057983398438
-0.018219088034615954
-0.0293869711458683 -2.0450057983398438
-0.018219088034615954
-0.030344903469085693 -2.2926530838012695
-0.01856495217078347
-0.030344903469085693 -2.2926530838012695
-0.01856495217078347
-0.03127174451947212 -2.5383691787719727
-0.01889046371296626
-0.032226525247097015 -2.794672966003418
-0.019246493366951015
-0.032226525247097015 -2.794672966003418
-0.019246493366951015
-0.03321008384227753 -3.057615280151367
-0.019622875409266088
-0.03409611061215401 -3.300271987915039
-0.019958574513298476
-0.03409611061215401 -3.300271987915039
-0.019958574513298476
-0.03494390845298767 -3.5302963256835938
-0.020294266575512983
-0.0357653833925724 -3.754683494567871
-0.02060962813804118
-0.0357653833925724 -3.754683494567871
-0.02060962813804118
-0.03663602098822594 -3.996187210083008
-0.020935120380138665
-0.03663602098822594 -3.996187210083008
-0.020935120380138665
-0.03777061775326729 -4.314239501953125
-0.021362423366640824
-0.03866255283355713 -4.565333366394043
-0.021708256376621857
-0.03866255283355713 -4.565333366394043
-0.021708256376621857
-0.039550259709358215 -4.81721305847168
-0.02203380646914809
-0.04037023335695267 -5.047719955444336
-0.02233896504457739
-0.04037023335695267 -5.047719955444336
-0.02233896504457739
-0.041196323931217194 -5.282745361328125
-0.02265432740600515
-0.041196323931217194 -5.282745361328125
-0.02265432740600515
-0.042159974575042725 -5.5585784912109375
-0.023020521392154415
-0.04317488893866539 -5.852684020996094
-0.023396903328087054
-0.0439622737467289 -6.076299667358398
-0.02369192016105677
-0.0439622737467289 -6.076299667358398
-0.02369192016105677
-0.044805970042943954 -6.317885398864746
-0.02399708002775786
-0.045658186078071594 -6.560036659240723
-0.024332801899355525
-0.045658186078071594 -6.560036659240723
-0.024332801899355525
-0.045658186078071594 -6.560036659240723
-0.024332801899355525
-0.04664653167128563 -6.841278076171875
-0.02469901106343868
-0.0475512370467186 -7.102664947509766
-0.02501435788523001
-0.06630278378725052 -6.253588676452637
-0.026072295872447714
-0.06630278378725052 -6.253588676452637
-0.026072295872447714
-0.06637454405426979 -6.449074745178223
-0.02675385227350472
-0.06637454405426979 -6.449074745178223
-0.02675385227350472
-0.06674768403172493 -6.668247222900391
-0.027496458319822364
-0.06674768403172493 -6.668247222900391
-0.027496458319822364
-0.0686039850115776 -7.121674537658691
-0.02908336581118591
-0.0686039850115776 -7.121674537658691
-0.02908336581118591
-0.06998413056135178 -7.3789472579956055
-0.030049766328485703
-0.06998413056135178 -7.3789472579956055
-0.030049766328485703
-0.07134057953953743 -7.596431732177734
-0.03088391010393054
-0.07285763323307037 -7.809381484985352
-0.03172825589746683
-0.07285763323307037 -7.809381484985352
-0.03172825589746683
-0.07285763323307037 -7.809381484985352
-0.03172825589746683
-0.07662005722522736 -8.23537826538086
-0.033549130071070216
-0.07662005722522736 -8.23537826538086
-0.033549130071070216
-0.07829174399375916 -8.450380325317383
-0.034474826203522255
-0.07829174399375916 -8.450380325317383
-0.034474826203522255
-0.07993816584348679 -8.653491973876953
-0.03538019181364435
-0.08172653988003731 -8.873236656188965
-0.036387297704821506
-0.08355549722909927 -9.097855567932129
-0.037435048213593315
-0.08355549722909927 -9.097855567932129
-0.037435048213593315
-0.08524338901042938 -9.306321144104004
-0.03842180895223323
-0.08524338901042938 -9.306321144104004
-0.03842180895223323
-0.08711293712258339 -9.539143562316895
-0.039530594570688846
-0.08711293712258339 -9.539143562316895
-0.039530594570688846
Lap 5
Simulation over, please hit CTRL+C on the terminal to exit the vehicle.
Loop 0
-9.839584350585938 0.5723183751106262
Object Detected, id: 20
-1.4974774237532178
-9.839584350585938 0.5723183751106262
Object Detected, id: 20
-1.4974774237532178
-9.636964797973633 0.5611460208892822
-1.4825441468923901
-9.636964797973633 0.5611460208892822
-1.4825441468923901
-9.37392807006836 0.5466389060020447
-1.4631553149281864
-9.146101951599121 0.5340331792831421
-1.4463096034500027
-8.917495727539062 0.5213958621025085
-1.4294232125350628
-8.917495727539062 0.5213958621025085
-1.4294232125350628
-8.693784713745117 0.5090009570121765
-1.4387587968002413
-8.490548133850098 0.49774718284606934
-1.3978273403216561
-8.28264045715332 0.48623353242874146
-1.382446483081526
-8.28264045715332 0.48623353242874146
-1.382446483081526
-8.078653335571289 0.4749321937561035
-1.3673504565777308
-8.078653335571289 0.4749321937561035
-1.3673504565777308
-7.841343879699707 0.4617410898208618
-1.349731633147409
-7.623805999755859 0.44967615604400635
-1.3336183541669016
-7.395235061645508 0.43695515394210815
-1.3166302272841008
-7.395235061645508 0.43695515394210815
-1.3166302272841008
-7.161537170410156 0.42398935556411743
-1.2993165903825201
-6.965554237365723 0.41311007738113403
-1.2847902144841958
-6.748621940612793 0.40104132890701294
-1.2686769354622014
-6.748621940612793 0.40104132890701294
-1.2686769354622014
-6.490843772888184 0.3867010474205017
-1.2495322334076642
-6.293347358703613 0.3756972551345825
-1.2348431078210478
-6.293347358703613 0.3756972551345825
-1.2681321429125145
-6.077342987060547 0.36364108324050903
-1.2187501631910536
-5.86660099029541 0.3518736958503723
-1.2030437851132667
-5.664630889892578 0.3405933380126953
-1.1879884486667152
-5.664630889892578 0.3405933380126953
-1.221245070297782
-5.4528045654296875 0.32879406213760376
-1.1722413698335536
-5.249658584594727 0.317436158657074
-1.1570843081129067
-5.025653839111328 0.30491888523101807
-1.1403810227103452
-5.025653839111328 0.30491888523101807
-1.1403810227103452
-4.79066276550293 0.2917909026145935
-1.1228639245401066
-4.581502914428711 0.28006500005722046
-1.1072185816783469
-4.360578536987305 0.26766741275787354
-1.0906780459025989
-4.360578536987305 0.26766741275787354
-1.0906780459025989
-4.155948638916016 0.25619953870773315
-1.0753785688524524
-3.916651725769043 0.2427942156791687
-1.0574952598588414
-3.706390380859375 0.23100483417510986
-1.041768536752217
-3.706390380859375 0.23100483417510986
-1.041768536752217
-3.514744758605957 0.22025221586227417
-1.0274252663791679
-3.514744758605957 0.22025221586227417
-1.0650316942799054
-3.0954408645629883 0.19668620824813843
-0.9959921652079138
-3.0954408645629883 0.19668620824813843
-0.9959921652079138
-2.8793649673461914 0.18451356887817383
-0.9797568052000156
-2.8793649673461914 0.18451356887817383
-0.9797568052000156
-2.471364974975586 0.16155511140823364
-0.9491374953891675
-2.471364974975586 0.16155511140823364
-0.9491374953891675
-2.0565433502197266 0.13818323612213135
-0.9179688798620254
-2.0565433502197266 0.13818323612213135
-0.9179688798620254
-1.8407707214355469 0.12600862979888916
-0.9017335198504758
-1.8407707214355469 0.12600862979888916
-0.9017335198504758
-1.6386537551879883 0.11462706327438354
-0.8865561130748401
-1.6386537551879883 0.11462706327438354
-0.8865561130748401
-1.1649169921875 0.08791148662567139
-0.8509319211021473
-1.1649169921875 0.08791148662567139
-0.8509319211021473
-0.9584197998046875 0.07620871067047119
-0.8353272576996094
-0.9584197998046875 0.07620871067047119
-0.8353272576996094
-0.5055389404296875 0.0505901575088501
-0.8011679199102939
-0.5055389404296875 0.0505901575088501
-0.8011679199102939
-0.2811431884765625 0.037879884243011475
-0.7842204831666152
-0.2811431884765625 0.037879884243011475
-0.7842204831666152
-0.02374267578125 0.023262083530426025
0.192474365234375 0.0110245943069458
-0.7484131857657405
-0.8174016728283139
0.3890380859375 -0.00012958049774169922
-0.7335409547167993
0.3890380859375 -0.00012958049774169922
-0.7335409547167993
0.82757568359375 -0.025031983852386475
-0.7003378236115609
0.82757568359375 -0.025031983852386475
-0.7003378236115609
1.026885986328125 -0.03635406494140625
-0.6852417970750548
1.026885986328125 -0.03635406494140625
-0.6852417970750548
1.246734619140625 -0.048835933208465576
-0.6685995360726312
1.4764556884765625 -0.06192833185195923
-0.6511434837833501
1.6992645263671875 -0.07457834482192993
-0.6342774272811296
1.6992645263671875 -0.07457834482192993
-0.6342774272811296
1.9016876220703125 -0.08612990379333496
-0.6188762249327817
2.08331298828125 -0.09647601842880249
-0.6050822815719135
2.279939651489258 -0.10767698287963867
-0.5901490046869695
2.279939651489258 -0.10767698287963867
-0.5901490046869695
2.708393096923828 -0.13210922479629517
-0.5575765701468722
2.708393096923828 -0.13210922479629517
-0.5575765701468722
2.901754379272461 -0.14314305782318115
-0.5428670994618772
3.1009435653686523 -0.15452831983566284
-0.5276896821674382
3.1009435653686523 -0.15452831983566284
-0.5276896821674382
3.3409814834594727 -0.16826432943344116
-0.5093791376750644
3.541454315185547 -0.17974191904067993
-0.49407965016261596
3.733427047729492 -0.1907162070274353
-0.4794515595550311
3.9381113052368164 -0.20243889093399048
-0.46382656164899805
3.9381113052368164 -0.20243889093399048
-0.46382656164899805
4.143665313720703 -0.21420788764953613
-0.44814051811989264
4.345191955566406 -0.22576367855072021
-0.43273931568159113
4.345191955566406 -0.22576367855072021
-0.43273931568159113
4.528925895690918 -0.23629707098007202
-0.41870123168430823
4.738539695739746 -0.24831193685531616
-0.40268966727997735
4.944675445556641 -0.2601442337036133
-0.3869222540097666
4.944675445556641 -0.2601442337036133
-0.3869222540097666
5.18813419342041 -0.27416056394577026
-0.3682454882317896
5.18813419342041 -0.27416056394577026
-0.4934685215276061
5.636404037475586 -0.29993611574172974
-0.333903034460301
5.636404037475586 -0.29993611574172974
-0.333903034460301
5.850246429443359 -0.3122449517250061
-0.31750492452989226
5.850246429443359 -0.3122449517250061
-0.31750492452989226
6.2876996994018555 -0.33744555711746216
-0.2839355825910894
6.2876996994018555 -0.33744555711746216
-0.2839355825910894
6.478273391723633 -0.3484432101249695
-0.26928714703394085
6.478273391723633 -0.3484432101249695
-0.26928714703394085
6.905796051025391 -0.3731299638748169
-0.23640953672390244
6.905796051025391 -0.3731299638748169
-0.23640953672390244
7.115765571594238 -0.3852609395980835
7.306646347045898 -0.39630788564682007
-0.2055460863699582
-0.33664912374037975
7.499267578125 -0.4074321389198303
-0.1907348904079842
7.499267578125 -0.4074321389198303
-0.1907348904079842
7.712397575378418 -0.41979527473449707
-0.17427573514658137
7.923224449157715 -0.4320067763328552
-0.15802004048662605
8.137316703796387 -0.44441819190979004
-0.14149985040316782
8.137316703796387 -0.44441819190979004
-0.14149985040316782
8.35198974609375 -0.45687657594680786
-0.12491863470253456
8.594038963317871 -0.47092628479003906
-0.10622153446256061
8.594038963317871 -0.47092628479003906
-0.10622153446256061
8.833724021911621 -0.4848400950431824
-0.08770752896991897
9.08233642578125 -0.4992908239364624
-0.06848145740106226
9.08233642578125 -0.4992908239364624
-0.06848145740106226
9.507736206054688 -0.5240373015403748
-0.03556315686118909
9.507736206054688 -0.5240373015403748
-0.03556315686118909
9.732301712036133 -0.537116289138794
-0.018168131510416664
9.732301712036133 -0.537116289138794
-0.018168131510416664



