Transform(Location(x=-49.098320, y=-194.500000, z=-0.036253), Rotation(pitch=0.252662, yaw=-0.000031, roll=0.000000))
Transform(Location(x=-49.098328, y=-194.500000, z=-0.034501), Rotation(pitch=0.250340, yaw=-0.000031, roll=0.000016))
Transform(Location(x=-49.098343, y=-194.500000, z=-0.032547), Rotation(pitch=0.248025, yaw=0.000000, roll=0.000056))
Transform(Location(x=-49.098354, y=-194.500000, z=-0.030766), Rotation(pitch=0.246119, yaw=0.000000, roll=0.000096))
Transform(Location(x=-49.098362, y=-194.500000, z=-0.029136), Rotation(pitch=0.244521, yaw=0.000008, roll=0.000130))
Transform(Location(x=-49.098370, y=-194.500000, z=-0.027519), Rotation(pitch=0.243039, yaw=0.000017, roll=0.000149))
Transform(Location(x=-49.098377, y=-194.500000, z=-0.025843), Rotation(pitch=0.241604, yaw=0.000025, roll=0.000157))
Transform(Location(x=-49.098381, y=-194.500000, z=-0.024404), Rotation(pitch=0.240457, yaw=0.000031, roll=0.000151))
Transform(Location(x=-49.098389, y=-194.500000, z=-0.022811), Rotation(pitch=0.239221, yaw=0.000039, roll=0.000136))
Transform(Location(x=-49.098396, y=-194.500000, z=-0.021543), Rotation(pitch=0.238312, yaw=0.000044, roll=0.000119))
Transform(Location(x=-49.098396, y=-194.500000, z=-0.020345), Rotation(pitch=0.237472, yaw=0.000049, roll=0.000097))
Transform(Location(x=-49.098404, y=-194.500000, z=-0.019388), Rotation(pitch=0.236830, yaw=0.000053, roll=0.000077))
Transform(Location(x=-49.098408, y=-194.500000, z=-0.018472), Rotation(pitch=0.236229, yaw=0.000056, roll=0.000055))
Transform(Location(x=-49.098408, y=-194.500000, z=-0.017598), Rotation(pitch=0.235669, yaw=0.000060, roll=0.000034))
Transform(Location(x=-49.098412, y=-194.500000, z=-0.016882), Rotation(pitch=0.235198, yaw=0.000063, roll=0.000017))
Transform(Location(x=-49.098412, y=-194.500000, z=-0.016223), Rotation(pitch=0.234781, yaw=0.000065, roll=0.000000))
Transform(Location(x=-49.098415, y=-194.500000, z=-0.015675), Rotation(pitch=0.234433, yaw=0.000067, roll=0.000000))
Transform(Location(x=-49.098415, y=-194.500000, z=-0.015139), Rotation(pitch=0.234077, yaw=0.000069, roll=-0.000031))
Transform(Location(x=-49.098423, y=-194.500000, z=-0.014623), Rotation(pitch=0.233715, yaw=0.000072, roll=-0.000031))
Transform(Location(x=-49.098423, y=-194.500000, z=-0.014222), Rotation(pitch=0.233435, yaw=0.000073, roll=-0.000061))
Transform(Location(x=-49.098423, y=-194.500000, z=-0.013892), Rotation(pitch=0.233203, yaw=0.000075, roll=-0.000061))
Transform(Location(x=-49.098423, y=-194.500000, z=-0.013636), Rotation(pitch=0.233019, yaw=0.000076, roll=-0.000061))
Transform(Location(x=-49.098427, y=-194.500000, z=-0.013402), Rotation(pitch=0.232834, yaw=0.000077, roll=-0.000061))
Transform(Location(x=-49.098427, y=-194.500000, z=-0.013214), Rotation(pitch=0.232677, yaw=0.000078, roll=-0.000061))
Transform(Location(x=-49.098427, y=-194.500000, z=-0.012930), Rotation(pitch=0.232411, yaw=0.000080, roll=-0.000061))
Transform(Location(x=-49.098427, y=-194.500000, z=-0.012830), Rotation(pitch=0.232288, yaw=0.000080, roll=-0.000061))
Transform(Location(x=-49.098427, y=-194.500000, z=-0.012754), Rotation(pitch=0.232288, yaw=0.000080, roll=-0.000061))
Transform(Location(x=-49.098427, y=-194.500000, z=-0.012696), Rotation(pitch=0.232097, yaw=0.000082, roll=-0.000061))
Transform(Location(x=-49.098427, y=-194.500000, z=-0.012655), Rotation(pitch=0.232097, yaw=0.000082, roll=-0.000061))
Transform(Location(x=-49.098431, y=-194.500000, z=-0.012626), Rotation(pitch=0.231940, yaw=0.000083, roll=-0.000061))
Transform(Location(x=-49.098431, y=-194.500000, z=-0.012621), Rotation(pitch=0.231940, yaw=0.000083, roll=-0.000061))
Transform(Location(x=-49.098431, y=-194.500000, z=-0.012614), Rotation(pitch=0.231810, yaw=0.000083, roll=-0.000061))
Transform(Location(x=-49.098431, y=-194.500000, z=-0.012611), Rotation(pitch=0.231810, yaw=0.000083, roll=-0.000061))
Transform(Location(x=-49.098431, y=-194.500000, z=-0.012618), Rotation(pitch=0.231810, yaw=0.000083, roll=-0.000061))
Transform(Location(x=-49.098431, y=-194.500000, z=-0.012628), Rotation(pitch=0.231680, yaw=0.000084, roll=-0.000031))
Transform(Location(x=-49.098431, y=-194.500000, z=-0.012628), Rotation(pitch=0.231680, yaw=0.000084, roll=-0.000031))
Transform(Location(x=-49.098431, y=-194.500000, z=-0.012638), Rotation(pitch=0.231680, yaw=0.000084, roll=-0.000031))
Transform(Location(x=-49.098431, y=-194.500000, z=-0.012674), Rotation(pitch=0.231680, yaw=0.000084, roll=-0.000031))
Transform(Location(x=-49.098431, y=-194.500000, z=-0.012686), Rotation(pitch=0.231680, yaw=0.000084, roll=-0.000031))
Transform(Location(x=-49.098431, y=-194.500000, z=-0.012724), Rotation(pitch=0.231571, yaw=0.000085, roll=-0.000031))
Transform(Location(x=-49.098431, y=-194.500000, z=-0.012751), Rotation(pitch=0.231571, yaw=0.000085, roll=-0.000031))
Transform(Location(x=-49.098431, y=-194.500000, z=-0.012751), Rotation(pitch=0.231571, yaw=0.000085, roll=-0.000031))
Transform(Location(x=-49.098431, y=-194.500000, z=-0.012799), Rotation(pitch=0.231571, yaw=0.000085, roll=-0.000031))
Transform(Location(x=-49.098431, y=-194.500000, z=-0.012829), Rotation(pitch=0.231571, yaw=0.000085, roll=-0.000031))
Transform(Location(x=-49.098431, y=-194.500000, z=-0.012847), Rotation(pitch=0.231571, yaw=0.000085, roll=-0.000031))
Transform(Location(x=-49.098431, y=-194.500000, z=-0.012863), Rotation(pitch=0.231461, yaw=0.000085, roll=-0.000031))
Transform(Location(x=-49.098431, y=-194.500000, z=-0.012899), Rotation(pitch=0.231461, yaw=0.000085, roll=-0.000031))
Transform(Location(x=-49.098431, y=-194.500000, z=-0.012934), Rotation(pitch=0.231461, yaw=0.000085, roll=-0.000031))
Transform(Location(x=-49.098431, y=-194.500000, z=-0.012960), Rotation(pitch=0.231461, yaw=0.000085, roll=-0.000031))
Transform(Location(x=-49.098431, y=-194.500000, z=-0.012966), Rotation(pitch=0.231461, yaw=0.000085, roll=-0.000031))
Transform(Location(x=-49.098431, y=-194.500000, z=-0.012980), Rotation(pitch=0.231461, yaw=0.000085, roll=-0.000031))
Transform(Location(x=-49.098431, y=-194.500000, z=-0.012988), Rotation(pitch=0.231461, yaw=0.000085, roll=-0.000031))
Transform(Location(x=-49.098431, y=-194.500000, z=-0.012993), Rotation(pitch=0.231461, yaw=0.000085, roll=-0.000031))
Transform(Location(x=-49.098431, y=-194.500000, z=-0.013020), Rotation(pitch=0.231461, yaw=0.000085, roll=-0.000031))
Transform(Location(x=-49.098431, y=-194.500000, z=-0.013046), Rotation(pitch=0.231461, yaw=0.000085, roll=-0.000031))
Transform(Location(x=-49.098431, y=-194.500000, z=-0.013043), Rotation(pitch=0.231461, yaw=0.000085, roll=-0.000031))
Transform(Location(x=-49.098431, y=-194.500000, z=-0.013052), Rotation(pitch=0.231352, yaw=0.000085, roll=0.000000))
Transform(Location(x=-49.098431, y=-194.500000, z=-0.013052), Rotation(pitch=0.231352, yaw=0.000085, roll=0.000000))
Transform(Location(x=-49.098431, y=-194.500000, z=-0.013069), Rotation(pitch=0.231352, yaw=0.000085, roll=0.000000))
Transform(Location(x=-49.098431, y=-194.500000, z=-0.013062), Rotation(pitch=0.231352, yaw=0.000085, roll=0.000000))
Transform(Location(x=-49.098431, y=-194.500000, z=-0.013062), Rotation(pitch=0.231352, yaw=0.000085, roll=0.000000))
Transform(Location(x=-49.098431, y=-194.500000, z=-0.013062), Rotation(pitch=0.231352, yaw=0.000085, roll=0.000000))
Transform(Location(x=-49.098431, y=-194.500000, z=-0.013056), Rotation(pitch=0.231352, yaw=0.000085, roll=0.000000))
Transform(Location(x=-49.098431, y=-194.500000, z=-0.013062), Rotation(pitch=0.231352, yaw=0.000085, roll=0.000000))
Transform(Location(x=-49.098431, y=-194.500000, z=-0.013055), Rotation(pitch=0.231352, yaw=0.000085, roll=0.000000))
Transform(Location(x=-49.098431, y=-194.500000, z=-0.013045), Rotation(pitch=0.231352, yaw=0.000085, roll=0.000000))
Transform(Location(x=-49.098431, y=-194.500000, z=-0.013051), Rotation(pitch=0.231352, yaw=0.000085, roll=0.000000))
Transform(Location(x=-49.098431, y=-194.500000, z=-0.013046), Rotation(pitch=0.231352, yaw=0.000085, roll=0.000000))
Transform(Location(x=-49.098431, y=-194.500000, z=-0.013049), Rotation(pitch=0.231352, yaw=0.000085, roll=0.000000))
Transform(Location(x=-49.098431, y=-194.500000, z=-0.013057), Rotation(pitch=0.231352, yaw=0.000085, roll=0.000000))
Transform(Location(x=-49.098431, y=-194.500000, z=-0.013050), Rotation(pitch=0.231352, yaw=0.000085, roll=0.000000))
Transform(Location(x=-49.098431, y=-194.500000, z=-0.013044), Rotation(pitch=0.231352, yaw=0.000085, roll=0.000000))
Transform(Location(x=-49.098431, y=-194.500000, z=-0.013047), Rotation(pitch=0.231352, yaw=0.000085, roll=0.000000))
Transform(Location(x=-49.098431, y=-194.500000, z=-0.013042), Rotation(pitch=0.231352, yaw=0.000085, roll=0.000000))
Transform(Location(x=-49.098415, y=-194.500000, z=-0.013066), Rotation(pitch=0.231714, yaw=-0.000519, roll=-0.000061))
Transform(Location(x=-49.096523, y=-194.500412, z=-0.013117), Rotation(pitch=0.192516, yaw=-0.060822, roll=-0.033203))
Transform(Location(x=-49.085281, y=-194.502472, z=-0.013333), Rotation(pitch=0.031419, yaw=-0.295074, roll=-0.172485))
Transform(Location(x=-49.074589, y=-194.504196, z=-0.013491), Rotation(pitch=-0.080658, yaw=-0.469055, roll=-0.261078))
Transform(Location(x=-49.061462, y=-194.506088, z=-0.013641), Rotation(pitch=-0.190275, yaw=-0.647980, roll=-0.338135))
Transform(Location(x=-49.046341, y=-194.508057, z=-0.013764), Rotation(pitch=-0.282135, yaw=-0.825226, roll=-0.397613))
Transform(Location(x=-49.029881, y=-194.510056, z=-0.013859), Rotation(pitch=-0.354275, yaw=-0.992188, roll=-0.436798))
Transform(Location(x=-49.012337, y=-194.512009, z=-0.013932), Rotation(pitch=-0.410187, yaw=-1.150909, roll=-0.459595))
Transform(Location(x=-48.993320, y=-194.514084, z=-0.013982), Rotation(pitch=-0.447937, yaw=-1.313629, roll=-0.471222))
Transform(Location(x=-48.966167, y=-194.516953, z=-0.014047), Rotation(pitch=-0.468326, yaw=-1.528870, roll=-0.470245))
Transform(Location(x=-48.945263, y=-194.519135, z=-0.014040), Rotation(pitch=-0.467315, yaw=-1.687409, roll=-0.462036))
Transform(Location(x=-48.924213, y=-194.521347, z=-0.014019), Rotation(pitch=-0.455198, yaw=-1.842285, roll=-0.449554))
Transform(Location(x=-48.898037, y=-194.524094, z=-0.013998), Rotation(pitch=-0.429469, yaw=-2.029419, roll=-0.430634))
Transform(Location(x=-48.852783, y=-194.528900, z=-0.013912), Rotation(pitch=-0.374151, yaw=-2.342957, roll=-0.396698))
Transform(Location(x=-48.852783, y=-194.528900, z=-0.013912), Rotation(pitch=-0.374151, yaw=-2.342957, roll=-0.396698))
Transform(Location(x=-48.827106, y=-194.531693, z=-0.013870), Rotation(pitch=-0.340792, yaw=-2.512207, roll=-0.377563))
Transform(Location(x=-48.804199, y=-194.534195, z=-0.013824), Rotation(pitch=-0.312044, yaw=-2.662598, roll=-0.362091))
Transform(Location(x=-48.752048, y=-194.539963, z=-0.013745), Rotation(pitch=-0.252314, yaw=-2.986664, roll=-0.328766))
Transform(Location(x=-48.724792, y=-194.542984, z=-0.013710), Rotation(pitch=-0.225219, yaw=-3.146333, roll=-0.312714))
Transform(Location(x=-48.697247, y=-194.546097, z=-0.013677), Rotation(pitch=-0.200835, yaw=-3.302063, roll=-0.296966))
Transform(Location(x=-48.670208, y=-194.549118, z=-0.013645), Rotation(pitch=-0.179689, yaw=-3.449769, roll=-0.282593))
Transform(Location(x=-48.670208, y=-194.549118, z=-0.013645), Rotation(pitch=-0.179689, yaw=-3.449769, roll=-0.282593))
Transform(Location(x=-48.637260, y=-194.552841, z=-0.013632), Rotation(pitch=-0.157135, yaw=-3.623597, roll=-0.266968))
Transform(Location(x=-48.606991, y=-194.556351, z=-0.013608), Rotation(pitch=-0.139404, yaw=-3.782808, roll=-0.256714))
Transform(Location(x=-48.546963, y=-194.563339, z=-0.013564), Rotation(pitch=-0.111359, yaw=-4.074922, roll=-0.238647))
Transform(Location(x=-48.546963, y=-194.563339, z=-0.013564), Rotation(pitch=-0.111359, yaw=-4.074922, roll=-0.238647))
Transform(Location(x=-48.516327, y=-194.566910, z=-0.013538), Rotation(pitch=-0.093929, yaw=-4.209291, roll=-0.227966))
Transform(Location(x=-48.486687, y=-194.570404, z=-0.013504), Rotation(pitch=-0.072755, yaw=-4.337526, roll=-0.217133))
Transform(Location(x=-48.454826, y=-194.574142, z=-0.013472), Rotation(pitch=-0.047449, yaw=-4.465456, roll=-0.203461))
Transform(Location(x=-48.426853, y=-194.577454, z=-0.013432), Rotation(pitch=-0.024807, yaw=-4.577058, roll=-0.192169))
Transform(Location(x=-48.395248, y=-194.581207, z=-0.013399), Rotation(pitch=0.000710, yaw=-4.698214, roll=-0.180176))
Transform(Location(x=-48.335815, y=-194.588303, z=-0.013336), Rotation(pitch=0.041876, yaw=-4.909548, roll=-0.156708))
Transform(Location(x=-48.305733, y=-194.591934, z=-0.013338), Rotation(pitch=0.036733, yaw=-5.017000, roll=-0.151215))
Transform(Location(x=-48.275379, y=-194.595596, z=-0.013355), Rotation(pitch=0.020491, yaw=-5.118594, roll=-0.148071))
Transform(Location(x=-48.243340, y=-194.599472, z=-0.013380), Rotation(pitch=-0.000219, yaw=-5.218936, roll=-0.145569))
Transform(Location(x=-48.210976, y=-194.603378, z=-0.013405), Rotation(pitch=-0.020204, yaw=-5.313968, roll=-0.143097))
Transform(Location(x=-48.179207, y=-194.607224, z=-0.013423), Rotation(pitch=-0.037143, yaw=-5.401674, roll=-0.140381))
Transform(Location(x=-48.145653, y=-194.611282, z=-0.013440), Rotation(pitch=-0.051513, yaw=-5.488833, roll=-0.137115))
Transform(Location(x=-48.113548, y=-194.615189, z=-0.013449), Rotation(pitch=-0.062004, yaw=-5.567295, roll=-0.133575))
Transform(Location(x=-48.072495, y=-194.620132, z=-0.013480), Rotation(pitch=-0.071259, yaw=-5.661228, roll=-0.128571))
Transform(Location(x=-48.033226, y=-194.624878, z=-0.013494), Rotation(pitch=-0.076840, yaw=-5.744509, roll=-0.123322))
Transform(Location(x=-47.999828, y=-194.628906, z=-0.013489), Rotation(pitch=-0.079681, yaw=-5.810307, roll=-0.118469))
Transform(Location(x=-47.962341, y=-194.633438, z=-0.013491), Rotation(pitch=-0.081272, yaw=-5.879001, roll=-0.112549))
Transform(Location(x=-47.925243, y=-194.637909, z=-0.013490), Rotation(pitch=-0.081723, yaw=-5.946110, roll=-0.107880))
Transform(Location(x=-47.881031, y=-194.643219, z=-0.013505), Rotation(pitch=-0.081300, yaw=-6.015415, roll=-0.101196))
Transform(Location(x=-47.843349, y=-194.647751, z=-0.013499), Rotation(pitch=-0.080535, yaw=-6.073124, roll=-0.096161))
Transform(Location(x=-47.797520, y=-194.653259, z=-0.013511), Rotation(pitch=-0.079346, yaw=-6.132054, roll=-0.088348))
Transform(Location(x=-47.761265, y=-194.657593, z=-0.013500), Rotation(pitch=-0.078370, yaw=-6.177343, roll=-0.082489))
Transform(Location(x=-47.684071, y=-194.666794, z=-0.013485), Rotation(pitch=-0.076484, yaw=-6.255498, roll=-0.067535))
Transform(Location(x=-47.645199, y=-194.671402, z=-0.013479), Rotation(pitch=-0.075774, yaw=-6.286747, roll=-0.059021))
Transform(Location(x=-47.604931, y=-194.676132, z=-0.013475), Rotation(pitch=-0.075194, yaw=-6.313878, roll=-0.049194))
Transform(Location(x=-47.568501, y=-194.680405, z=-0.013467), Rotation(pitch=-0.074832, yaw=-6.334630, roll=-0.039886))
Transform(Location(x=-47.530121, y=-194.684860, z=-0.013461), Rotation(pitch=-0.074613, yaw=-6.352757, roll=-0.029877))
Transform(Location(x=-47.485424, y=-194.690018, z=-0.013467), Rotation(pitch=-0.074586, yaw=-6.369451, roll=-0.018158))
Transform(Location(x=-47.444397, y=-194.694748, z=-0.013465), Rotation(pitch=-0.074674, yaw=-6.380650, roll=-0.007538))
Transform(Location(x=-47.399738, y=-194.699814, z=-0.013469), Rotation(pitch=-0.074832, yaw=-6.388555, roll=0.003862))
Transform(Location(x=-47.360298, y=-194.704300, z=-0.013464), Rotation(pitch=-0.074893, yaw=-6.391973, roll=0.013760))
Transform(Location(x=-47.269566, y=-194.714523, z=-0.013462), Rotation(pitch=-0.068568, yaw=-6.394413, roll=0.033303))
Transform(Location(x=-47.227722, y=-194.719193, z=-0.013428), Rotation(pitch=-0.046418, yaw=-6.388158, roll=0.042435))
Transform(Location(x=-47.174236, y=-194.725098, z=-0.013397), Rotation(pitch=-0.005922, yaw=-6.374516, roll=0.055012))
Transform(Location(x=-47.132263, y=-194.729660, z=-0.013354), Rotation(pitch=0.021570, yaw=-6.360265, roll=0.065037))
Transform(Location(x=-47.086555, y=-194.734604, z=-0.013319), Rotation(pitch=0.048139, yaw=-6.341466, roll=0.075890))
Transform(Location(x=-47.033695, y=-194.740250, z=-0.013301), Rotation(pitch=0.075084, yaw=-6.315923, roll=0.087969))
Transform(Location(x=-46.988621, y=-194.745010, z=-0.013277), Rotation(pitch=0.089530, yaw=-6.290502, roll=0.097813))
Transform(Location(x=-46.943142, y=-194.749802, z=-0.013289), Rotation(pitch=0.078574, yaw=-6.262762, roll=0.107106))
Transform(Location(x=-46.895493, y=-194.754715, z=-0.013310), Rotation(pitch=0.062121, yaw=-6.229008, roll=0.116910))
Transform(Location(x=-46.854534, y=-194.758926, z=-0.013317), Rotation(pitch=0.049546, yaw=-6.197453, roll=0.125398))
Transform(Location(x=-46.794975, y=-194.764938, z=-0.013382), Rotation(pitch=0.020149, yaw=-6.148412, roll=0.137790))
Transform(Location(x=-46.750736, y=-194.769348, z=-0.013402), Rotation(pitch=-0.002807, yaw=-6.109869, roll=0.146779))
Transform(Location(x=-46.705830, y=-194.773788, z=-0.013423), Rotation(pitch=-0.025115, yaw=-6.068821, roll=0.155793))
Transform(Location(x=-46.657810, y=-194.778488, z=-0.013447), Rotation(pitch=-0.046391, yaw=-6.023015, roll=0.165285))
Transform(Location(x=-46.598553, y=-194.784195, z=-0.013490), Rotation(pitch=-0.067933, yaw=-5.964024, roll=0.176787))
Transform(Location(x=-46.554314, y=-194.788437, z=-0.013495), Rotation(pitch=-0.080507, yaw=-5.919742, roll=0.184705))
Transform(Location(x=-46.452976, y=-194.797913, z=-0.013512), Rotation(pitch=-0.098997, yaw=-5.811375, roll=0.202573))
Transform(Location(x=-46.403179, y=-194.802475, z=-0.013514), Rotation(pitch=-0.103669, yaw=-5.755100, roll=0.211297))
Transform(Location(x=-46.347607, y=-194.807480, z=-0.013520), Rotation(pitch=-0.106107, yaw=-5.690098, roll=0.221234))
Transform(Location(x=-46.301258, y=-194.811600, z=-0.013511), Rotation(pitch=-0.106387, yaw=-5.634524, roll=0.229526))
Transform(Location(x=-46.242928, y=-194.816681, z=-0.013516), Rotation(pitch=-0.104768, yaw=-5.562961, roll=0.239945))
Transform(Location(x=-46.178352, y=-194.822220, z=-0.013528), Rotation(pitch=-0.101073, yaw=-5.481967, roll=0.251266))
Transform(Location(x=-46.108803, y=-194.828079, z=-0.013543), Rotation(pitch=-0.095425, yaw=-5.392826, roll=0.263090))
Transform(Location(x=-46.053642, y=-194.832657, z=-0.013528), Rotation(pitch=-0.090268, yaw=-5.320803, roll=0.272125))
Transform(Location(x=-46.000530, y=-194.836945, z=-0.013511), Rotation(pitch=-0.084804, yaw=-5.250429, roll=0.280554))
Transform(Location(x=-45.943760, y=-194.841476, z=-0.013498), Rotation(pitch=-0.078520, yaw=-5.174228, roll=0.289249))
Transform(Location(x=-45.892445, y=-194.845490, z=-0.013480), Rotation(pitch=-0.072632, yaw=-5.104618, roll=0.296791))
Transform(Location(x=-45.780136, y=-194.854065, z=-0.013455), Rotation(pitch=-0.059266, yaw=-4.950655, roll=0.312074))
Transform(Location(x=-45.780136, y=-194.854065, z=-0.013455), Rotation(pitch=-0.059266, yaw=-4.950655, roll=0.312074))
Transform(Location(x=-45.718929, y=-194.858566, z=-0.013448), Rotation(pitch=-0.051848, yaw=-4.865633, roll=0.319714))
Transform(Location(x=-45.655907, y=-194.863113, z=-0.013442), Rotation(pitch=-0.044280, yaw=-4.777347, roll=0.327178))
Transform(Location(x=-45.600853, y=-194.867020, z=-0.013427), Rotation(pitch=-0.037778, yaw=-4.700136, roll=0.333238))
Transform(Location(x=-45.479507, y=-194.875320, z=-0.013405), Rotation(pitch=-0.020409, yaw=-4.529757, roll=0.344973))
Transform(Location(x=-45.420216, y=-194.879272, z=-0.013384), Rotation(pitch=-0.006072, yaw=-4.446902, roll=0.349585))
Transform(Location(x=-45.360912, y=-194.883102, z=-0.013359), Rotation(pitch=0.010737, yaw=-4.363863, roll=0.353538))
Transform(Location(x=-45.302349, y=-194.886826, z=-0.013333), Rotation(pitch=0.028461, yaw=-4.281740, roll=0.356839))
Transform(Location(x=-45.246819, y=-194.890274, z=-0.013305), Rotation(pitch=0.045462, yaw=-4.203859, roll=0.359449))
Transform(Location(x=-45.192085, y=-194.893616, z=-0.013277), Rotation(pitch=0.061998, yaw=-4.127077, roll=0.361542))
Transform(Location(x=-45.131508, y=-194.897186, z=-0.013256), Rotation(pitch=0.079736, yaw=-4.042146, roll=0.363314))
Transform(Location(x=-45.074123, y=-194.900497, z=-0.013248), Rotation(pitch=0.084530, yaw=-3.959474, roll=0.365415))
Transform(Location(x=-45.015095, y=-194.903824, z=-0.013259), Rotation(pitch=0.076177, yaw=-3.873292, roll=0.368366))
Transform(Location(x=-44.953838, y=-194.907166, z=-0.013283), Rotation(pitch=0.060502, yaw=-3.784334, roll=0.371806))
Transform(Location(x=-44.827087, y=-194.913803, z=-0.013342), Rotation(pitch=0.023339, yaw=-3.602968, roll=0.379085))
Transform(Location(x=-44.766052, y=-194.916885, z=-0.013362), Rotation(pitch=0.007595, yaw=-3.517213, roll=0.382377))
Transform(Location(x=-44.701756, y=-194.920029, z=-0.013383), Rotation(pitch=-0.006291, yaw=-3.428071, roll=0.385527))
Transform(Location(x=-44.632786, y=-194.923340, z=-0.013405), Rotation(pitch=-0.017827, yaw=-3.333558, roll=0.388556))
Transform(Location(x=-44.570904, y=-194.926208, z=-0.013412), Rotation(pitch=-0.025360, yaw=-3.249695, roll=0.390983))
Transform(Location(x=-44.505775, y=-194.929123, z=-0.013419), Rotation(pitch=-0.030640, yaw=-3.162415, roll=0.393246))
Transform(Location(x=-44.436928, y=-194.932098, z=-0.013428), Rotation(pitch=-0.033632, yaw=-3.071198, roll=0.395333))
Transform(Location(x=-44.371178, y=-194.934860, z=-0.013428), Rotation(pitch=-0.034486, yaw=-2.985077, roll=0.397044))
Transform(Location(x=-44.252876, y=-194.939621, z=-0.013411), Rotation(pitch=-0.032136, yaw=-2.832215, roll=0.399561))
Transform(Location(x=-44.191257, y=-194.941986, z=-0.013404), Rotation(pitch=-0.029418, yaw=-2.753418, roll=0.400724))
Transform(Location(x=-44.124790, y=-194.944427, z=-0.013400), Rotation(pitch=-0.025600, yaw=-2.669953, roll=0.401629))
Transform(Location(x=-44.056957, y=-194.946838, z=-0.013397), Rotation(pitch=-0.021051, yaw=-2.586060, roll=0.402156))
Transform(Location(x=-43.986629, y=-194.949234, z=-0.013394), Rotation(pitch=-0.015839, yaw=-2.500306, roll=0.402317))
Transform(Location(x=-43.918518, y=-194.951492, z=-0.013388), Rotation(pitch=-0.010498, yaw=-2.418427, roll=0.402124))
Transform(Location(x=-43.848328, y=-194.953720, z=-0.013383), Rotation(pitch=-0.004761, yaw=-2.335205, roll=0.401584))
Transform(Location(x=-43.783348, y=-194.955719, z=-0.013373), Rotation(pitch=0.000601, yaw=-2.259278, roll=0.400805))
Transform(Location(x=-43.712894, y=-194.957764, z=-0.013367), Rotation(pitch=0.006489, yaw=-2.178131, roll=0.399655))
Transform(Location(x=-43.647099, y=-194.959625, z=-0.013357), Rotation(pitch=0.011939, yaw=-2.103485, roll=0.398325))
Transform(Location(x=-43.577747, y=-194.961487, z=-0.013350), Rotation(pitch=0.017642, yaw=-2.025971, roll=0.396652))
Transform(Location(x=-43.505596, y=-194.963333, z=-0.013346), Rotation(pitch=0.023482, yaw=-1.946594, roll=0.394644))
Transform(Location(x=-43.369358, y=-194.966583, z=-0.013328), Rotation(pitch=0.034110, yaw=-1.799560, roll=0.390395))
Transform(Location(x=-43.299099, y=-194.968140, z=-0.013322), Rotation(pitch=0.039403, yaw=-1.725708, roll=0.387941))
Transform(Location(x=-43.299099, y=-194.968140, z=-0.013322), Rotation(pitch=0.039403, yaw=-1.725708, roll=0.387941))
Transform(Location(x=-43.210732, y=-194.970001, z=-0.013335), Rotation(pitch=0.049860, yaw=-1.635498, roll=0.384140))
Transform(Location(x=-43.057400, y=-194.972946, z=-0.013303), Rotation(pitch=0.076689, yaw=-1.481964, roll=0.376817))
Transform(Location(x=-42.990162, y=-194.974121, z=-0.013276), Rotation(pitch=0.089756, yaw=-1.416351, roll=0.373272))
Transform(Location(x=-42.912601, y=-194.975372, z=-0.013259), Rotation(pitch=0.105035, yaw=-1.343048, roll=0.368504))
Transform(Location(x=-42.835102, y=-194.976532, z=-0.013242), Rotation(pitch=0.119808, yaw=-1.271637, roll=0.363126))
Transform(Location(x=-42.760635, y=-194.977615, z=-0.013226), Rotation(pitch=0.129794, yaw=-1.203949, roll=0.357687))
Transform(Location(x=-42.678623, y=-194.978668, z=-0.013242), Rotation(pitch=0.123831, yaw=-1.128174, roll=0.352595))
Transform(Location(x=-42.611729, y=-194.979492, z=-0.013247), Rotation(pitch=0.112200, yaw=-1.067810, roll=0.348759))
Transform(Location(x=-42.545227, y=-194.980209, z=-0.013256), Rotation(pitch=0.097679, yaw=-1.009339, roll=0.345023))
Transform(Location(x=-42.472561, y=-194.980972, z=-0.013276), Rotation(pitch=0.080958, yaw=-0.947083, roll=0.340977))
Transform(Location(x=-42.402821, y=-194.981613, z=-0.013290), Rotation(pitch=0.065823, yaw=-0.888733, roll=0.337134))
Transform(Location(x=-42.337078, y=-194.982178, z=-0.013299), Rotation(pitch=0.053071, yaw=-0.834381, roll=0.333732))
Transform(Location(x=-42.177273, y=-194.983337, z=-0.013258), Rotation(pitch=0.026966, yaw=-0.707886, roll=0.325039))
Transform(Location(x=-42.177273, y=-194.983337, z=-0.013258), Rotation(pitch=0.026966, yaw=-0.707886, roll=0.325039))
Transform(Location(x=-42.105244, y=-194.983765, z=-0.013244), Rotation(pitch=0.020094, yaw=-0.653229, roll=0.321218))
Transform(Location(x=-41.958069, y=-194.984451, z=-0.013219), Rotation(pitch=0.012813, yaw=-0.545258, roll=0.313359))
Transform(Location(x=-41.880409, y=-194.984726, z=-0.013209), Rotation(pitch=0.011809, yaw=-0.490540, roll=0.309240))
Transform(Location(x=-41.799862, y=-194.984955, z=-0.013200), Rotation(pitch=0.012308, yaw=-0.435394, roll=0.304858))
Transform(Location(x=-41.712540, y=-194.985092, z=-0.013192), Rotation(pitch=0.014234, yaw=-0.377228, roll=0.300012))
Transform(Location(x=-41.638332, y=-194.985184, z=-0.013186), Rotation(pitch=0.016591, yaw=-0.329041, roll=0.295935))
Transform(Location(x=-41.553246, y=-194.985214, z=-0.013181), Rotation(pitch=0.020094, yaw=-0.275146, roll=0.291193))
Transform(Location(x=-41.480408, y=-194.985184, z=-0.013177), Rotation(pitch=0.023366, yaw=-0.230133, roll=0.287190))
Transform(Location(x=-41.384182, y=-194.985077, z=-0.013173), Rotation(pitch=0.028427, yaw=-0.172302, roll=0.281771))
Transform(Location(x=-41.303894, y=-194.984940, z=-0.013171), Rotation(pitch=0.032628, yaw=-0.125336, roll=0.277342))
Transform(Location(x=-41.230598, y=-194.984756, z=-0.013169), Rotation(pitch=0.036487, yaw=-0.083496, roll=0.273332))
Transform(Location(x=-41.149315, y=-194.984482, z=-0.013167), Rotation(pitch=0.040947, yaw=-0.038239, roll=0.268843))
Transform(Location(x=-41.059940, y=-194.984131, z=-0.013166), Rotation(pitch=0.045947, yaw=0.010150, roll=0.263860))
Transform(Location(x=-40.981258, y=-194.983780, z=-0.013165), Rotation(pitch=0.050175, yaw=0.051599, roll=0.259516))
Transform(Location(x=-40.904694, y=-194.983398, z=-0.013163), Rotation(pitch=0.054225, yaw=0.090923, roll=0.255285))
Transform(Location(x=-40.806263, y=-194.982803, z=-0.013162), Rotation(pitch=0.059634, yaw=0.140030, roll=0.249706))
Transform(Location(x=-40.728115, y=-194.982300, z=-0.013161), Rotation(pitch=0.063555, yaw=0.177907, roll=0.245369))
Transform(Location(x=-40.648819, y=-194.981735, z=-0.013160), Rotation(pitch=0.067469, yaw=0.215322, roll=0.240948))
Transform(Location(x=-40.573605, y=-194.981171, z=-0.013153), Rotation(pitch=0.075248, yaw=0.249580, roll=0.236631))
Transform(Location(x=-40.494583, y=-194.980545, z=-0.013141), Rotation(pitch=0.086142, yaw=0.284599, roll=0.231967))
Transform(Location(x=-40.334553, y=-194.979111, z=-0.013113), Rotation(pitch=0.111462, yaw=0.353420, roll=0.222461))
Transform(Location(x=-40.334553, y=-194.979111, z=-0.013113), Rotation(pitch=0.111462, yaw=0.353420, roll=0.222461))
Transform(Location(x=-40.244354, y=-194.978256, z=-0.013096), Rotation(pitch=0.126222, yaw=0.390427, roll=0.217030))
Transform(Location(x=-40.092579, y=-194.976669, z=-0.013070), Rotation(pitch=0.148529, yaw=0.451261, roll=0.208226))
Transform(Location(x=-40.004337, y=-194.975677, z=-0.013077), Rotation(pitch=0.145251, yaw=0.485397, roll=0.203254))
Transform(Location(x=-39.922897, y=-194.974747, z=-0.013096), Rotation(pitch=0.133585, yaw=0.515925, roll=0.198805))
Transform(Location(x=-39.838692, y=-194.973724, z=-0.013121), Rotation(pitch=0.117650, yaw=0.546469, roll=0.194278))
Transform(Location(x=-39.762924, y=-194.972794, z=-0.013143), Rotation(pitch=0.103013, yaw=0.573108, roll=0.190308))
Transform(Location(x=-39.678875, y=-194.971710, z=-0.013166), Rotation(pitch=0.087317, yaw=0.601710, roll=0.185949))
Transform(Location(x=-39.601055, y=-194.970673, z=-0.013185), Rotation(pitch=0.074674, yaw=0.627377, roll=0.182020))
Transform(Location(x=-39.518997, y=-194.969559, z=-0.013202), Rotation(pitch=0.063275, yaw=0.653604, roll=0.177954))
Transform(Location(x=-39.439728, y=-194.968460, z=-0.013216), Rotation(pitch=0.054416, yaw=0.678156, roll=0.174129))
Transform(Location(x=-39.356297, y=-194.967255, z=-0.013227), Rotation(pitch=0.047121, yaw=0.703191, roll=0.170188))
Transform(Location(x=-39.194649, y=-194.964874, z=-0.013240), Rotation(pitch=0.038413, yaw=0.749966, roll=0.162993))
Transform(Location(x=-39.110466, y=-194.963593, z=-0.013244), Rotation(pitch=0.036145, yaw=0.773658, roll=0.159582))
Transform(Location(x=-39.028191, y=-194.962326, z=-0.013245), Rotation(pitch=0.035141, yaw=0.795655, roll=0.156294))
Transform(Location(x=-38.943760, y=-194.960968, z=-0.013246), Rotation(pitch=0.035107, yaw=0.817354, roll=0.152917))
Transform(Location(x=-38.861477, y=-194.959641, z=-0.013245), Rotation(pitch=0.035872, yaw=0.837785, roll=0.149643))
Transform(Location(x=-38.761238, y=-194.957977, z=-0.013242), Rotation(pitch=0.037723, yaw=0.861799, roll=0.145610))
Transform(Location(x=-38.661148, y=-194.956284, z=-0.013239), Rotation(pitch=0.040243, yaw=0.884880, roll=0.141629))
Transform(Location(x=-38.581253, y=-194.954910, z=-0.013236), Rotation(pitch=0.042477, yaw=0.902717, roll=0.138551))
Transform(Location(x=-38.493752, y=-194.953400, z=-0.013232), Rotation(pitch=0.045291, yaw=0.921618, roll=0.135192))
Transform(Location(x=-38.397453, y=-194.951691, z=-0.013227), Rotation(pitch=0.048692, yaw=0.941718, roll=0.131524))
Transform(Location(x=-38.315830, y=-194.950211, z=-0.013223), Rotation(pitch=0.051588, yaw=0.958216, roll=0.128508))
Transform(Location(x=-38.221920, y=-194.948486, z=-0.013218), Rotation(pitch=0.055140, yaw=0.976543, roll=0.125050))
Transform(Location(x=-38.126640, y=-194.946732, z=-0.013213), Rotation(pitch=0.058801, yaw=0.994458, roll=0.121593))
Transform(Location(x=-38.042545, y=-194.945145, z=-0.013208), Rotation(pitch=0.061950, yaw=1.009747, roll=0.118622))
Transform(Location(x=-37.960018, y=-194.943588, z=-0.013204), Rotation(pitch=0.065051, yaw=1.024283, roll=0.115756))
Transform(Location(x=-37.879742, y=-194.942047, z=-0.013200), Rotation(pitch=0.068042, yaw=1.037987, roll=0.113017))
Transform(Location(x=-37.705536, y=-194.938644, z=-0.013188), Rotation(pitch=0.076423, yaw=1.066960, roll=0.107408))
Transform(Location(x=-37.616154, y=-194.936874, z=-0.013174), Rotation(pitch=0.085890, yaw=1.081067, roll=0.104640))
Transform(Location(x=-37.524712, y=-194.935028, z=-0.013158), Rotation(pitch=0.097897, yaw=1.094647, roll=0.101752))
Transform(Location(x=-37.422516, y=-194.932968, z=-0.013137), Rotation(pitch=0.112766, yaw=1.109094, roll=0.098422))
Transform(Location(x=-37.328968, y=-194.931046, z=-0.013118), Rotation(pitch=0.126078, yaw=1.121811, roll=0.095364))
Transform(Location(x=-37.246693, y=-194.929337, z=-0.013102), Rotation(pitch=0.137184, yaw=1.132614, roll=0.092690))
Transform(Location(x=-37.166187, y=-194.927673, z=-0.013088), Rotation(pitch=0.147594, yaw=1.142848, roll=0.090075))
Transform(Location(x=-37.084267, y=-194.925949, z=-0.013082), Rotation(pitch=0.152040, yaw=1.153027, roll=0.087459))
Transform(Location(x=-37.006069, y=-194.924316, z=-0.013096), Rotation(pitch=0.141802, yaw=1.162642, roll=0.085101))
Transform(Location(x=-36.835342, y=-194.920700, z=-0.013157), Rotation(pitch=0.098833, yaw=1.182955, roll=0.080347))
Transform(Location(x=-36.749836, y=-194.918839, z=-0.013190), Rotation(pitch=0.075678, yaw=1.192573, roll=0.078159))
Transform(Location(x=-36.654415, y=-194.916794, z=-0.013224), Rotation(pitch=0.051561, yaw=1.202783, roll=0.075786))
Transform(Location(x=-36.560093, y=-194.914749, z=-0.013252), Rotation(pitch=0.031385, yaw=1.212447, roll=0.073541))
Transform(Location(x=-36.449471, y=-194.912323, z=-0.013279), Rotation(pitch=0.012124, yaw=1.223261, roll=0.070991))
Transform(Location(x=-36.364491, y=-194.910446, z=-0.013294), Rotation(pitch=0.001496, yaw=1.231245, roll=0.069156))
Transform(Location(x=-36.271816, y=-194.908401, z=-0.013306), Rotation(pitch=-0.007295, yaw=1.239588, roll=0.067213))
Transform(Location(x=-36.166164, y=-194.906006, z=-0.013315), Rotation(pitch=-0.014043, yaw=1.248706, roll=0.065065))
Transform(Location(x=-36.076477, y=-194.904007, z=-0.013320), Rotation(pitch=-0.017274, yaw=1.256116, roll=0.063327))
Transform(Location(x=-35.986073, y=-194.901962, z=-0.013321), Rotation(pitch=-0.018804, yaw=1.263297, roll=0.061625))
Transform(Location(x=-35.889114, y=-194.899780, z=-0.013321), Rotation(pitch=-0.018769, yaw=1.270683, roll=0.059841))
Transform(Location(x=-35.795856, y=-194.897659, z=-0.013319), Rotation(pitch=-0.017513, yaw=1.277676, roll=0.058224))
Transform(Location(x=-35.617500, y=-194.893616, z=-0.013312), Rotation(pitch=-0.012663, yaw=1.290229, roll=0.055279))
Transform(Location(x=-35.527309, y=-194.891525, z=-0.013307), Rotation(pitch=-0.009371, yaw=1.296305, roll=0.053874))
Transform(Location(x=-35.436375, y=-194.889435, z=-0.013302), Rotation(pitch=-0.005649, yaw=1.302087, roll=0.052468))
Transform(Location(x=-35.325161, y=-194.886856, z=-0.013295), Rotation(pitch=-0.000519, yaw=1.308796, roll=0.050728))
Transform(Location(x=-35.229382, y=-194.884598, z=-0.013288), Rotation(pitch=0.003886, yaw=1.314325, roll=0.049264))
Transform(Location(x=-35.137444, y=-194.882462, z=-0.013282), Rotation(pitch=0.008169, yaw=1.319391, roll=0.047867))
Transform(Location(x=-35.039497, y=-194.880188, z=-0.013276), Rotation(pitch=0.012841, yaw=1.324555, roll=0.046380))
Transform(Location(x=-34.937321, y=-194.877792, z=-0.013269), Rotation(pitch=0.017731, yaw=1.329749, roll=0.044847))
Transform(Location(x=-34.812672, y=-194.874832, z=-0.013260), Rotation(pitch=0.023831, yaw=1.335793, roll=0.042984))
Transform(Location(x=-34.698868, y=-194.872147, z=-0.013253), Rotation(pitch=0.029062, yaw=1.341030, roll=0.041339))
Transform(Location(x=-34.585648, y=-194.869461, z=-0.013246), Rotation(pitch=0.034089, yaw=1.345980, roll=0.039743))
Transform(Location(x=-34.482815, y=-194.867020, z=-0.013236), Rotation(pitch=0.040776, yaw=1.350263, roll=0.038335))
Transform(Location(x=-34.392414, y=-194.864883, z=-0.013222), Rotation(pitch=0.050810, yaw=1.353871, roll=0.037130))
Transform(Location(x=-34.296520, y=-194.862595, z=-0.013204), Rotation(pitch=0.064142, yaw=1.357565, roll=0.035875))
Transform(Location(x=-34.200184, y=-194.860275, z=-0.013183), Rotation(pitch=0.078759, yaw=1.361131, roll=0.034643))
Transform(Location(x=-34.104660, y=-194.858002, z=-0.013162), Rotation(pitch=0.093546, yaw=1.364510, roll=0.033444))
Transform(Location(x=-34.005260, y=-194.855606, z=-0.013141), Rotation(pitch=0.108791, yaw=1.367898, roll=0.032223))
Transform(Location(x=-33.899025, y=-194.853043, z=-0.013119), Rotation(pitch=0.124501, yaw=1.371385, roll=0.030951))
Transform(Location(x=-33.701344, y=-194.848282, z=-0.013128), Rotation(pitch=0.118763, yaw=1.377626, roll=0.028760))
Transform(Location(x=-33.701344, y=-194.848282, z=-0.013128), Rotation(pitch=0.118763, yaw=1.377626, roll=0.028760))
Transform(Location(x=-33.498878, y=-194.843353, z=-0.013195), Rotation(pitch=0.071068, yaw=1.383664, roll=0.026790))
Transform(Location(x=-33.392502, y=-194.840775, z=-0.013233), Rotation(pitch=0.044417, yaw=1.386575, roll=0.025828))
Transform(Location(x=-33.392502, y=-194.840775, z=-0.013233), Rotation(pitch=0.044417, yaw=1.386575, roll=0.025828))
Transform(Location(x=-33.253811, y=-194.837402, z=-0.013275), Rotation(pitch=0.014603, yaw=1.390150, roll=0.024646))
Transform(Location(x=-33.136303, y=-194.834534, z=-0.013305), Rotation(pitch=-0.006871, yaw=1.392972, roll=0.023676))
Transform(Location(x=-33.034931, y=-194.832062, z=-0.013325), Rotation(pitch=-0.020996, yaw=1.395286, roll=0.022880))
Transform(Location(x=-32.922955, y=-194.829330, z=-0.013341), Rotation(pitch=-0.033017, yaw=1.397718, roll=0.022029))
Transform(Location(x=-32.717148, y=-194.824280, z=-0.013359), Rotation(pitch=-0.045960, yaw=1.402025, roll=0.020611))
Transform(Location(x=-32.609474, y=-194.821609, z=-0.013363), Rotation(pitch=-0.049130, yaw=1.404077, roll=0.019911))
Transform(Location(x=-32.507767, y=-194.819122, z=-0.013365), Rotation(pitch=-0.050332, yaw=1.405872, roll=0.019259))
Transform(Location(x=-32.398960, y=-194.816422, z=-0.013364), Rotation(pitch=-0.050045, yaw=1.407695, roll=0.018571))
Transform(Location(x=-32.288998, y=-194.813721, z=-0.013362), Rotation(pitch=-0.048488, yaw=1.409432, roll=0.017887))
Transform(Location(x=-32.194687, y=-194.811401, z=-0.013359), Rotation(pitch=-0.046452, yaw=1.410845, roll=0.017315))
Transform(Location(x=-32.052429, y=-194.807861, z=-0.013352), Rotation(pitch=-0.041903, yaw=1.412887, roll=0.016449))
Transform(Location(x=-31.922218, y=-194.804657, z=-0.013346), Rotation(pitch=-0.037177, yaw=1.414625, roll=0.015686))
Transform(Location(x=-31.922218, y=-194.804657, z=-0.013346), Rotation(pitch=-0.037177, yaw=1.414625, roll=0.015686))
Transform(Location(x=-31.659983, y=-194.798157, z=-0.013330), Rotation(pitch=-0.026549, yaw=1.417846, roll=0.014228))
Transform(Location(x=-31.659983, y=-194.798157, z=-0.013330), Rotation(pitch=-0.026549, yaw=1.417846, roll=0.014228))
Transform(Location(x=-31.436378, y=-194.792618, z=-0.013317), Rotation(pitch=-0.017335, yaw=1.420387, roll=0.013124))
Transform(Location(x=-31.325958, y=-194.789856, z=-0.013311), Rotation(pitch=-0.012725, yaw=1.421517, roll=0.012608))
Transform(Location(x=-31.224060, y=-194.787323, z=-0.013305), Rotation(pitch=-0.008606, yaw=1.422474, roll=0.012138))
Transform(Location(x=-31.110338, y=-194.784500, z=-0.013298), Rotation(pitch=-0.003907, yaw=1.423477, roll=0.011617))
Transform(Location(x=-31.004343, y=-194.781876, z=-0.013292), Rotation(pitch=0.000307, yaw=1.424360, roll=0.011146))
Transform(Location(x=-30.907997, y=-194.779465, z=-0.013287), Rotation(pitch=0.003989, yaw=1.425148, roll=0.010733))
Transform(Location(x=-30.685255, y=-194.773926, z=-0.013253), Rotation(pitch=0.027792, yaw=1.426828, roll=0.009811))
Transform(Location(x=-30.685255, y=-194.773926, z=-0.013253), Rotation(pitch=0.027792, yaw=1.426828, roll=0.009811))
Transform(Location(x=-30.566671, y=-194.770950, z=-0.013228), Rotation(pitch=0.045817, yaw=1.427647, roll=0.009342))
Transform(Location(x=-30.443987, y=-194.767883, z=-0.013201), Rotation(pitch=0.065542, yaw=1.428431, roll=0.008865))
Transform(Location(x=-30.315100, y=-194.764679, z=-0.013172), Rotation(pitch=0.086204, yaw=1.429180, roll=0.008372))
Transform(Location(x=-30.103207, y=-194.759369, z=-0.013135), Rotation(pitch=0.112295, yaw=1.430357, roll=0.007617))
Transform(Location(x=-30.103207, y=-194.759369, z=-0.013135), Rotation(pitch=0.112295, yaw=1.430357, roll=0.007617))
Transform(Location(x=-29.871874, y=-194.753586, z=-0.013171), Rotation(pitch=0.087426, yaw=1.431552, roll=0.006872))
Transform(Location(x=-29.761801, y=-194.750839, z=-0.013200), Rotation(pitch=0.066922, yaw=1.432065, roll=0.006546))
Transform(Location(x=-29.653120, y=-194.748108, z=-0.013230), Rotation(pitch=0.046070, yaw=1.432540, roll=0.006238))
Transform(Location(x=-29.526472, y=-194.744934, z=-0.013263), Rotation(pitch=0.022608, yaw=1.433050, roll=0.005891))
Transform(Location(x=-29.412502, y=-194.742081, z=-0.013288), Rotation(pitch=0.004624, yaw=1.433465, roll=0.005594))
Transform(Location(x=-29.299467, y=-194.739258, z=-0.013309), Rotation(pitch=-0.010437, yaw=1.433848, roll=0.005311))
Transform(Location(x=-29.185629, y=-194.736404, z=-0.013327), Rotation(pitch=-0.022826, yaw=1.434209, roll=0.005037))
Transform(Location(x=-29.078930, y=-194.733749, z=-0.013339), Rotation(pitch=-0.031958, yaw=1.434535, roll=0.004797))
Transform(Location(x=-28.970217, y=-194.731018, z=-0.013349), Rotation(pitch=-0.039123, yaw=1.434861, roll=0.004565))
Transform(Location(x=-28.741484, y=-194.725296, z=-0.013362), Rotation(pitch=-0.048365, yaw=1.435487, roll=0.004121))
Transform(Location(x=-28.614471, y=-194.722107, z=-0.013365), Rotation(pitch=-0.050660, yaw=1.435812, roll=0.003898))
Transform(Location(x=-28.614471, y=-194.722107, z=-0.013365), Rotation(pitch=-0.050660, yaw=1.435812, roll=0.003898))
Transform(Location(x=-28.362553, y=-194.715820, z=-0.013365), Rotation(pitch=-0.050878, yaw=1.436407, roll=0.003503))
Transform(Location(x=-28.238163, y=-194.712692, z=-0.013363), Rotation(pitch=-0.049444, yaw=1.436696, roll=0.003335))
Transform(Location(x=-28.104164, y=-194.709335, z=-0.013359), Rotation(pitch=-0.047087, yaw=1.436987, roll=0.003168))
Transform(Location(x=-28.104164, y=-194.709335, z=-0.013359), Rotation(pitch=-0.047087, yaw=1.436987, roll=0.003168))
Transform(Location(x=-27.843052, y=-194.702789, z=-0.013350), Rotation(pitch=-0.040954, yaw=1.437492, roll=0.002878))
Transform(Location(x=-27.728838, y=-194.699936, z=-0.013346), Rotation(pitch=-0.037935, yaw=1.437692, roll=0.002764))
Transform(Location(x=-27.584351, y=-194.696304, z=-0.013340), Rotation(pitch=-0.033686, yaw=1.437957, roll=0.002633))
Transform(Location(x=-27.458696, y=-194.693146, z=-0.013335), Rotation(pitch=-0.030026, yaw=1.438193, roll=0.002535))
Transform(Location(x=-27.332903, y=-194.689957, z=-0.013329), Rotation(pitch=-0.026269, yaw=1.438399, roll=0.002440))
Transform(Location(x=-27.206041, y=-194.686768, z=-0.013324), Rotation(pitch=-0.022492, yaw=1.438556, roll=0.002340))
Transform(Location(x=-27.206041, y=-194.686768, z=-0.013324), Rotation(pitch=-0.022492, yaw=1.438556, roll=0.002340))
Transform(Location(x=-27.048428, y=-194.682831, z=-0.013317), Rotation(pitch=-0.017581, yaw=1.438710, roll=0.002201))
Transform(Location(x=-26.790230, y=-194.676346, z=-0.013304), Rotation(pitch=-0.008244, yaw=1.438951, roll=0.001979))
Transform(Location(x=-26.790230, y=-194.676346, z=-0.013304), Rotation(pitch=-0.008244, yaw=1.438951, roll=0.001979))
Transform(Location(x=-26.530947, y=-194.669861, z=-0.013261), Rotation(pitch=0.022383, yaw=1.439131, roll=0.001749))
Transform(Location(x=-26.406723, y=-194.666733, z=-0.013235), Rotation(pitch=0.040804, yaw=1.439237, roll=0.001647))
Transform(Location(x=-26.276920, y=-194.663498, z=-0.013207), Rotation(pitch=0.060789, yaw=1.439345, roll=0.001546))
Transform(Location(x=-26.115664, y=-194.659409, z=-0.013172), Rotation(pitch=0.086108, yaw=1.439500, roll=0.001438))
Transform(Location(x=-26.115664, y=-194.659409, z=-0.013172), Rotation(pitch=0.086108, yaw=1.439500, roll=0.001438))
Transform(Location(x=-25.865396, y=-194.653122, z=-0.013144), Rotation(pitch=0.106360, yaw=1.439719, roll=0.001297))
Transform(Location(x=-25.731236, y=-194.649765, z=-0.013158), Rotation(pitch=0.096504, yaw=1.439796, roll=0.001221))
Transform(Location(x=-25.603605, y=-194.646561, z=-0.013180), Rotation(pitch=0.081231, yaw=1.439866, roll=0.001153))
Transform(Location(x=-25.472012, y=-194.643234, z=-0.013206), Rotation(pitch=0.063049, yaw=1.439934, roll=0.001083))
Transform(Location(x=-25.350473, y=-194.640198, z=-0.013229), Rotation(pitch=0.046548, yaw=1.439970, roll=0.001018))
Transform(Location(x=-25.230539, y=-194.637207, z=-0.013251), Rotation(pitch=0.031269, yaw=1.440011, roll=0.000955))
Transform(Location(x=-25.113085, y=-194.634232, z=-0.013270), Rotation(pitch=0.017827, yaw=1.440071, roll=0.000901))
Transform(Location(x=-24.994701, y=-194.631271, z=-0.013286), Rotation(pitch=0.005942, yaw=1.440118, roll=0.000849))
Transform(Location(x=-24.851637, y=-194.627670, z=-0.013304), Rotation(pitch=-0.006441, yaw=1.440164, roll=0.000786))
Transform(Location(x=-24.713772, y=-194.624191, z=-0.013317), Rotation(pitch=-0.015778, yaw=1.440222, roll=0.000734))
Transform(Location(x=-24.579926, y=-194.620834, z=-0.013327), Rotation(pitch=-0.022731, yaw=1.440261, roll=0.000685))
Transform(Location(x=-24.461164, y=-194.618271, z=-0.012859), Rotation(pitch=0.050632, yaw=1.440813, roll=0.087263))
Transform(Location(x=-24.323343, y=-194.615189, z=-0.012402), Rotation(pitch=0.110758, yaw=1.441027, roll=0.188166))
Transform(Location(x=-24.170116, y=-194.611603, z=-0.011991), Rotation(pitch=0.153392, yaw=1.441996, roll=0.294828))
Transform(Location(x=-23.926111, y=-194.605621, z=-0.011514), Rotation(pitch=0.187789, yaw=1.444809, roll=0.438170))
Transform(Location(x=-23.798500, y=-194.602371, z=-0.011327), Rotation(pitch=0.197010, yaw=1.446607, roll=0.499075))
Transform(Location(x=-23.660305, y=-194.598831, z=-0.011162), Rotation(pitch=0.203123, yaw=1.448454, roll=0.553525))
Transform(Location(x=-23.535002, y=-194.595566, z=-0.011042), Rotation(pitch=0.206415, yaw=1.449899, roll=0.592414))
Transform(Location(x=-23.392572, y=-194.592178, z=-0.010717), Rotation(pitch=0.159041, yaw=1.451356, roll=0.689960))
Transform(Location(x=-23.263968, y=-194.589294, z=-0.010275), Rotation(pitch=0.092269, yaw=1.452973, roll=0.826143))
Transform(Location(x=-23.127251, y=-194.586044, z=-0.009857), Rotation(pitch=0.044321, yaw=1.454719, roll=0.958819))
Transform(Location(x=-23.003105, y=-194.583008, z=-0.009527), Rotation(pitch=0.016078, yaw=1.456072, roll=1.064987))
Transform(Location(x=-22.761471, y=-194.576797, z=-0.009010), Rotation(pitch=-0.013339, yaw=1.457891, roll=1.229839))
Transform(Location(x=-22.761471, y=-194.576797, z=-0.009010), Rotation(pitch=-0.013339, yaw=1.457891, roll=1.229839))
Transform(Location(x=-22.638662, y=-194.573532, z=-0.008804), Rotation(pitch=-0.020115, yaw=1.458474, roll=1.292316))
Transform(Location(x=-22.486935, y=-194.569473, z=-0.008594), Rotation(pitch=-0.023837, yaw=1.458794, roll=1.350650))
Transform(Location(x=-22.339319, y=-194.565491, z=-0.008435), Rotation(pitch=-0.024131, yaw=1.458660, roll=1.388752))
Transform(Location(x=-22.193666, y=-194.561539, z=-0.008314), Rotation(pitch=-0.022430, yaw=1.458062, roll=1.410383))
Transform(Location(x=-21.922655, y=-194.554214, z=-0.008165), Rotation(pitch=-0.016543, yaw=1.455701, roll=1.416676))
Transform(Location(x=-21.789236, y=-194.550613, z=-0.008120), Rotation(pitch=-0.012998, yaw=1.453835, roll=1.407235))
Transform(Location(x=-21.667664, y=-194.547394, z=-0.008091), Rotation(pitch=-0.009678, yaw=1.451834, roll=1.393687))
Transform(Location(x=-21.548164, y=-194.543976, z=-0.008340), Rotation(pitch=-0.050810, yaw=1.449975, roll=1.331306))
Transform(Location(x=-21.291288, y=-194.536499, z=-0.009254), Rotation(pitch=-0.173767, yaw=1.442338, roll=1.092205))
Transform(Location(x=-21.291288, y=-194.536499, z=-0.009254), Rotation(pitch=-0.173767, yaw=1.442338, roll=1.092205))
Transform(Location(x=-21.024618, y=-194.529312, z=-0.009912), Rotation(pitch=-0.228641, yaw=1.432094, roll=0.863675))
Transform(Location(x=-20.887604, y=-194.525772, z=-0.010164), Rotation(pitch=-0.241153, yaw=1.427160, roll=0.762183))
Transform(Location(x=-20.763035, y=-194.522659, z=-0.010353), Rotation(pitch=-0.247041, yaw=1.423121, roll=0.681909))
Transform(Location(x=-20.636866, y=-194.519547, z=-0.010511), Rotation(pitch=-0.249384, yaw=1.419559, roll=0.612409))
Transform(Location(x=-20.504553, y=-194.516342, z=-0.010646), Rotation(pitch=-0.249240, yaw=1.416435, roll=0.552367))
Transform(Location(x=-20.370983, y=-194.512833, z=-0.010972), Rotation(pitch=-0.198308, yaw=1.414265, roll=0.440984))
Transform(Location(x=-20.115086, y=-194.505859, z=-0.011855), Rotation(pitch=-0.066649, yaw=1.412052, roll=0.141799))
Transform(Location(x=-19.969250, y=-194.502151, z=-0.012271), Rotation(pitch=-0.022280, yaw=1.410486, roll=-0.002075))
Transform(Location(x=-19.834419, y=-194.498840, z=-0.012598), Rotation(pitch=0.005293, yaw=1.408905, roll=-0.113953))
Transform(Location(x=-19.699745, y=-194.495667, z=-0.012875), Rotation(pitch=0.024220, yaw=1.407458, roll=-0.205231))
Transform(Location(x=-19.553848, y=-194.492264, z=-0.013126), Rotation(pitch=0.038099, yaw=1.406343, roll=-0.281586))
Transform(Location(x=-19.419525, y=-194.489197, z=-0.013314), Rotation(pitch=0.046452, yaw=1.405858, roll=-0.332031))
Transform(Location(x=-19.293991, y=-194.486359, z=-0.013456), Rotation(pitch=0.051705, yaw=1.405708, roll=-0.363525))
Transform(Location(x=-19.024710, y=-194.480255, z=-0.013673), Rotation(pitch=0.058009, yaw=1.407367, roll=-0.386871))
Transform(Location(x=-19.024710, y=-194.480255, z=-0.013673), Rotation(pitch=0.058009, yaw=1.407367, roll=-0.386871))
Transform(Location(x=-18.844986, y=-194.476166, z=-0.013762), Rotation(pitch=0.060119, yaw=1.409891, roll=-0.374359))
Transform(Location(x=-18.716778, y=-194.473236, z=-0.013803), Rotation(pitch=0.061007, yaw=1.411988, roll=-0.356903))
Transform(Location(x=-18.581467, y=-194.470108, z=-0.013830), Rotation(pitch=0.061677, yaw=1.414660, roll=-0.331665))
Transform(Location(x=-18.428547, y=-194.466522, z=-0.013843), Rotation(pitch=0.062278, yaw=1.418074, roll=-0.296722))
Transform(Location(x=-18.131485, y=-194.459442, z=-0.013827), Rotation(pitch=0.063302, yaw=1.425166, roll=-0.220032))
Transform(Location(x=-18.131485, y=-194.459442, z=-0.013827), Rotation(pitch=0.063302, yaw=1.425166, roll=-0.220032))
Transform(Location(x=-17.972914, y=-194.455582, z=-0.013803), Rotation(pitch=0.063903, yaw=1.428964, roll=-0.178009))
Transform(Location(x=-17.803825, y=-194.451447, z=-0.013769), Rotation(pitch=0.064634, yaw=1.432743, roll=-0.134796))
Transform(Location(x=-17.670668, y=-194.448135, z=-0.013739), Rotation(pitch=0.065249, yaw=1.435597, roll=-0.103699))
Transform(Location(x=-17.498447, y=-194.443848, z=-0.013695), Rotation(pitch=0.066191, yaw=1.438839, roll=-0.066711))
Transform(Location(x=-17.352343, y=-194.440155, z=-0.013658), Rotation(pitch=0.067038, yaw=1.441239, roll=-0.039642))
Transform(Location(x=-17.194000, y=-194.436142, z=-0.013616), Rotation(pitch=0.068049, yaw=1.443425, roll=-0.014587))
Transform(Location(x=-16.900206, y=-194.428650, z=-0.013541), Rotation(pitch=0.070064, yaw=1.446833, roll=0.019766))
Transform(Location(x=-16.763781, y=-194.425156, z=-0.013508), Rotation(pitch=0.071048, yaw=1.447918, roll=0.030663))
Transform(Location(x=-16.614536, y=-194.421326, z=-0.013473), Rotation(pitch=0.072195, yaw=1.448717, roll=0.039275))
Transform(Location(x=-16.461918, y=-194.417419, z=-0.013440), Rotation(pitch=0.073404, yaw=1.449190, roll=0.044868))
Transform(Location(x=-16.305756, y=-194.413406, z=-0.013407), Rotation(pitch=0.074674, yaw=1.449399, roll=0.047675))
Transform(Location(x=-16.177134, y=-194.410110, z=-0.013383), Rotation(pitch=0.075699, yaw=1.449403, roll=0.048182))
Transform(Location(x=-16.034000, y=-194.406418, z=-0.013358), Rotation(pitch=0.076881, yaw=1.449241, roll=0.047061))
Transform(Location(x=-15.895157, y=-194.402863, z=-0.013335), Rotation(pitch=0.078028, yaw=1.448938, roll=0.044658))
Transform(Location(x=-15.749108, y=-194.399139, z=-0.013313), Rotation(pitch=0.079271, yaw=1.448491, roll=0.041026))
Transform(Location(x=-15.482075, y=-194.392319, z=-0.013279), Rotation(pitch=0.081498, yaw=1.449966, roll=0.033386))
Transform(Location(x=-15.337893, y=-194.388626, z=-0.013262), Rotation(pitch=0.082727, yaw=1.454492, roll=0.029922))
Transform(Location(x=-15.164958, y=-194.384201, z=-0.013244), Rotation(pitch=0.084250, yaw=1.464725, roll=0.027668))
Transform(Location(x=-15.028325, y=-194.380661, z=-0.013232), Rotation(pitch=0.085377, yaw=1.475724, roll=0.027652))
Transform(Location(x=-14.876186, y=-194.376678, z=-0.013220), Rotation(pitch=0.086655, yaw=1.490912, roll=0.029877))
Transform(Location(x=-14.741207, y=-194.373123, z=-0.013210), Rotation(pitch=0.087761, yaw=1.506459, roll=0.033771))
Transform(Location(x=-14.607570, y=-194.369583, z=-0.013202), Rotation(pitch=0.088847, yaw=1.523538, roll=0.039469))
Transform(Location(x=-14.470979, y=-194.365921, z=-0.013194), Rotation(pitch=0.089967, yaw=1.542467, roll=0.047131))
Transform(Location(x=-14.206916, y=-194.358688, z=-0.013182), Rotation(pitch=0.092078, yaw=1.581361, roll=0.066192))
Transform(Location(x=-14.047291, y=-194.354218, z=-0.013175), Rotation(pitch=0.093410, yaw=1.606405, roll=0.080277))
Transform(Location(x=-13.899985, y=-194.350052, z=-0.013170), Rotation(pitch=0.094564, yaw=1.630274, roll=0.094273))
Transform(Location(x=-13.743426, y=-194.345566, z=-0.013165), Rotation(pitch=0.095807, yaw=1.656309, roll=0.110058))
Transform(Location(x=-13.603415, y=-194.341476, z=-0.013162), Rotation(pitch=0.096879, yaw=1.680007, roll=0.124424))
Transform(Location(x=-13.466358, y=-194.337418, z=-0.013159), Rotation(pitch=0.097911, yaw=1.703369, roll=0.138544))
Transform(Location(x=-13.340482, y=-194.333649, z=-0.013156), Rotation(pitch=0.098840, yaw=1.724808, roll=0.151275))
Transform(Location(x=-13.180683, y=-194.328812, z=-0.013153), Rotation(pitch=0.100069, yaw=1.751838, roll=0.167217))
Transform(Location(x=-13.047138, y=-194.324677, z=-0.013151), Rotation(pitch=0.101039, yaw=1.774161, roll=0.179688))
Transform(Location(x=-12.906645, y=-194.320267, z=-0.013149), Rotation(pitch=0.102077, yaw=1.797466, roll=0.192035))
Transform(Location(x=-12.750716, y=-194.315323, z=-0.013147), Rotation(pitch=0.103225, yaw=1.822655, roll=0.204585))
Transform(Location(x=-12.591981, y=-194.310211, z=-0.013146), Rotation(pitch=0.104372, yaw=1.847501, roll=0.215821))
Transform(Location(x=-12.287577, y=-194.300232, z=-0.013143), Rotation(pitch=0.106517, yaw=1.893181, roll=0.232606))
Transform(Location(x=-12.142280, y=-194.295364, z=-0.013142), Rotation(pitch=0.107500, yaw=1.914249, roll=0.238382))
Transform(Location(x=-11.995490, y=-194.290390, z=-0.013141), Rotation(pitch=0.108518, yaw=1.934870, roll=0.242764))
Transform(Location(x=-11.995490, y=-194.290390, z=-0.013141), Rotation(pitch=0.108518, yaw=1.934870, roll=0.242764))
Transform(Location(x=-11.650977, y=-194.279053, z=-0.013077), Rotation(pitch=0.155421, yaw=1.872481, roll=0.214213))
Transform(Location(x=-11.501989, y=-194.274277, z=-0.013041), Rotation(pitch=0.181171, yaw=1.828550, roll=0.186900))
Transform(Location(x=-11.357746, y=-194.269745, z=-0.013023), Rotation(pitch=0.194934, yaw=1.785112, roll=0.153874))
Transform(Location(x=-11.224509, y=-194.265625, z=-0.013015), Rotation(pitch=0.200971, yaw=1.746165, roll=0.119297))
Transform(Location(x=-11.075009, y=-194.261093, z=-0.013014), Rotation(pitch=0.202597, yaw=1.704815, roll=0.076630))
Transform(Location(x=-10.945674, y=-194.257248, z=-0.013017), Rotation(pitch=0.201204, yaw=1.671306, roll=0.038638))
Transform(Location(x=-10.810437, y=-194.253296, z=-0.013022), Rotation(pitch=0.197871, yaw=1.638815, roll=-0.001617))
Transform(Location(x=-10.545311, y=-194.245804, z=-0.013036), Rotation(pitch=0.188527, yaw=1.579746, roll=-0.078278))
Transform(Location(x=-10.414957, y=-194.242218, z=-0.013043), Rotation(pitch=0.183384, yaw=1.554686, roll=-0.112946))
Transform(Location(x=-10.262119, y=-194.238113, z=-0.013052), Rotation(pitch=0.177161, yaw=1.528991, roll=-0.150085))
Transform(Location(x=-10.128675, y=-194.234604, z=-0.013060), Rotation(pitch=0.172066, yaw=1.509086, roll=-0.178314))
Transform(Location(x=-9.860083, y=-194.227676, z=-0.013073), Rotation(pitch=0.162620, yaw=1.474844, roll=-0.222839))
Transform(Location(x=-9.860083, y=-194.227676, z=-0.013073), Rotation(pitch=0.162620, yaw=1.474844, roll=-0.222839))
Transform(Location(x=-9.670407, y=-194.222885, z=-0.013083), Rotation(pitch=0.156391, yaw=1.455439, roll=-0.244110))
Transform(Location(x=-9.493256, y=-194.218475, z=-0.013090), Rotation(pitch=0.151500, yaw=1.441305, roll=-0.255951))
Transform(Location(x=-9.318281, y=-194.214157, z=-0.013096), Rotation(pitch=0.147348, yaw=1.434286, roll=-0.259399))
Transform(Location(x=-9.149859, y=-194.209961, z=-0.013094), Rotation(pitch=0.149690, yaw=1.442972, roll=-0.252716))
Transform(Location(x=-9.007734, y=-194.206360, z=-0.013052), Rotation(pitch=0.179866, yaw=1.463477, roll=-0.238678))
Transform(Location(x=-8.870723, y=-194.202866, z=-0.012956), Rotation(pitch=0.247710, yaw=1.489704, roll=-0.218445))
Transform(Location(x=-8.732064, y=-194.199356, z=-0.012796), Rotation(pitch=0.360019, yaw=1.501938, roll=-0.196381))
Transform(Location(x=-8.592004, y=-194.195801, z=-0.012633), Rotation(pitch=0.474514, yaw=1.500729, roll=-0.174347))
Transform(Location(x=-8.463882, y=-194.192551, z=-0.012545), Rotation(pitch=0.537106, yaw=1.493180, roll=-0.155212))
Transform(Location(x=-8.311159, y=-194.188690, z=-0.012503), Rotation(pitch=0.568600, yaw=1.480135, roll=-0.133942))
Transform(Location(x=-8.019347, y=-194.181366, z=-0.012529), Rotation(pitch=0.554263, yaw=1.452700, roll=-0.100861))
Transform(Location(x=-7.869098, y=-194.177567, z=-0.012571), Rotation(pitch=0.526915, yaw=1.439676, roll=-0.087921))
Transform(Location(x=-7.735097, y=-194.174240, z=-0.012615), Rotation(pitch=0.498208, yaw=1.429148, roll=-0.078674))
Transform(Location(x=-7.599695, y=-194.170853, z=-0.012661), Rotation(pitch=0.466679, yaw=1.420329, roll=-0.071106))
Transform(Location(x=-7.453155, y=-194.167221, z=-0.012713), Rotation(pitch=0.431285, yaw=1.412467, roll=-0.064667))
Transform(Location(x=-7.310391, y=-194.163681, z=-0.012762), Rotation(pitch=0.397797, yaw=1.406077, roll=-0.059906))
Transform(Location(x=-7.183355, y=-194.160538, z=-0.012802), Rotation(pitch=0.369875, yaw=1.401226, roll=-0.056641))
Transform(Location(x=-7.057480, y=-194.157440, z=-0.012840), Rotation(pitch=0.343558, yaw=1.397120, roll=-0.054169))
Transform(Location(x=-6.931720, y=-194.154373, z=-0.012875), Rotation(pitch=0.318820, yaw=1.393621, roll=-0.052246))
Transform(Location(x=-6.771827, y=-194.150467, z=-0.012917), Rotation(pitch=0.288555, yaw=1.390009, roll=-0.050323))
Transform(Location(x=-6.489975, y=-194.143585, z=-0.012979), Rotation(pitch=0.244220, yaw=1.385270, roll=-0.047607))
Transform(Location(x=-6.358826, y=-194.140381, z=-0.013003), Rotation(pitch=0.226721, yaw=1.383717, roll=-0.046356))
Transform(Location(x=-6.358826, y=-194.140381, z=-0.013003), Rotation(pitch=0.226721, yaw=1.383717, roll=-0.046356))
Transform(Location(x=-6.195658, y=-194.136459, z=-0.013030), Rotation(pitch=0.206429, yaw=1.382218, roll=-0.044678))
Transform(Location(x=-6.027952, y=-194.132416, z=-0.013054), Rotation(pitch=0.188322, yaw=1.381425, roll=-0.042572))
Transform(Location(x=-5.741061, y=-194.125488, z=-0.013087), Rotation(pitch=0.163672, yaw=1.380962, roll=-0.038300))
Transform(Location(x=-5.602886, y=-194.122147, z=-0.013099), Rotation(pitch=0.153830, yaw=1.381192, roll=-0.035858))
Transform(Location(x=-5.481761, y=-194.119217, z=-0.013109), Rotation(pitch=0.146268, yaw=1.381700, roll=-0.033508))
Transform(Location(x=-5.346747, y=-194.115952, z=-0.013119), Rotation(pitch=0.138564, yaw=1.382544, roll=-0.030670))
Transform(Location(x=-5.221246, y=-194.112930, z=-0.013127), Rotation(pitch=0.132280, yaw=1.383460, roll=-0.027893))
Transform(Location(x=-5.084706, y=-194.109619, z=-0.013135), Rotation(pitch=0.126126, yaw=1.384636, roll=-0.024689))
Transform(Location(x=-4.820350, y=-194.103241, z=-0.013146), Rotation(pitch=0.116359, yaw=1.387192, roll=-0.018341))
Transform(Location(x=-4.680803, y=-194.099854, z=-0.013151), Rotation(pitch=0.112138, yaw=1.388704, roll=-0.014954))
Transform(Location(x=-4.541666, y=-194.096481, z=-0.013156), Rotation(pitch=0.108518, yaw=1.390312, roll=-0.011597))
Transform(Location(x=-4.405756, y=-194.093185, z=-0.013159), Rotation(pitch=0.105499, yaw=1.391960, roll=-0.008423))
Transform(Location(x=-4.268905, y=-194.089844, z=-0.013162), Rotation(pitch=0.102904, yaw=1.393664, roll=-0.005310))
Transform(Location(x=-4.133941, y=-194.086517, z=-0.013164), Rotation(pitch=0.100745, yaw=1.395372, roll=-0.002411))
Transform(Location(x=-3.984710, y=-194.082870, z=-0.013166), Rotation(pitch=0.098737, yaw=1.397234, roll=0.000598))
Transform(Location(x=-3.710320, y=-194.076126, z=-0.013169), Rotation(pitch=0.096046, yaw=1.400564, roll=0.005457))
Transform(Location(x=-3.710320, y=-194.076126, z=-0.013169), Rotation(pitch=0.096046, yaw=1.400564, roll=0.005457))
Transform(Location(x=-3.399985, y=-194.068497, z=-0.013171), Rotation(pitch=0.094181, yaw=1.404156, roll=0.009865))
Transform(Location(x=-3.260771, y=-194.065048, z=-0.013171), Rotation(pitch=0.093703, yaw=1.405729, roll=0.011436))
Transform(Location(x=-3.098351, y=-194.061096, z=-0.013171), Rotation(pitch=0.093362, yaw=1.407460, roll=0.012967))
Transform(Location(x=-2.947265, y=-194.057373, z=-0.013171), Rotation(pitch=0.093232, yaw=1.409819, roll=0.014307))
Transform(Location(x=-2.765996, y=-194.052887, z=-0.013170), Rotation(pitch=0.093294, yaw=1.412047, roll=0.015597))
Transform(Location(x=-2.765996, y=-194.052887, z=-0.013170), Rotation(pitch=0.093294, yaw=1.412047, roll=0.015597))
Transform(Location(x=-2.454749, y=-194.045197, z=-0.013169), Rotation(pitch=0.093806, yaw=1.415014, roll=0.016891))
Transform(Location(x=-2.303451, y=-194.041443, z=-0.013168), Rotation(pitch=0.094222, yaw=1.416288, roll=0.017169))
Transform(Location(x=-2.157657, y=-194.037842, z=-0.013167), Rotation(pitch=0.094701, yaw=1.417449, roll=0.017255))
Transform(Location(x=-2.006647, y=-194.034103, z=-0.013166), Rotation(pitch=0.095267, yaw=1.418583, roll=0.017172))
Transform(Location(x=-1.854460, y=-194.030304, z=-0.013165), Rotation(pitch=0.095923, yaw=1.419676, roll=0.016942))
Transform(Location(x=-1.718021, y=-194.026917, z=-0.013164), Rotation(pitch=0.096524, yaw=1.420599, roll=0.016633))
Transform(Location(x=-1.586191, y=-194.023636, z=-0.013163), Rotation(pitch=0.097153, yaw=1.421457, roll=0.016258))
Transform(Location(x=-1.431734, y=-194.019775, z=-0.013162), Rotation(pitch=0.097945, yaw=1.422400, roll=0.015730))
Transform(Location(x=-1.289559, y=-194.016266, z=-0.013161), Rotation(pitch=0.098710, yaw=1.423238, roll=0.015194))
Transform(Location(x=-1.145375, y=-194.012665, z=-0.013160), Rotation(pitch=0.099502, yaw=1.424058, roll=0.014615))
Transform(Location(x=-0.853664, y=-194.005402, z=-0.013158), Rotation(pitch=0.101189, yaw=1.425655, roll=0.013400))
Transform(Location(x=-0.717732, y=-194.001984, z=-0.013157), Rotation(pitch=0.101982, yaw=1.426367, roll=0.012841))
Transform(Location(x=-0.576001, y=-193.998474, z=-0.013155), Rotation(pitch=0.102828, yaw=1.427027, roll=0.012257))
Transform(Location(x=-0.440823, y=-193.995117, z=-0.013154), Rotation(pitch=0.103641, yaw=1.427627, roll=0.011712))
Transform(Location(x=-0.301010, y=-193.991638, z=-0.013153), Rotation(pitch=0.104502, yaw=1.428223, roll=0.011164))
Transform(Location(x=-0.161970, y=-193.988144, z=-0.013152), Rotation(pitch=0.105356, yaw=1.428805, roll=0.010646))
Transform(Location(x=0.112545, y=-193.981308, z=-0.013150), Rotation(pitch=0.107050, yaw=1.429871, roll=0.009691))
Transform(Location(x=0.267138, y=-193.977432, z=-0.013148), Rotation(pitch=0.108013, yaw=1.430453, roll=0.009201))
Transform(Location(x=0.410297, y=-193.973877, z=-0.013147), Rotation(pitch=0.108907, yaw=1.430995, roll=0.008787))
Transform(Location(x=0.589627, y=-193.969391, z=-0.013146), Rotation(pitch=0.110075, yaw=1.431635, roll=0.008306))
Transform(Location(x=0.730461, y=-193.965851, z=-0.013145), Rotation(pitch=0.110909, yaw=1.432126, roll=0.007968))
Transform(Location(x=0.886162, y=-193.961945, z=-0.013143), Rotation(pitch=0.111872, yaw=1.432603, roll=0.007614))
Transform(Location(x=1.035698, y=-193.958206, z=-0.013142), Rotation(pitch=0.112773, yaw=1.433022, roll=0.007295))
Transform(Location(x=1.171782, y=-193.954803, z=-0.013141), Rotation(pitch=0.113566, yaw=1.433376, roll=0.007017))
Transform(Location(x=1.308084, y=-193.951401, z=-0.013140), Rotation(pitch=0.114378, yaw=1.433706, roll=0.006751))
Transform(Location(x=1.445541, y=-193.947968, z=-0.013139), Rotation(pitch=0.115184, yaw=1.434038, roll=0.006496))
Transform(Location(x=1.608481, y=-193.943909, z=-0.013138), Rotation(pitch=0.116168, yaw=1.434432, roll=0.006210))
Transform(Location(x=1.744961, y=-193.940506, z=-0.013137), Rotation(pitch=0.116953, yaw=1.434768, roll=0.005991))
Transform(Location(x=2.042419, y=-193.933044, z=-0.013134), Rotation(pitch=0.118675, yaw=1.435508, roll=0.005565))
Transform(Location(x=2.185737, y=-193.929428, z=-0.013133), Rotation(pitch=0.119480, yaw=1.435865, roll=0.005387))
Transform(Location(x=2.337345, y=-193.925644, z=-0.013132), Rotation(pitch=0.120341, yaw=1.436174, roll=0.005198))
Transform(Location(x=2.476271, y=-193.922165, z=-0.013131), Rotation(pitch=0.121086, yaw=1.436436, roll=0.005029))
Transform(Location(x=2.608085, y=-193.918839, z=-0.013130), Rotation(pitch=0.121816, yaw=1.436672, roll=0.004873))
Transform(Location(x=2.758126, y=-193.915100, z=-0.013129), Rotation(pitch=0.122677, yaw=1.436907, roll=0.004691))
Transform(Location(x=2.894163, y=-193.911697, z=-0.013128), Rotation(pitch=0.123510, yaw=1.437104, roll=0.004527))
Transform(Location(x=3.051544, y=-193.907745, z=-0.013127), Rotation(pitch=0.124603, yaw=1.437348, roll=0.004340))
Transform(Location(x=3.359858, y=-193.900009, z=-0.013123), Rotation(pitch=0.127048, yaw=1.437772, roll=0.003982))
Transform(Location(x=3.511753, y=-193.896194, z=-0.013122), Rotation(pitch=0.128414, yaw=1.437968, roll=0.003810))
Transform(Location(x=3.645887, y=-193.892822, z=-0.013120), Rotation(pitch=0.129651, yaw=1.438138, roll=0.003663))
Transform(Location(x=3.806787, y=-193.888809, z=-0.013118), Rotation(pitch=0.131297, yaw=1.438322, roll=0.003485))
Transform(Location(x=3.967814, y=-193.884781, z=-0.013115), Rotation(pitch=0.132977, yaw=1.438500, roll=0.003313))
Transform(Location(x=4.163510, y=-193.879837, z=-0.013112), Rotation(pitch=0.135169, yaw=1.438741, roll=0.003116))
Transform(Location(x=4.163510, y=-193.879837, z=-0.013112), Rotation(pitch=0.135169, yaw=1.438741, roll=0.003116))
Transform(Location(x=4.341122, y=-193.875381, z=-0.013110), Rotation(pitch=0.137082, yaw=1.438905, roll=0.002941))
Transform(Location(x=4.501213, y=-193.871368, z=-0.013108), Rotation(pitch=0.138783, yaw=1.439024, roll=0.002783))
Transform(Location(x=4.671179, y=-193.867111, z=-0.013105), Rotation(pitch=0.140640, yaw=1.439139, roll=0.002617))
Transform(Location(x=4.827814, y=-193.863159, z=-0.013103), Rotation(pitch=0.142314, yaw=1.439240, roll=0.002469))
Transform(Location(x=5.138582, y=-193.855347, z=-0.013098), Rotation(pitch=0.145606, yaw=1.439424, roll=0.002188))
Transform(Location(x=5.288733, y=-193.851562, z=-0.013096), Rotation(pitch=0.147170, yaw=1.439509, roll=0.002060))
Transform(Location(x=5.424058, y=-193.848160, z=-0.013094), Rotation(pitch=0.148543, yaw=1.439550, roll=0.001943))
Transform(Location(x=5.560743, y=-193.844727, z=-0.013092), Rotation(pitch=0.149916, yaw=1.439576, roll=0.001821))
Transform(Location(x=5.691948, y=-193.841446, z=-0.013091), Rotation(pitch=0.151214, yaw=1.439591, roll=0.001705))
Transform(Location(x=5.974052, y=-193.834335, z=-0.013087), Rotation(pitch=0.153952, yaw=1.439692, roll=0.001477))
Transform(Location(x=6.118629, y=-193.830704, z=-0.013085), Rotation(pitch=0.155305, yaw=1.439729, roll=0.001367))
Transform(Location(x=6.262703, y=-193.827072, z=-0.013084), Rotation(pitch=0.156603, yaw=1.440340, roll=0.001407))
Transform(Location(x=6.403604, y=-193.823517, z=-0.013082), Rotation(pitch=0.157825, yaw=1.440697, roll=0.001457))
Transform(Location(x=6.554725, y=-193.819717, z=-0.013080), Rotation(pitch=0.159102, yaw=1.440791, roll=0.001469))
Transform(Location(x=6.708717, y=-193.815857, z=-0.013079), Rotation(pitch=0.160366, yaw=1.440726, roll=0.001437))
Transform(Location(x=6.851254, y=-193.812256, z=-0.013077), Rotation(pitch=0.161459, yaw=1.440606, roll=0.001379))
Transform(Location(x=7.008046, y=-193.808319, z=-0.013076), Rotation(pitch=0.162634, yaw=1.440439, roll=0.001280))
Transform(Location(x=7.173203, y=-193.804169, z=-0.013074), Rotation(pitch=0.163829, yaw=1.440256, roll=0.001145))
Transform(Location(x=7.322113, y=-193.800430, z=-0.013073), Rotation(pitch=0.164812, yaw=1.440110, roll=0.001004))
Transform(Location(x=7.608451, y=-193.793243, z=-0.013071), Rotation(pitch=0.166636, yaw=1.439853, roll=0.000695))
Transform(Location(x=7.762179, y=-193.789352, z=-0.013069), Rotation(pitch=0.167572, yaw=1.439715, roll=0.000512))
Transform(Location(x=7.929785, y=-193.785126, z=-0.013068), Rotation(pitch=0.168549, yaw=1.439579, roll=0.000308))
Transform(Location(x=8.110296, y=-193.780594, z=-0.013067), Rotation(pitch=0.169532, yaw=1.440487, roll=0.000364))
Transform(Location(x=8.252265, y=-193.777054, z=-0.013066), Rotation(pitch=0.170242, yaw=1.440921, roll=0.000440))
Transform(Location(x=8.389469, y=-193.773605, z=-0.013065), Rotation(pitch=0.170905, yaw=1.441041, roll=0.000482))
Transform(Location(x=8.538910, y=-193.769852, z=-0.013064), Rotation(pitch=0.171629, yaw=1.440998, roll=0.000501))
Transform(Location(x=8.724714, y=-193.765167, z=-0.013063), Rotation(pitch=0.172503, yaw=1.440823, roll=0.000488))
Transform(Location(x=8.862609, y=-193.761688, z=-0.013062), Rotation(pitch=0.173070, yaw=1.440645, roll=0.000454))
Transform(Location(x=9.007689, y=-193.758057, z=-0.013062), Rotation(pitch=0.173651, yaw=1.440435, roll=0.000389))
Transform(Location(x=9.140346, y=-193.754745, z=-0.013061), Rotation(pitch=0.174190, yaw=1.440245, roll=0.000310))
Transform(Location(x=9.304092, y=-193.750641, z=-0.013060), Rotation(pitch=0.174839, yaw=1.440072, roll=0.000201))
Transform(Location(x=9.587811, y=-193.743530, z=-0.013059), Rotation(pitch=0.175843, yaw=1.439873, roll=0.000007))
Transform(Location(x=9.587811, y=-193.743530, z=-0.013059), Rotation(pitch=0.175843, yaw=1.439873, roll=0.000007))
Transform(Location(x=9.769030, y=-193.738968, z=-0.013058), Rotation(pitch=0.176478, yaw=1.439811, roll=-0.000122))
Transform(Location(x=9.935571, y=-193.734787, z=-0.013057), Rotation(pitch=0.176991, yaw=1.439780, roll=-0.000214))
Transform(Location(x=10.125360, y=-193.730011, z=-0.013057), Rotation(pitch=0.177537, yaw=1.439746, roll=-0.000305))
Transform(Location(x=10.292279, y=-193.725830, z=-0.013056), Rotation(pitch=0.177961, yaw=1.439717, roll=-0.000366))
Transform(Location(x=10.620035, y=-193.717590, z=-0.013055), Rotation(pitch=0.178719, yaw=1.439690, roll=-0.000458))
Transform(Location(x=10.620035, y=-193.717590, z=-0.013055), Rotation(pitch=0.178719, yaw=1.439690, roll=-0.000458))
Transform(Location(x=10.781704, y=-193.713531, z=-0.013055), Rotation(pitch=0.179101, yaw=1.439691, roll=-0.000458))
Transform(Location(x=11.076405, y=-193.706146, z=-0.013054), Rotation(pitch=0.179771, yaw=1.439718, roll=-0.000458))
Transform(Location(x=11.231647, y=-193.702240, z=-0.013054), Rotation(pitch=0.180105, yaw=1.439757, roll=-0.000427))
Transform(Location(x=11.369001, y=-193.698807, z=-0.013053), Rotation(pitch=0.180385, yaw=1.439794, roll=-0.000397))
Transform(Location(x=11.508818, y=-193.695282, z=-0.013053), Rotation(pitch=0.180672, yaw=1.439836, roll=-0.000366))
Transform(Location(x=11.683558, y=-193.690918, z=-0.013052), Rotation(pitch=0.181027, yaw=1.439893, roll=-0.000275))
Transform(Location(x=11.830987, y=-193.687210, z=-0.013052), Rotation(pitch=0.181287, yaw=1.439966, roll=-0.000214))
Transform(Location(x=12.022597, y=-193.682404, z=-0.013052), Rotation(pitch=0.181615, yaw=1.440064, roll=-0.000122))
Transform(Location(x=12.216928, y=-193.677521, z=-0.013051), Rotation(pitch=0.181874, yaw=1.440169, roll=0.000005))
Transform(Location(x=12.367047, y=-193.673721, z=-0.013051), Rotation(pitch=0.182045, yaw=1.440252, roll=0.000095))
Transform(Location(x=12.536488, y=-193.669464, z=-0.013051), Rotation(pitch=0.182264, yaw=1.440296, roll=0.000183))
Transform(Location(x=12.536488, y=-193.669464, z=-0.013051), Rotation(pitch=0.182264, yaw=1.440296, roll=0.000183))
Transform(Location(x=12.722974, y=-193.664780, z=-0.013051), Rotation(pitch=0.182482, yaw=1.441445, roll=0.000557))
Transform(Location(x=13.058655, y=-193.656342, z=-0.013050), Rotation(pitch=0.182837, yaw=1.442248, roll=0.001181))
Transform(Location(x=13.058655, y=-193.656342, z=-0.013050), Rotation(pitch=0.182837, yaw=1.442248, roll=0.001181))
Transform(Location(x=13.370498, y=-193.648499, z=-0.013050), Rotation(pitch=0.183158, yaw=1.442096, roll=0.001479))
Transform(Location(x=13.518015, y=-193.644775, z=-0.013049), Rotation(pitch=0.183322, yaw=1.441911, roll=0.001520))
Transform(Location(x=13.658803, y=-193.641220, z=-0.013049), Rotation(pitch=0.183473, yaw=1.441725, roll=0.001505))
Transform(Location(x=13.796070, y=-193.637787, z=-0.013049), Rotation(pitch=0.183630, yaw=1.441525, roll=0.001440))
Transform(Location(x=13.949870, y=-193.633926, z=-0.013049), Rotation(pitch=0.183800, yaw=1.441310, roll=0.001316))
Transform(Location(x=14.088345, y=-193.630447, z=-0.013049), Rotation(pitch=0.183951, yaw=1.441137, roll=0.001171))
Transform(Location(x=14.237712, y=-193.626694, z=-0.013048), Rotation(pitch=0.184094, yaw=1.440981, roll=0.000988))
Transform(Location(x=14.527142, y=-193.619431, z=-0.013048), Rotation(pitch=0.184360, yaw=1.440727, roll=0.000587))
Transform(Location(x=14.668053, y=-193.615875, z=-0.013048), Rotation(pitch=0.184477, yaw=1.440625, roll=0.000386))
Transform(Location(x=14.806564, y=-193.612396, z=-0.013048), Rotation(pitch=0.184586, yaw=1.440543, roll=0.000192))
Transform(Location(x=14.947283, y=-193.608841, z=-0.013048), Rotation(pitch=0.184695, yaw=1.440465, roll=0.000005))
Transform(Location(x=15.114225, y=-193.604660, z=-0.013048), Rotation(pitch=0.184811, yaw=1.440357, roll=-0.000214))
Transform(Location(x=15.257730, y=-193.601074, z=-0.013047), Rotation(pitch=0.184886, yaw=1.440273, roll=-0.000366))
Transform(Location(x=15.403349, y=-193.597397, z=-0.013047), Rotation(pitch=0.184968, yaw=1.440228, roll=-0.000519))
Transform(Location(x=15.547120, y=-193.593765, z=-0.013047), Rotation(pitch=0.185043, yaw=1.440196, roll=-0.000641))
Transform(Location(x=15.708055, y=-193.589706, z=-0.013047), Rotation(pitch=0.185125, yaw=1.440133, roll=-0.000732))
Transform(Location(x=15.890316, y=-193.585129, z=-0.013047), Rotation(pitch=0.185125, yaw=1.440133, roll=-0.000732))
Transform(Location(x=16.175976, y=-193.577942, z=-0.013047), Rotation(pitch=0.185221, yaw=1.439962, roll=-0.000916))
Transform(Location(x=16.321064, y=-193.574310, z=-0.013047), Rotation(pitch=0.185317, yaw=1.439853, roll=-0.000977))
Transform(Location(x=16.473373, y=-193.570480, z=-0.013047), Rotation(pitch=0.185317, yaw=1.439853, roll=-0.000977))
Transform(Location(x=16.618603, y=-193.566849, z=-0.013047), Rotation(pitch=0.185317, yaw=1.439853, roll=-0.000977))
Transform(Location(x=16.756958, y=-193.563370, z=-0.013047), Rotation(pitch=0.185467, yaw=1.439781, roll=-0.000946))
Transform(Location(x=16.926208, y=-193.559113, z=-0.013047), Rotation(pitch=0.185467, yaw=1.439781, roll=-0.000946))
Transform(Location(x=17.069078, y=-193.555527, z=-0.013047), Rotation(pitch=0.185467, yaw=1.439781, roll=-0.000946))
Transform(Location(x=17.221247, y=-193.551697, z=-0.013047), Rotation(pitch=0.185604, yaw=1.439770, roll=-0.000793))
Transform(Location(x=17.360987, y=-193.548172, z=-0.013047), Rotation(pitch=0.185604, yaw=1.439770, roll=-0.000793))
Transform(Location(x=17.505404, y=-193.544540, z=-0.013046), Rotation(pitch=0.185679, yaw=1.439757, roll=-0.000671))
Transform(Location(x=17.658991, y=-193.540680, z=-0.013046), Rotation(pitch=0.185679, yaw=1.439757, roll=-0.000671))
Transform(Location(x=17.975882, y=-193.532715, z=-0.013046), Rotation(pitch=0.185754, yaw=1.439692, roll=-0.000549))
Transform(Location(x=18.141846, y=-193.528534, z=-0.013046), Rotation(pitch=0.185754, yaw=1.439692, roll=-0.000549))
Transform(Location(x=18.320992, y=-193.524033, z=-0.013046), Rotation(pitch=0.185802, yaw=1.439549, roll=-0.000397))
Transform(Location(x=18.487532, y=-193.519852, z=-0.013046), Rotation(pitch=0.185802, yaw=1.439549, roll=-0.000397))
Transform(Location(x=18.636103, y=-193.516113, z=-0.013046), Rotation(pitch=0.185802, yaw=1.439549, roll=-0.000397))
Transform(Location(x=18.788176, y=-193.512283, z=-0.013046), Rotation(pitch=0.185808, yaw=1.439427, roll=-0.000336))
Transform(Location(x=18.953466, y=-193.508133, z=-0.013046), Rotation(pitch=0.185808, yaw=1.439427, roll=-0.000336))
Transform(Location(x=19.097422, y=-193.504425, z=-0.013042), Rotation(pitch=0.188691, yaw=1.464960, roll=0.006099))
Transform(Location(x=19.236973, y=-193.500763, z=-0.013019), Rotation(pitch=0.205329, yaw=1.497433, roll=0.016928))
Transform(Location(x=19.377825, y=-193.497009, z=-0.013000), Rotation(pitch=0.218587, yaw=1.525002, roll=0.029640))
Transform(Location(x=19.520748, y=-193.493195, z=-0.012989), Rotation(pitch=0.226107, yaw=1.542930, roll=0.042156))
Transform(Location(x=19.816980, y=-193.485291, z=-0.012985), Rotation(pitch=0.229132, yaw=1.551321, roll=0.061773))
Transform(Location(x=19.951927, y=-193.481689, z=-0.012988), Rotation(pitch=0.227124, yaw=1.546088, roll=0.066734))
Transform(Location(x=20.133995, y=-193.476837, z=-0.012996), Rotation(pitch=0.222323, yaw=1.533354, roll=0.068741))
Transform(Location(x=20.294861, y=-193.472580, z=-0.013003), Rotation(pitch=0.217466, yaw=1.519311, roll=0.066413))
Transform(Location(x=20.436810, y=-193.468826, z=-0.013009), Rotation(pitch=0.213122, yaw=1.506215, roll=0.061502))
Transform(Location(x=20.598415, y=-193.464584, z=-0.013016), Rotation(pitch=0.208109, yaw=1.492232, roll=0.053056))
Transform(Location(x=20.754293, y=-193.460587, z=-0.013017), Rotation(pitch=0.207542, yaw=1.462616, roll=0.038477))
Transform(Location(x=20.919228, y=-193.456467, z=-0.012990), Rotation(pitch=0.227117, yaw=1.422300, roll=0.016463))
Transform(Location(x=21.099390, y=-193.452072, z=-0.012973), Rotation(pitch=0.238763, yaw=1.377016, roll=-0.013489))
Transform(Location(x=21.254486, y=-193.448349, z=-0.012970), Rotation(pitch=0.241454, yaw=1.340562, roll=-0.041504))
Transform(Location(x=21.399967, y=-193.444962, z=-0.012972), Rotation(pitch=0.240143, yaw=1.309773, roll=-0.068451))
Transform(Location(x=21.542622, y=-193.441711, z=-0.012977), Rotation(pitch=0.236523, yaw=1.283196, roll=-0.094482))
Transform(Location(x=21.674816, y=-193.438751, z=-0.012983), Rotation(pitch=0.231940, yaw=1.261772, roll=-0.117371))
Transform(Location(x=21.824299, y=-193.435471, z=-0.012992), Rotation(pitch=0.225717, yaw=1.241331, roll=-0.141327))
Transform(Location(x=21.965393, y=-193.432419, z=-0.013001), Rotation(pitch=0.219536, yaw=1.225335, roll=-0.161133))
Transform(Location(x=22.118029, y=-193.429153, z=-0.013011), Rotation(pitch=0.212644, yaw=1.211481, roll=-0.179016))
Transform(Location(x=22.280775, y=-193.425735, z=-0.013021), Rotation(pitch=0.205479, yaw=1.200279, roll=-0.193512))
Transform(Location(x=22.580305, y=-193.419510, z=-0.013037), Rotation(pitch=0.193984, yaw=1.186799, roll=-0.207336))
Transform(Location(x=22.725163, y=-193.416534, z=-0.013044), Rotation(pitch=0.189271, yaw=1.183486, roll=-0.208130))
Transform(Location(x=22.869205, y=-193.413589, z=-0.013050), Rotation(pitch=0.185119, yaw=1.182368, roll=-0.205170))
Transform(Location(x=23.012922, y=-193.410660, z=-0.013055), Rotation(pitch=0.181492, yaw=1.183058, roll=-0.198853))
Transform(Location(x=23.176018, y=-193.407303, z=-0.013060), Rotation(pitch=0.177879, yaw=1.185686, roll=-0.187805))
Transform(Location(x=23.321241, y=-193.404327, z=-0.013064), Rotation(pitch=0.175235, yaw=1.189305, roll=-0.175354))
Transform(Location(x=23.471046, y=-193.401245, z=-0.013067), Rotation(pitch=0.172934, yaw=1.194150, roll=-0.160187))
Transform(Location(x=23.632338, y=-193.397888, z=-0.013070), Rotation(pitch=0.170878, yaw=1.200397, roll=-0.141693))
Transform(Location(x=23.770004, y=-193.395020, z=-0.013072), Rotation(pitch=0.169498, yaw=1.206367, roll=-0.125031))
Transform(Location(x=24.046923, y=-193.389175, z=-0.013074), Rotation(pitch=0.167483, yaw=1.219697, roll=-0.089722))
Transform(Location(x=24.180492, y=-193.386337, z=-0.013075), Rotation(pitch=0.166834, yaw=1.226578, roll=-0.072601))
Transform(Location(x=24.180492, y=-193.386337, z=-0.013075), Rotation(pitch=0.166834, yaw=1.226578, roll=-0.072601))
Transform(Location(x=24.545490, y=-193.378479, z=-0.013075), Rotation(pitch=0.165857, yaw=1.246389, roll=-0.027344))
Transform(Location(x=24.684389, y=-193.375427, z=-0.013075), Rotation(pitch=0.165741, yaw=1.254111, roll=-0.011597))
Transform(Location(x=24.842743, y=-193.371933, z=-0.013075), Rotation(pitch=0.165741, yaw=1.262916, roll=0.005282))
Transform(Location(x=24.985970, y=-193.368744, z=-0.013074), Rotation(pitch=0.165857, yaw=1.270811, roll=0.019124))
Transform(Location(x=25.141975, y=-193.365250, z=-0.013074), Rotation(pitch=0.166062, yaw=1.279274, roll=0.032748))
Transform(Location(x=25.282976, y=-193.362061, z=-0.013073), Rotation(pitch=0.166336, yaw=1.286779, roll=0.043572))
Transform(Location(x=25.452116, y=-193.358215, z=-0.013072), Rotation(pitch=0.166732, yaw=1.295521, roll=0.054868))
Transform(Location(x=25.586630, y=-193.355148, z=-0.013072), Rotation(pitch=0.167080, yaw=1.302274, roll=0.062368))
Transform(Location(x=25.862144, y=-193.348785, z=-0.013070), Rotation(pitch=0.167920, yaw=1.315600, roll=0.074122))
Transform(Location(x=26.003592, y=-193.345520, z=-0.013069), Rotation(pitch=0.168405, yaw=1.322108, roll=0.078393))
Transform(Location(x=26.145006, y=-193.342209, z=-0.013069), Rotation(pitch=0.168911, yaw=1.328343, roll=0.081565))
Transform(Location(x=26.285152, y=-193.338928, z=-0.013068), Rotation(pitch=0.169423, yaw=1.334258, roll=0.083717))
Transform(Location(x=26.413967, y=-193.335907, z=-0.013067), Rotation(pitch=0.169880, yaw=1.339473, roll=0.084914))
Transform(Location(x=26.701429, y=-193.329132, z=-0.013066), Rotation(pitch=0.170980, yaw=1.350479, roll=0.085271))
Transform(Location(x=26.844179, y=-193.325760, z=-0.013065), Rotation(pitch=0.171513, yaw=1.355613, roll=0.084481))
Transform(Location(x=26.989990, y=-193.322281, z=-0.013064), Rotation(pitch=0.172052, yaw=1.360611, roll=0.083134))
Transform(Location(x=27.163717, y=-193.318115, z=-0.013063), Rotation(pitch=0.172701, yaw=1.366248, roll=0.080904))
Transform(Location(x=27.315386, y=-193.314468, z=-0.013063), Rotation(pitch=0.173207, yaw=1.370903, roll=0.078602))
Transform(Location(x=27.457617, y=-193.311050, z=-0.013062), Rotation(pitch=0.173685, yaw=1.375041, roll=0.076203))
Transform(Location(x=27.594267, y=-193.307755, z=-0.013061), Rotation(pitch=0.174129, yaw=1.378821, roll=0.073735))
Transform(Location(x=27.760132, y=-193.303741, z=-0.013061), Rotation(pitch=0.174696, yaw=1.383156, roll=0.070531))
Transform(Location(x=27.909370, y=-193.300125, z=-0.013060), Rotation(pitch=0.175174, yaw=1.386846, roll=0.067602))
Transform(Location(x=28.053757, y=-193.296631, z=-0.013059), Rotation(pitch=0.175604, yaw=1.390225, roll=0.064751))
Transform(Location(x=28.346880, y=-193.289490, z=-0.013058), Rotation(pitch=0.176478, yaw=1.396645, roll=0.059045))
Transform(Location(x=28.346880, y=-193.289490, z=-0.013058), Rotation(pitch=0.176478, yaw=1.396645, roll=0.059045))
Transform(Location(x=28.496784, y=-193.285843, z=-0.013058), Rotation(pitch=0.176909, yaw=1.399679, roll=0.056228))
Transform(Location(x=28.800211, y=-193.278412, z=-0.013057), Rotation(pitch=0.177722, yaw=1.405455, roll=0.050854))
Transform(Location(x=28.954651, y=-193.274612, z=-0.013056), Rotation(pitch=0.178111, yaw=1.408113, roll=0.048299))
Transform(Location(x=29.091906, y=-193.271225, z=-0.013056), Rotation(pitch=0.178439, yaw=1.410302, roll=0.046140))
Transform(Location(x=29.249516, y=-193.267334, z=-0.013055), Rotation(pitch=0.178814, yaw=1.412612, roll=0.043737))
Transform(Location(x=29.411127, y=-193.263351, z=-0.013055), Rotation(pitch=0.179197, yaw=1.414798, roll=0.041382))
Transform(Location(x=29.556322, y=-193.259781, z=-0.013054), Rotation(pitch=0.179491, yaw=1.416639, roll=0.039380))
Transform(Location(x=29.703091, y=-193.256134, z=-0.013054), Rotation(pitch=0.179798, yaw=1.418404, roll=0.037449))
Transform(Location(x=29.857639, y=-193.252304, z=-0.013053), Rotation(pitch=0.180105, yaw=1.420208, roll=0.035518))
Transform(Location(x=30.026571, y=-193.248108, z=-0.013053), Rotation(pitch=0.180433, yaw=1.422010, roll=0.033497))
Transform(Location(x=30.174574, y=-193.244415, z=-0.013053), Rotation(pitch=0.180686, yaw=1.423513, roll=0.031836))
Transform(Location(x=30.337624, y=-193.240387, z=-0.013052), Rotation(pitch=0.180959, yaw=1.425007, roll=0.030072))
Transform(Location(x=30.506344, y=-193.236191, z=-0.013052), Rotation(pitch=0.181232, yaw=1.426422, roll=0.028321))
Transform(Location(x=30.796032, y=-193.228973, z=-0.013052), Rotation(pitch=0.181656, yaw=1.428707, roll=0.025559))
Transform(Location(x=30.943752, y=-193.225311, z=-0.013051), Rotation(pitch=0.181874, yaw=1.429740, roll=0.024232))
Transform(Location(x=31.091345, y=-193.221619, z=-0.013051), Rotation(pitch=0.182079, yaw=1.430696, roll=0.022955))
Transform(Location(x=31.225748, y=-193.218262, z=-0.013051), Rotation(pitch=0.182270, yaw=1.431511, roll=0.021843))
Transform(Location(x=31.381588, y=-193.214371, z=-0.013050), Rotation(pitch=0.182489, yaw=1.432386, roll=0.020588))
Transform(Location(x=31.525732, y=-193.210770, z=-0.013050), Rotation(pitch=0.182673, yaw=1.433134, roll=0.019477))
Transform(Location(x=31.664370, y=-193.207306, z=-0.013050), Rotation(pitch=0.182837, yaw=1.433802, roll=0.018450))
Transform(Location(x=31.848585, y=-193.202667, z=-0.013050), Rotation(pitch=0.183063, yaw=1.434614, roll=0.017111))
Transform(Location(x=31.994728, y=-193.199005, z=-0.013050), Rotation(pitch=0.183186, yaw=1.435173, roll=0.016108))
Transform(Location(x=32.143528, y=-193.195282, z=-0.013049), Rotation(pitch=0.183350, yaw=1.435667, roll=0.015114))
Transform(Location(x=32.432041, y=-193.188049, z=-0.013049), Rotation(pitch=0.183616, yaw=1.436528, roll=0.013295))
Transform(Location(x=32.575241, y=-193.184448, z=-0.013049), Rotation(pitch=0.183759, yaw=1.436908, roll=0.012445))
Transform(Location(x=32.714554, y=-193.180969, z=-0.013049), Rotation(pitch=0.183889, yaw=1.437236, roll=0.011651))
Transform(Location(x=32.853638, y=-193.177475, z=-0.013049), Rotation(pitch=0.183998, yaw=1.437533, roll=0.010890))
Transform(Location(x=32.999760, y=-193.173798, z=-0.013048), Rotation(pitch=0.184128, yaw=1.437835, roll=0.010126))
Transform(Location(x=33.162220, y=-193.169739, z=-0.013048), Rotation(pitch=0.184251, yaw=1.438122, roll=0.009311))
Transform(Location(x=33.368092, y=-193.164581, z=-0.013048), Rotation(pitch=0.184374, yaw=1.438446, roll=0.008323))
Transform(Location(x=33.508400, y=-193.161057, z=-0.013048), Rotation(pitch=0.184422, yaw=1.438657, roll=0.007717))
Transform(Location(x=33.648052, y=-193.157532, z=-0.013048), Rotation(pitch=0.184490, yaw=1.438848, roll=0.007150))
Transform(Location(x=33.937149, y=-193.150269, z=-0.013048), Rotation(pitch=0.184647, yaw=1.439200, roll=0.006083))
Transform(Location(x=33.937149, y=-193.150269, z=-0.013048), Rotation(pitch=0.184647, yaw=1.439200, roll=0.006083))
Transform(Location(x=34.093964, y=-193.146317, z=-0.013048), Rotation(pitch=0.184743, yaw=1.439363, roll=0.005560))
Transform(Location(x=34.410652, y=-193.138336, z=-0.013048), Rotation(pitch=0.184893, yaw=1.439588, roll=0.004605))
Transform(Location(x=34.572010, y=-193.134277, z=-0.013047), Rotation(pitch=0.184962, yaw=1.439659, roll=0.004166))
Transform(Location(x=34.741085, y=-193.130020, z=-0.013047), Rotation(pitch=0.185030, yaw=1.439693, roll=0.003731))
Transform(Location(x=34.741085, y=-193.130020, z=-0.013047), Rotation(pitch=0.185030, yaw=1.439693, roll=0.003731))
Transform(Location(x=34.942337, y=-193.124969, z=-0.013047), Rotation(pitch=0.185071, yaw=1.439674, roll=0.003232))
Transform(Location(x=35.232082, y=-193.117706, z=-0.013047), Rotation(pitch=0.185125, yaw=1.439650, roll=0.002597))
Transform(Location(x=35.385609, y=-193.113846, z=-0.013047), Rotation(pitch=0.185180, yaw=1.439637, roll=0.002292))
Transform(Location(x=35.570431, y=-193.109192, z=-0.013047), Rotation(pitch=0.185242, yaw=1.439633, roll=0.001950))
Transform(Location(x=35.712906, y=-193.105606, z=-0.013047), Rotation(pitch=0.185276, yaw=1.439632, roll=0.001716))
Transform(Location(x=35.872841, y=-193.101578, z=-0.013047), Rotation(pitch=0.185330, yaw=1.439620, roll=0.001473))
Transform(Location(x=36.022415, y=-193.097824, z=-0.013047), Rotation(pitch=0.185378, yaw=1.439592, roll=0.001264))
Transform(Location(x=36.156078, y=-193.094467, z=-0.013047), Rotation(pitch=0.185433, yaw=1.439559, roll=0.001092))
Transform(Location(x=36.301552, y=-193.090775, z=-0.013047), Rotation(pitch=0.185494, yaw=1.439525, roll=0.000918))
Transform(Location(x=36.458599, y=-193.086838, z=-0.013047), Rotation(pitch=0.185563, yaw=1.439459, roll=0.000740))
Transform(Location(x=36.641895, y=-193.082230, z=-0.013047), Rotation(pitch=0.185617, yaw=1.439390, roll=0.000549))
Transform(Location(x=36.796314, y=-193.078354, z=-0.013047), Rotation(pitch=0.185638, yaw=1.439341, roll=0.000408))
Transform(Location(x=36.933220, y=-193.074921, z=-0.013047), Rotation(pitch=0.185672, yaw=1.439301, roll=0.000297))
Transform(Location(x=37.076370, y=-193.071320, z=-0.013047), Rotation(pitch=0.185672, yaw=1.439301, roll=0.000297))
Transform(Location(x=37.370716, y=-193.063904, z=-0.013046), Rotation(pitch=0.185754, yaw=1.439242, roll=0.000105))
Transform(Location(x=37.546185, y=-193.059494, z=-0.013046), Rotation(pitch=0.185843, yaw=1.439138, roll=-0.000061))
Transform(Location(x=37.546185, y=-193.059494, z=-0.013046), Rotation(pitch=0.185843, yaw=1.439138, roll=-0.000061))
Transform(Location(x=37.716919, y=-193.055191, z=-0.013046), Rotation(pitch=0.185843, yaw=1.439138, roll=-0.000061))
Transform(Location(x=38.024918, y=-193.047455, z=-0.013046), Rotation(pitch=0.185877, yaw=1.439005, roll=-0.000214))
Transform(Location(x=38.180820, y=-193.043549, z=-0.013046), Rotation(pitch=0.185904, yaw=1.438891, roll=-0.000305))
Transform(Location(x=38.341187, y=-193.039520, z=-0.013046), Rotation(pitch=0.185904, yaw=1.438891, roll=-0.000305))
Transform(Location(x=38.481945, y=-193.035965, z=-0.013046), Rotation(pitch=0.185904, yaw=1.438891, roll=-0.000305))
Transform(Location(x=38.614304, y=-193.032654, z=-0.013046), Rotation(pitch=0.185904, yaw=1.438891, roll=-0.000305))
Transform(Location(x=38.897232, y=-193.025543, z=-0.013046), Rotation(pitch=0.186007, yaw=1.438807, roll=-0.000397))
Transform(Location(x=38.897232, y=-193.025543, z=-0.013046), Rotation(pitch=0.186007, yaw=1.438807, roll=-0.000397))
Transform(Location(x=39.198425, y=-193.017960, z=-0.013046), Rotation(pitch=0.186116, yaw=1.438797, roll=-0.000366))
Transform(Location(x=39.342007, y=-193.014374, z=-0.013046), Rotation(pitch=0.186116, yaw=1.438797, roll=-0.000366))
Transform(Location(x=39.480804, y=-193.010895, z=-0.013046), Rotation(pitch=0.186116, yaw=1.438797, roll=-0.000366))
Transform(Location(x=39.626881, y=-193.007217, z=-0.013046), Rotation(pitch=0.186116, yaw=1.438797, roll=-0.000366))
Transform(Location(x=39.757629, y=-193.003937, z=-0.013046), Rotation(pitch=0.186116, yaw=1.438797, roll=-0.000366))
Transform(Location(x=39.908489, y=-193.000153, z=-0.013046), Rotation(pitch=0.186246, yaw=1.438857, roll=-0.000244))
Transform(Location(x=40.069153, y=-192.996124, z=-0.013046), Rotation(pitch=0.186246, yaw=1.438857, roll=-0.000244))
Transform(Location(x=40.225777, y=-192.992188, z=-0.013046), Rotation(pitch=0.186246, yaw=1.438857, roll=-0.000244))
Transform(Location(x=40.374100, y=-192.988480, z=-0.013046), Rotation(pitch=0.186259, yaw=1.438981, roll=-0.000092))
Transform(Location(x=40.538654, y=-192.984329, z=-0.013046), Rotation(pitch=0.186259, yaw=1.438981, roll=-0.000092))
Transform(Location(x=40.733372, y=-192.979446, z=-0.013046), Rotation(pitch=0.186225, yaw=1.439085, roll=0.000046))
Transform(Location(x=40.893219, y=-192.975418, z=-0.013046), Rotation(pitch=0.186225, yaw=1.439085, roll=0.000046))
Transform(Location(x=41.045223, y=-192.971603, z=-0.013046), Rotation(pitch=0.186225, yaw=1.439085, roll=0.000046))
Transform(Location(x=41.336784, y=-192.964249, z=-0.013046), Rotation(pitch=0.186150, yaw=1.439199, roll=0.000193))
Transform(Location(x=41.495350, y=-192.960266, z=-0.013046), Rotation(pitch=0.186150, yaw=1.439199, roll=0.000193))
Transform(Location(x=41.641628, y=-192.956604, z=-0.013046), Rotation(pitch=0.186150, yaw=1.439199, roll=0.000193))
Transform(Location(x=41.782967, y=-192.953049, z=-0.013046), Rotation(pitch=0.186191, yaw=1.439271, roll=0.000299))
Transform(Location(x=41.928562, y=-192.949371, z=-0.013046), Rotation(pitch=0.186191, yaw=1.439271, roll=0.000299))
Transform(Location(x=42.107227, y=-192.944885, z=-0.013046), Rotation(pitch=0.186191, yaw=1.439271, roll=0.000299))
Transform(Location(x=42.251560, y=-192.941238, z=-0.013046), Rotation(pitch=0.186191, yaw=1.439271, roll=0.000299))
Transform(Location(x=42.394970, y=-192.937653, z=-0.013046), Rotation(pitch=0.186191, yaw=1.439271, roll=0.000299))
Transform(Location(x=42.522915, y=-192.934448, z=-0.013046), Rotation(pitch=0.186246, yaw=1.439138, roll=0.000228))
Transform(Location(x=42.825211, y=-192.926865, z=-0.013046), Rotation(pitch=0.186246, yaw=1.439138, roll=0.000228))
Transform(Location(x=42.959126, y=-192.923508, z=-0.013046), Rotation(pitch=0.186300, yaw=1.439077, roll=0.000108))
Transform(Location(x=43.091244, y=-192.920197, z=-0.013046), Rotation(pitch=0.186300, yaw=1.439077, roll=0.000108))
Transform(Location(x=43.240112, y=-192.916443, z=-0.013046), Rotation(pitch=0.186300, yaw=1.439077, roll=0.000108))
Transform(Location(x=43.384850, y=-192.912811, z=-0.013046), Rotation(pitch=0.186369, yaw=1.439179, roll=0.000047))
Transform(Location(x=43.550785, y=-192.908630, z=-0.013046), Rotation(pitch=0.186369, yaw=1.439179, roll=0.000047))
Transform(Location(x=43.687691, y=-192.905197, z=-0.013046), Rotation(pitch=0.186369, yaw=1.439179, roll=0.000047))
Transform(Location(x=43.840523, y=-192.901367, z=-0.013046), Rotation(pitch=0.186375, yaw=1.439284, roll=0.000049))
Transform(Location(x=44.017651, y=-192.896912, z=-0.013046), Rotation(pitch=0.186375, yaw=1.439284, roll=0.000049))
Transform(Location(x=44.294006, y=-192.889954, z=-0.013046), Rotation(pitch=0.186375, yaw=1.439284, roll=0.000049))
Transform(Location(x=44.442310, y=-192.886246, z=-0.013046), Rotation(pitch=0.186348, yaw=1.439407, roll=0.000111))
Transform(Location(x=44.586155, y=-192.882614, z=-0.013046), Rotation(pitch=0.186348, yaw=1.439407, roll=0.000111))
Transform(Location(x=44.723980, y=-192.879135, z=-0.013046), Rotation(pitch=0.186348, yaw=1.439407, roll=0.000111))
Transform(Location(x=44.876575, y=-192.875305, z=-0.013046), Rotation(pitch=0.186348, yaw=1.439407, roll=0.000111))
Transform(Location(x=45.052914, y=-192.870895, z=-0.013046), Rotation(pitch=0.186348, yaw=1.439407, roll=0.000111))
Transform(Location(x=45.193569, y=-192.867386, z=-0.013046), Rotation(pitch=0.186348, yaw=1.439407, roll=0.000111))
Transform(Location(x=45.331203, y=-192.863907, z=-0.013046), Rotation(pitch=0.186348, yaw=1.439407, roll=0.000111))
Transform(Location(x=45.603382, y=-192.857071, z=-0.013046), Rotation(pitch=0.186348, yaw=1.439407, roll=0.000111))
Transform(Location(x=45.762287, y=-192.853088, z=-0.013046), Rotation(pitch=0.186348, yaw=1.439407, roll=0.000111))
Transform(Location(x=45.908527, y=-192.849411, z=-0.013046), Rotation(pitch=0.186369, yaw=1.439516, roll=0.000168))
Transform(Location(x=46.042534, y=-192.846054, z=-0.013046), Rotation(pitch=0.186369, yaw=1.439516, roll=0.000168))
Transform(Location(x=46.177074, y=-192.842651, z=-0.013046), Rotation(pitch=0.186369, yaw=1.439516, roll=0.000168))
Transform(Location(x=46.452808, y=-192.835693, z=-0.013046), Rotation(pitch=0.186369, yaw=1.439516, roll=0.000168))
Transform(Location(x=46.592915, y=-192.832184, z=-0.013046), Rotation(pitch=0.186369, yaw=1.439516, roll=0.000168))
Transform(Location(x=46.749302, y=-192.828232, z=-0.013046), Rotation(pitch=0.186369, yaw=1.439516, roll=0.000168))
Transform(Location(x=46.900829, y=-192.824448, z=-0.013046), Rotation(pitch=0.186369, yaw=1.439516, roll=0.000168))
Transform(Location(x=47.039795, y=-192.820969, z=-0.013046), Rotation(pitch=0.186369, yaw=1.439516, roll=0.000168))
Transform(Location(x=47.170868, y=-192.817688, z=-0.013046), Rotation(pitch=0.186369, yaw=1.439516, roll=0.000168))
Transform(Location(x=47.318417, y=-192.813980, z=-0.013046), Rotation(pitch=0.186369, yaw=1.439516, roll=0.000168))
Transform(Location(x=47.474060, y=-192.810074, z=-0.013046), Rotation(pitch=0.186369, yaw=1.439516, roll=0.000168))
Transform(Location(x=47.631786, y=-192.806122, z=-0.013046), Rotation(pitch=0.186369, yaw=1.439516, roll=0.000168))
Transform(Location(x=47.932381, y=-192.798584, z=-0.013046), Rotation(pitch=0.186403, yaw=1.439629, roll=0.000124))
Transform(Location(x=47.932381, y=-192.798584, z=-0.013046), Rotation(pitch=0.186403, yaw=1.439629, roll=0.000124))
Transform(Location(x=48.236992, y=-192.790939, z=-0.013046), Rotation(pitch=0.186369, yaw=1.439744, roll=0.000151))
Transform(Location(x=48.386101, y=-192.787186, z=-0.013046), Rotation(pitch=0.186341, yaw=1.439880, roll=0.000202))
Transform(Location(x=48.521999, y=-192.783783, z=-0.013046), Rotation(pitch=0.186341, yaw=1.439880, roll=0.000202))
Transform(Location(x=48.671494, y=-192.780029, z=-0.013046), Rotation(pitch=0.186334, yaw=1.440006, roll=0.000271))
Transform(Location(x=48.943348, y=-192.773239, z=-0.013046), Rotation(pitch=0.186341, yaw=1.440118, roll=0.000340))
Transform(Location(x=48.943348, y=-192.773239, z=-0.013046), Rotation(pitch=0.186341, yaw=1.440118, roll=0.000340))
Transform(Location(x=49.228340, y=-192.766052, z=-0.013046), Rotation(pitch=0.186369, yaw=1.440305, roll=0.000433))
Transform(Location(x=49.383652, y=-192.762146, z=-0.013046), Rotation(pitch=0.186375, yaw=1.440406, roll=0.000489))
Transform(Location(x=49.520370, y=-192.758713, z=-0.013046), Rotation(pitch=0.186375, yaw=1.440406, roll=0.000489))
Transform(Location(x=49.678711, y=-192.754715, z=-0.013046), Rotation(pitch=0.186382, yaw=1.440525, roll=0.000574))
Transform(Location(x=49.834473, y=-192.750809, z=-0.013046), Rotation(pitch=0.186382, yaw=1.440525, roll=0.000574))
Transform(Location(x=49.970634, y=-192.747375, z=-0.013046), Rotation(pitch=0.186382, yaw=1.440525, roll=0.000574))
Transform(Location(x=50.154247, y=-192.742767, z=-0.013046), Rotation(pitch=0.186382, yaw=1.440525, roll=0.000574))
Transform(Location(x=50.433514, y=-192.735733, z=-0.013046), Rotation(pitch=0.186382, yaw=1.440525, roll=0.000574))
Transform(Location(x=50.575027, y=-192.732178, z=-0.013046), Rotation(pitch=0.186382, yaw=1.440525, roll=0.000574))
Transform(Location(x=50.722118, y=-192.728470, z=-0.013046), Rotation(pitch=0.186382, yaw=1.440525, roll=0.000574))
Transform(Location(x=50.885967, y=-192.724365, z=-0.013046), Rotation(pitch=0.186382, yaw=1.440525, roll=0.000574))
Transform(Location(x=51.023418, y=-192.720932, z=-0.013046), Rotation(pitch=0.186307, yaw=1.440449, roll=0.000433))
Transform(Location(x=51.160252, y=-192.717499, z=-0.013046), Rotation(pitch=0.186307, yaw=1.440449, roll=0.000433))
Transform(Location(x=51.307957, y=-192.713791, z=-0.013046), Rotation(pitch=0.186307, yaw=1.440449, roll=0.000433))
Transform(Location(x=51.447197, y=-192.710266, z=-0.013046), Rotation(pitch=0.186321, yaw=1.440502, roll=0.000298))
Transform(Location(x=51.593796, y=-192.706604, z=-0.013046), Rotation(pitch=0.186321, yaw=1.440502, roll=0.000298))
Transform(Location(x=51.890785, y=-192.699142, z=-0.013046), Rotation(pitch=0.186355, yaw=1.440551, roll=0.000190))
Transform(Location(x=52.047798, y=-192.695190, z=-0.013046), Rotation(pitch=0.186355, yaw=1.440551, roll=0.000190))
Transform(Location(x=52.226448, y=-192.691010, z=-0.012700), Rotation(pitch=0.244582, yaw=1.441049, roll=0.060219))
Transform(Location(x=52.372349, y=-192.687531, z=-0.011972), Rotation(pitch=0.357581, yaw=1.442212, roll=0.112579))
Transform(Location(x=52.525120, y=-192.683609, z=-0.011095), Rotation(pitch=0.478304, yaw=1.444111, roll=0.118803))
Transform(Location(x=52.703651, y=-192.679016, z=-0.010254), Rotation(pitch=0.572083, yaw=1.446188, roll=0.121954))
Transform(Location(x=52.854485, y=-192.675125, z=-0.009689), Rotation(pitch=0.621042, yaw=1.447657, roll=0.121870))
Transform(Location(x=53.009285, y=-192.671173, z=-0.009214), Rotation(pitch=0.653417, yaw=1.448781, roll=0.119574))
Transform(Location(x=53.150505, y=-192.667557, z=-0.008860), Rotation(pitch=0.671920, yaw=1.449494, roll=0.116007))
Transform(Location(x=53.288631, y=-192.664017, z=-0.008574), Rotation(pitch=0.683142, yaw=1.449929, roll=0.111461))
Transform(Location(x=53.442089, y=-192.660751, z=-0.007894), Rotation(pitch=0.597676, yaw=1.450867, roll=0.236287))
Transform(Location(x=53.576382, y=-192.657242, z=-0.007045), Rotation(pitch=0.470962, yaw=1.450568, roll=0.240032))
Transform(Location(x=53.727627, y=-192.653290, z=-0.006184), Rotation(pitch=0.367812, yaw=1.449735, roll=0.239791))
Transform(Location(x=53.903061, y=-192.648727, z=-0.005311), Rotation(pitch=0.287326, yaw=1.448552, roll=0.234601))
Transform(Location(x=54.045639, y=-192.645020, z=-0.004712), Rotation(pitch=0.246017, yaw=1.447513, roll=0.227741))
Transform(Location(x=54.333622, y=-192.637589, z=-0.003753), Rotation(pitch=0.199387, yaw=1.445500, roll=0.208465))
Transform(Location(x=54.484646, y=-192.633682, z=-0.003369), Rotation(pitch=0.187174, yaw=1.444415, roll=0.196580))
Transform(Location(x=54.640030, y=-192.629715, z=-0.003048), Rotation(pitch=0.179928, yaw=1.443262, roll=0.183835))
Transform(Location(x=54.779247, y=-192.626144, z=-0.002817), Rotation(pitch=0.176588, yaw=1.442232, roll=0.172513))
Transform(Location(x=54.929375, y=-192.622345, z=-0.002619), Rotation(pitch=0.175174, yaw=1.441128, roll=0.160575))
Transform(Location(x=55.201820, y=-192.616089, z=-0.003086), Rotation(pitch=0.061868, yaw=1.440325, roll=0.276434))
Transform(Location(x=55.339199, y=-192.612900, z=-0.003393), Rotation(pitch=0.012581, yaw=1.441032, roll=0.356881))
Transform(Location(x=55.484451, y=-192.608948, z=-0.004278), Rotation(pitch=-0.120942, yaw=1.440176, roll=0.329411))
Transform(Location(x=55.616665, y=-192.605347, z=-0.004956), Rotation(pitch=-0.205350, yaw=1.438505, roll=0.300447))
Transform(Location(x=55.779507, y=-192.600998, z=-0.005673), Rotation(pitch=-0.276520, yaw=1.436048, roll=0.260681))
Transform(Location(x=55.962193, y=-192.596207, z=-0.006334), Rotation(pitch=-0.324926, yaw=1.433170, roll=0.214080))
Transform(Location(x=56.102131, y=-192.592560, z=-0.006741), Rotation(pitch=-0.346065, yaw=1.431060, roll=0.179886))
Transform(Location(x=56.231426, y=-192.589798, z=-0.007410), Rotation(pitch=-0.280304, yaw=1.428795, roll=0.258674))
Transform(Location(x=56.377151, y=-192.586578, z=-0.008083), Rotation(pitch=-0.223176, yaw=1.427913, roll=0.349564))
Transform(Location(x=56.655624, y=-192.579178, z=-0.009764), Rotation(pitch=-0.024835, yaw=1.430733, roll=0.317267))
Transform(Location(x=56.807259, y=-192.575027, z=-0.010633), Rotation(pitch=0.059197, yaw=1.432185, roll=0.258335))
Transform(Location(x=56.942474, y=-192.571426, z=-0.011305), Rotation(pitch=0.110458, yaw=1.432803, roll=0.206036))
Transform(Location(x=57.102894, y=-192.567200, z=-0.011995), Rotation(pitch=0.152689, yaw=1.432673, roll=0.145326))
Transform(Location(x=57.251053, y=-192.563400, z=-0.012526), Rotation(pitch=0.177790, yaw=1.432014, roll=0.093448))
Transform(Location(x=57.385864, y=-192.559952, z=-0.012929), Rotation(pitch=0.192673, yaw=1.431168, roll=0.050795))
Transform(Location(x=57.527962, y=-192.556381, z=-0.013281), Rotation(pitch=0.202850, yaw=1.430167, roll=0.010850))
Transform(Location(x=57.670971, y=-192.552826, z=-0.013567), Rotation(pitch=0.209004, yaw=1.429195, roll=-0.023621))
Transform(Location(x=57.962894, y=-192.545685, z=-0.013974), Rotation(pitch=0.213676, yaw=1.427497, roll=-0.075897))
Transform(Location(x=58.106308, y=-192.542160, z=-0.014100), Rotation(pitch=0.213689, yaw=1.427103, roll=-0.092926))
Transform(Location(x=58.245373, y=-192.538788, z=-0.014185), Rotation(pitch=0.212917, yaw=1.427023, roll=-0.104401))
Transform(Location(x=58.433758, y=-192.534195, z=-0.014251), Rotation(pitch=0.210985, yaw=1.427371, roll=-0.112732))
Transform(Location(x=58.582176, y=-192.530579, z=-0.014271), Rotation(pitch=0.209263, yaw=1.427912, roll=-0.114532))
Transform(Location(x=58.727234, y=-192.527054, z=-0.014267), Rotation(pitch=0.207474, yaw=1.428658, roll=-0.112732))
Transform(Location(x=58.861942, y=-192.523743, z=-0.014249), Rotation(pitch=0.205841, yaw=1.429509, roll=-0.108521))
Transform(Location(x=59.004211, y=-192.520248, z=-0.014215), Rotation(pitch=0.204127, yaw=1.430503, roll=-0.101837))
Transform(Location(x=59.148724, y=-192.516708, z=-0.014170), Rotation(pitch=0.202467, yaw=1.431559, roll=-0.093323))
Transform(Location(x=59.466747, y=-192.508865, z=-0.014043), Rotation(pitch=0.199114, yaw=1.434066, roll=-0.070679))
Transform(Location(x=59.609291, y=-192.505325, z=-0.013980), Rotation(pitch=0.197830, yaw=1.435208, roll=-0.060028))
Transform(Location(x=59.774948, y=-192.501205, z=-0.013904), Rotation(pitch=0.196436, yaw=1.436476, roll=-0.047607))
Transform(Location(x=59.928295, y=-192.497375, z=-0.013833), Rotation(pitch=0.195289, yaw=1.437575, roll=-0.036682))
Transform(Location(x=60.067760, y=-192.493881, z=-0.013770), Rotation(pitch=0.194380, yaw=1.438504, roll=-0.027435))
Transform(Location(x=60.206585, y=-192.490402, z=-0.013709), Rotation(pitch=0.193554, yaw=1.439324, roll=-0.019012))
Transform(Location(x=60.402100, y=-192.485504, z=-0.013624), Rotation(pitch=0.192447, yaw=1.440313, roll=-0.008362))
Transform(Location(x=60.550163, y=-192.481796, z=-0.013564), Rotation(pitch=0.191744, yaw=1.440958, roll=-0.001678))
Transform(Location(x=60.846027, y=-192.474289, z=-0.013457), Rotation(pitch=0.190583, yaw=1.442034, roll=0.008442))
Transform(Location(x=60.846027, y=-192.474289, z=-0.013457), Rotation(pitch=0.190583, yaw=1.442034, roll=0.008442))
Transform(Location(x=61.008720, y=-192.470169, z=-0.013403), Rotation(pitch=0.190043, yaw=1.442421, roll=0.012258))
Transform(Location(x=61.279037, y=-192.463348, z=-0.013326), Rotation(pitch=0.189312, yaw=1.442782, roll=0.016101))
Transform(Location(x=61.445580, y=-192.459152, z=-0.013283), Rotation(pitch=0.188930, yaw=1.442858, roll=0.017110))
Transform(Location(x=61.605679, y=-192.455093, z=-0.013247), Rotation(pitch=0.188609, yaw=1.442859, roll=0.017291))
Transform(Location(x=61.747517, y=-192.451492, z=-0.013218), Rotation(pitch=0.188349, yaw=1.442816, roll=0.016929))
Transform(Location(x=61.891991, y=-192.447845, z=-0.013192), Rotation(pitch=0.188131, yaw=1.442721, roll=0.016130))
Transform(Location(x=62.046494, y=-192.443939, z=-0.013166), Rotation(pitch=0.187905, yaw=1.442568, roll=0.014893))
Transform(Location(x=62.177292, y=-192.440659, z=-0.013148), Rotation(pitch=0.187748, yaw=1.442412, roll=0.013647))
Transform(Location(x=62.451427, y=-192.433731, z=-0.013115), Rotation(pitch=0.187489, yaw=1.442114, roll=0.010650))
Transform(Location(x=62.590042, y=-192.430252, z=-0.013101), Rotation(pitch=0.187366, yaw=1.441938, roll=0.009050))
Transform(Location(x=62.590042, y=-192.430252, z=-0.013101), Rotation(pitch=0.187366, yaw=1.441938, roll=0.009050))
Transform(Location(x=62.790825, y=-192.425186, z=-0.013084), Rotation(pitch=0.187209, yaw=1.441682, roll=0.006679))
Transform(Location(x=62.974812, y=-192.420563, z=-0.013071), Rotation(pitch=0.187038, yaw=1.441455, roll=0.004653))
Transform(Location(x=63.127636, y=-192.416733, z=-0.013063), Rotation(pitch=0.186894, yaw=1.441271, roll=0.003134))
Transform(Location(x=63.288719, y=-192.412674, z=-0.013055), Rotation(pitch=0.186799, yaw=1.441121, roll=0.001703))
Transform(Location(x=63.419491, y=-192.409378, z=-0.013050), Rotation(pitch=0.186724, yaw=1.441020, roll=0.000699))
Transform(Location(x=63.601933, y=-192.404800, z=-0.013044), Rotation(pitch=0.186642, yaw=1.440876, roll=-0.000519))
Transform(Location(x=63.911385, y=-192.397034, z=-0.013038), Rotation(pitch=0.186512, yaw=1.440712, roll=-0.001953))
Transform(Location(x=64.056023, y=-192.393372, z=-0.013036), Rotation(pitch=0.186478, yaw=1.440663, roll=-0.002380))
Transform(Location(x=64.177887, y=-192.390335, z=-0.013035), Rotation(pitch=0.186471, yaw=1.440623, roll=-0.002655))
Transform(Location(x=64.312050, y=-192.386963, z=-0.013033), Rotation(pitch=0.186471, yaw=1.440591, roll=-0.002838))
Transform(Location(x=64.456306, y=-192.383331, z=-0.013033), Rotation(pitch=0.186471, yaw=1.440591, roll=-0.002838))
Transform(Location(x=64.600456, y=-192.379700, z=-0.013032), Rotation(pitch=0.186471, yaw=1.440591, roll=-0.002838))
Transform(Location(x=64.892082, y=-192.372391, z=-0.013032), Rotation(pitch=0.186478, yaw=1.440409, roll=-0.002747))
Transform(Location(x=65.024162, y=-192.369080, z=-0.013033), Rotation(pitch=0.186478, yaw=1.440379, roll=-0.002594))
Transform(Location(x=65.164909, y=-192.365524, z=-0.013033), Rotation(pitch=0.186478, yaw=1.440377, roll=-0.002380))
Transform(Location(x=65.299103, y=-192.362183, z=-0.013033), Rotation(pitch=0.186498, yaw=1.440373, roll=-0.002167))
Transform(Location(x=65.434891, y=-192.358780, z=-0.013034), Rotation(pitch=0.186505, yaw=1.440389, roll=-0.001953))
Transform(Location(x=65.607071, y=-192.354446, z=-0.013035), Rotation(pitch=0.186505, yaw=1.440447, roll=-0.001617))
Transform(Location(x=65.871239, y=-192.347809, z=-0.013036), Rotation(pitch=0.186478, yaw=1.440551, roll=-0.001129))
Transform(Location(x=66.012314, y=-192.344254, z=-0.013037), Rotation(pitch=0.186478, yaw=1.440587, roll=-0.000885))
Transform(Location(x=66.169586, y=-192.340302, z=-0.013037), Rotation(pitch=0.186478, yaw=1.440624, roll=-0.000641))
Transform(Location(x=66.344757, y=-192.335892, z=-0.013038), Rotation(pitch=0.186464, yaw=1.440662, roll=-0.000366))
Transform(Location(x=66.486465, y=-192.332336, z=-0.013039), Rotation(pitch=0.186430, yaw=1.440672, roll=-0.000183))
Transform(Location(x=66.612305, y=-192.329178, z=-0.013040), Rotation(pitch=0.186416, yaw=1.440666, roll=-0.000061))
Transform(Location(x=66.888916, y=-192.322220, z=-0.013041), Rotation(pitch=0.186416, yaw=1.440663, roll=0.000161))
Transform(Location(x=67.023827, y=-192.318817, z=-0.013041), Rotation(pitch=0.186416, yaw=1.440663, roll=0.000161))
Transform(Location(x=67.151627, y=-192.315628, z=-0.013042), Rotation(pitch=0.186437, yaw=1.440669, roll=0.000298))
Transform(Location(x=67.285545, y=-192.312256, z=-0.013042), Rotation(pitch=0.186437, yaw=1.440669, roll=0.000298))
Transform(Location(x=67.416122, y=-192.308975, z=-0.013043), Rotation(pitch=0.186437, yaw=1.440669, roll=0.000298))
Transform(Location(x=67.558708, y=-192.305389, z=-0.013043), Rotation(pitch=0.186437, yaw=1.440669, roll=0.000298))
Transform(Location(x=67.857674, y=-192.297852, z=-0.013044), Rotation(pitch=0.186437, yaw=1.440669, roll=0.000298))
Transform(Location(x=67.997917, y=-192.294327, z=-0.013044), Rotation(pitch=0.186437, yaw=1.440669, roll=0.000298))
Transform(Location(x=68.143585, y=-192.290665, z=-0.013044), Rotation(pitch=0.186464, yaw=1.443547, roll=0.001032))
Transform(Location(x=68.270317, y=-192.287460, z=-0.013044), Rotation(pitch=0.186450, yaw=1.449272, roll=0.002695))
Transform(Location(x=68.420769, y=-192.283615, z=-0.013045), Rotation(pitch=0.186450, yaw=1.460879, roll=0.006626))
Transform(Location(x=68.692360, y=-192.276581, z=-0.013045), Rotation(pitch=0.186450, yaw=1.492486, roll=0.019503))
Transform(Location(x=68.823341, y=-192.273117, z=-0.013045), Rotation(pitch=0.186450, yaw=1.512607, roll=0.028718))
Transform(Location(x=68.961227, y=-192.269409, z=-0.013045), Rotation(pitch=0.186450, yaw=1.537508, roll=0.040921))
Transform(Location(x=69.087395, y=-192.265991, z=-0.013045), Rotation(pitch=0.186450, yaw=1.562881, roll=0.054067))
Transform(Location(x=69.227760, y=-192.262131, z=-0.013045), Rotation(pitch=0.186450, yaw=1.593643, roll=0.071101))
Transform(Location(x=69.512924, y=-192.253998, z=-0.013045), Rotation(pitch=0.186437, yaw=1.660622, roll=0.111530))
Transform(Location(x=69.646713, y=-192.250076, z=-0.013045), Rotation(pitch=0.186416, yaw=1.694258, roll=0.132574))
Transform(Location(x=69.780975, y=-192.246048, z=-0.013045), Rotation(pitch=0.186382, yaw=1.729152, roll=0.154752))
Transform(Location(x=69.926239, y=-192.241623, z=-0.013045), Rotation(pitch=0.186369, yaw=1.767725, roll=0.179684))
Transform(Location(x=70.200417, y=-192.232986, z=-0.013044), Rotation(pitch=0.186314, yaw=1.841538, roll=0.227099))
Transform(Location(x=70.330215, y=-192.228790, z=-0.013044), Rotation(pitch=0.186293, yaw=1.876468, roll=0.249035))
Transform(Location(x=70.460655, y=-192.224442, z=-0.013044), Rotation(pitch=0.186280, yaw=1.911299, roll=0.270401))
Transform(Location(x=70.598373, y=-192.219803, z=-0.013044), Rotation(pitch=0.186259, yaw=1.947611, roll=0.291988))
Transform(Location(x=70.860435, y=-192.210693, z=-0.013044), Rotation(pitch=0.186239, yaw=2.015269, roll=0.329076))
Transform(Location(x=71.001152, y=-192.205673, z=-0.013044), Rotation(pitch=0.186225, yaw=2.050835, roll=0.346609))
Transform(Location(x=71.154190, y=-192.200119, z=-0.013044), Rotation(pitch=0.186225, yaw=2.088655, roll=0.363545))
Transform(Location(x=71.292252, y=-192.194992, z=-0.013044), Rotation(pitch=0.186211, yaw=2.121391, roll=0.376505))
Transform(Location(x=71.438332, y=-192.189529, z=-0.013044), Rotation(pitch=0.186198, yaw=2.154540, roll=0.387795))
Transform(Location(x=71.571404, y=-192.184464, z=-0.013044), Rotation(pitch=0.186198, yaw=2.183560, roll=0.395842))
Transform(Location(x=71.745186, y=-192.177902, z=-0.013037), Rotation(pitch=0.192154, yaw=2.175743, roll=0.391809))
Transform(Location(x=71.876465, y=-192.172989, z=-0.012999), Rotation(pitch=0.219147, yaw=2.154035, roll=0.379259))
Transform(Location(x=72.158722, y=-192.162567, z=-0.012838), Rotation(pitch=0.334140, yaw=2.082379, roll=0.324780))
Transform(Location(x=72.296539, y=-192.157608, z=-0.012796), Rotation(pitch=0.364712, yaw=2.041161, roll=0.286078))
Transform(Location(x=72.433479, y=-192.152771, z=-0.012778), Rotation(pitch=0.378727, yaw=2.001172, roll=0.242104))
Transform(Location(x=72.553520, y=-192.148590, z=-0.012774), Rotation(pitch=0.381719, yaw=1.966412, roll=0.200566))
Transform(Location(x=72.688232, y=-192.143982, z=-0.012782), Rotation(pitch=0.377682, yaw=1.928129, roll=0.150788))
Transform(Location(x=72.832603, y=-192.139114, z=-0.012797), Rotation(pitch=0.367505, yaw=1.888561, roll=0.095549))
Transform(Location(x=73.091606, y=-192.130692, z=-0.012834), Rotation(pitch=0.341871, yaw=1.821599, roll=-0.001953))
Transform(Location(x=73.219002, y=-192.126678, z=-0.012855), Rotation(pitch=0.327603, yaw=1.790334, roll=-0.047760))
Transform(Location(x=73.365288, y=-192.122147, z=-0.012879), Rotation(pitch=0.310453, yaw=1.757396, roll=-0.097534))
Transform(Location(x=73.496300, y=-192.118179, z=-0.012900), Rotation(pitch=0.295713, yaw=1.730211, roll=-0.138031))
Transform(Location(x=73.618965, y=-192.114532, z=-0.012918), Rotation(pitch=0.282476, yaw=1.705948, roll=-0.172302))
Transform(Location(x=73.876678, y=-192.107040, z=-0.012954), Rotation(pitch=0.256351, yaw=1.659320, roll=-0.232269))
Transform(Location(x=74.013351, y=-192.103180, z=-0.012972), Rotation(pitch=0.243667, yaw=1.637871, roll=-0.256866))
Transform(Location(x=74.151642, y=-192.099319, z=-0.012988), Rotation(pitch=0.231810, yaw=1.618425, roll=-0.276459))
Transform(Location(x=74.270172, y=-192.096054, z=-0.013001), Rotation(pitch=0.222698, yaw=1.602744, roll=-0.289276))
Transform(Location(x=74.543449, y=-192.088623, z=-0.013027), Rotation(pitch=0.203751, yaw=1.571380, roll=-0.305511))
Transform(Location(x=74.685898, y=-192.084793, z=-0.013039), Rotation(pitch=0.195214, yaw=1.558147, roll=-0.307037))
Transform(Location(x=74.847229, y=-192.080505, z=-0.013051), Rotation(pitch=0.186416, yaw=1.548142, roll=-0.302887))
Transform(Location(x=74.974564, y=-192.077103, z=-0.013059), Rotation(pitch=0.180536, yaw=1.545323, roll=-0.295410))
Transform(Location(x=75.111450, y=-192.073456, z=-0.013068), Rotation(pitch=0.174744, yaw=1.549480, roll=-0.282318))
Transform(Location(x=75.262138, y=-192.069397, z=-0.013076), Rotation(pitch=0.168958, yaw=1.564496, roll=-0.261169))
Transform(Location(x=75.391708, y=-192.065842, z=-0.013079), Rotation(pitch=0.166718, yaw=1.587196, roll=-0.237457))
Transform(Location(x=75.664505, y=-192.058075, z=-0.012984), Rotation(pitch=0.233709, yaw=1.662981, roll=-0.169403))
Transform(Location(x=75.800247, y=-192.054016, z=-0.012857), Rotation(pitch=0.322754, yaw=1.722646, roll=-0.124268))
Transform(Location(x=75.925850, y=-192.050293, z=-0.012737), Rotation(pitch=0.406109, yaw=1.745328, roll=-0.086151))
Transform(Location(x=76.040253, y=-192.046936, z=-0.012666), Rotation(pitch=0.456284, yaw=1.742090, roll=-0.057404))
Transform(Location(x=76.167763, y=-192.043213, z=-0.012624), Rotation(pitch=0.485988, yaw=1.723690, roll=-0.031891))
Transform(Location(x=76.417221, y=-192.036026, z=-0.012617), Rotation(pitch=0.492539, yaw=1.669536, roll=-0.001434))
Transform(Location(x=76.542709, y=-192.032455, z=-0.012636), Rotation(pitch=0.480292, yaw=1.640107, roll=0.004797))
Transform(Location(x=76.665298, y=-192.029007, z=-0.012662), Rotation(pitch=0.462786, yaw=1.612311, roll=0.005835))
Transform(Location(x=76.792473, y=-192.025452, z=-0.012695), Rotation(pitch=0.440909, yaw=1.585055, roll=0.002233))
Transform(Location(x=77.040901, y=-192.018631, z=-0.012764), Rotation(pitch=0.393849, yaw=1.536306, roll=-0.015656))
Transform(Location(x=77.179611, y=-192.014893, z=-0.012803), Rotation(pitch=0.366843, yaw=1.511231, roll=-0.030579))
Transform(Location(x=77.306458, y=-192.011551, z=-0.012840), Rotation(pitch=0.342684, yaw=1.490989, roll=-0.044830))
Transform(Location(x=77.432991, y=-192.008270, z=-0.012902), Rotation(pitch=0.315425, yaw=1.473401, roll=-0.054810))
Transform(Location(x=77.674110, y=-192.002182, z=-0.013111), Rotation(pitch=0.253407, yaw=1.445691, roll=-0.056183))
Transform(Location(x=77.819565, y=-191.998627, z=-0.013380), Rotation(pitch=0.196081, yaw=1.432424, roll=-0.039581))
Transform(Location(x=77.956184, y=-191.995346, z=-0.013728), Rotation(pitch=0.132526, yaw=1.421830, roll=-0.013336))
Transform(Location(x=78.083160, y=-191.992218, z=-0.014091), Rotation(pitch=0.072673, yaw=1.414127, roll=-0.001678))
Transform(Location(x=78.217285, y=-191.988861, z=-0.014505), Rotation(pitch=0.010068, yaw=1.407685, roll=-0.007751))
Transform(Location(x=78.335907, y=-191.985840, z=-0.014852), Rotation(pitch=-0.037593, yaw=1.401670, roll=-0.022736))
Transform(Location(x=78.600182, y=-191.979294, z=-0.015470), Rotation(pitch=-0.096463, yaw=1.387576, roll=-0.044830))
Transform(Location(x=78.739845, y=-191.975967, z=-0.015744), Rotation(pitch=-0.105957, yaw=1.380647, roll=-0.042755))
Transform(Location(x=78.875595, y=-191.972794, z=-0.016040), Rotation(pitch=-0.093758, yaw=1.374061, roll=-0.025085))
Transform(Location(x=78.993263, y=-191.970093, z=-0.016335), Rotation(pitch=-0.067783, yaw=1.369012, roll=0.003403))
Transform(Location(x=79.115639, y=-191.967285, z=-0.016671), Rotation(pitch=-0.031863, yaw=1.364498, roll=0.037495))
Transform(Location(x=79.382729, y=-191.960754, z=-0.017447), Rotation(pitch=0.056049, yaw=1.359389, roll=0.045886))
Transform(Location(x=79.520676, y=-191.957321, z=-0.017813), Rotation(pitch=0.092228, yaw=1.358633, roll=0.029797))
Transform(Location(x=79.639519, y=-191.954391, z=-0.018076), Rotation(pitch=0.113053, yaw=1.358625, roll=0.015668))
Transform(Location(x=79.764862, y=-191.951324, z=-0.018308), Rotation(pitch=0.127998, yaw=1.358988, roll=0.000986))
Transform(Location(x=80.019585, y=-191.945145, z=-0.018649), Rotation(pitch=0.143571, yaw=1.360428, roll=-0.025757))
Transform(Location(x=80.145836, y=-191.942123, z=-0.018762), Rotation(pitch=0.146630, yaw=1.361356, roll=-0.036743))
Transform(Location(x=80.313431, y=-191.938126, z=-0.018863), Rotation(pitch=0.147887, yaw=1.362911, roll=-0.048584))
Transform(Location(x=80.446274, y=-191.934937, z=-0.018907), Rotation(pitch=0.147498, yaw=1.364348, roll=-0.055450))
Transform(Location(x=80.564461, y=-191.932144, z=-0.018925), Rotation(pitch=0.146528, yaw=1.365762, roll=-0.059784))
Transform(Location(x=80.694260, y=-191.929062, z=-0.018924), Rotation(pitch=0.145019, yaw=1.367487, roll=-0.062622))
Transform(Location(x=80.960373, y=-191.922775, z=-0.018867), Rotation(pitch=0.141344, yaw=1.371362, roll=-0.062836))
Transform(Location(x=81.124504, y=-191.918884, z=-0.018803), Rotation(pitch=0.139008, yaw=1.374083, roll=-0.059662))
Transform(Location(x=81.250679, y=-191.915894, z=-0.018744), Rotation(pitch=0.137444, yaw=1.376269, roll=-0.056030))
Transform(Location(x=81.389992, y=-191.912552, z=-0.018671), Rotation(pitch=0.135818, yaw=1.378818, roll=-0.050903))
Transform(Location(x=81.517410, y=-191.909485, z=-0.018598), Rotation(pitch=0.134514, yaw=1.381210, roll=-0.045532))
Transform(Location(x=81.652878, y=-191.906250, z=-0.018516), Rotation(pitch=0.133291, yaw=1.383777, roll=-0.039185))
Transform(Location(x=81.935509, y=-191.899429, z=-0.018334), Rotation(pitch=0.131297, yaw=1.389158, roll=-0.024994))
Transform(Location(x=82.072296, y=-191.896103, z=-0.018245), Rotation(pitch=0.130593, yaw=1.391752, roll=-0.018097))
Transform(Location(x=82.200249, y=-191.893021, z=-0.018162), Rotation(pitch=0.130088, yaw=1.394110, roll=-0.011841))
Transform(Location(x=82.323555, y=-191.890015, z=-0.018082), Rotation(pitch=0.129719, yaw=1.396331, roll=-0.006104))
Transform(Location(x=82.466805, y=-191.886536, z=-0.017990), Rotation(pitch=0.129412, yaw=1.398826, roll=0.000231))
Transform(Location(x=82.599693, y=-191.883270, z=-0.017907), Rotation(pitch=0.129248, yaw=1.401066, roll=0.005595))
Transform(Location(x=82.864487, y=-191.876785, z=-0.017747), Rotation(pitch=0.129214, yaw=1.405357, roll=0.014728))
Transform(Location(x=83.010178, y=-191.873215, z=-0.017662), Rotation(pitch=0.129343, yaw=1.407525, roll=0.018821))
Transform(Location(x=83.142265, y=-191.869949, z=-0.017588), Rotation(pitch=0.129528, yaw=1.409384, roll=0.021923))
Transform(Location(x=83.261452, y=-191.866989, z=-0.017523), Rotation(pitch=0.129746, yaw=1.410987, roll=0.024241))
Transform(Location(x=83.525047, y=-191.860489, z=-0.017387), Rotation(pitch=0.130395, yaw=1.414251, roll=0.027881))
Transform(Location(x=83.661980, y=-191.857086, z=-0.017320), Rotation(pitch=0.130805, yaw=1.415798, roll=0.029022))
Transform(Location(x=83.823921, y=-191.853058, z=-0.017243), Rotation(pitch=0.131358, yaw=1.417481, roll=0.029775))
Transform(Location(x=83.950829, y=-191.849899, z=-0.017186), Rotation(pitch=0.131802, yaw=1.418716, roll=0.029987))
Transform(Location(x=84.097336, y=-191.846268, z=-0.017121), Rotation(pitch=0.132369, yaw=1.420038, roll=0.029844))
Transform(Location(x=84.232399, y=-191.842911, z=-0.017064), Rotation(pitch=0.132909, yaw=1.421185, roll=0.029420))
Transform(Location(x=84.490074, y=-191.836502, z=-0.016961), Rotation(pitch=0.133967, yaw=1.423199, roll=0.027997))
Transform(Location(x=84.622284, y=-191.833206, z=-0.016910), Rotation(pitch=0.134568, yaw=1.424151, roll=0.027032))
Transform(Location(x=84.763794, y=-191.829681, z=-0.016857), Rotation(pitch=0.135204, yaw=1.425090, roll=0.025867))
Transform(Location(x=84.889336, y=-191.826538, z=-0.016811), Rotation(pitch=0.135777, yaw=1.425882, roll=0.024774))
Transform(Location(x=85.162041, y=-191.819748, z=-0.016715), Rotation(pitch=0.137055, yaw=1.427462, roll=0.022268))
Transform(Location(x=85.290848, y=-191.816513, z=-0.016672), Rotation(pitch=0.137656, yaw=1.428155, roll=0.021091))
Transform(Location(x=85.418991, y=-191.813309, z=-0.016629), Rotation(pitch=0.138264, yaw=1.428807, roll=0.019942))
Transform(Location(x=85.545418, y=-191.810135, z=-0.016588), Rotation(pitch=0.138865, yaw=1.429410, roll=0.018843))
Transform(Location(x=85.675880, y=-191.806885, z=-0.016545), Rotation(pitch=0.139507, yaw=1.429978, roll=0.017748))
Transform(Location(x=85.831711, y=-191.803024, z=-0.016496), Rotation(pitch=0.140374, yaw=1.430605, roll=0.016493))
Transform(Location(x=85.986046, y=-191.799149, z=-0.016447), Rotation(pitch=0.141323, yaw=1.431206, roll=0.015342))
Transform(Location(x=86.264717, y=-191.792206, z=-0.016361), Rotation(pitch=0.143304, yaw=1.432251, roll=0.013534))
Transform(Location(x=86.404419, y=-191.788727, z=-0.016318), Rotation(pitch=0.144452, yaw=1.432741, roll=0.012751))
Transform(Location(x=86.533058, y=-191.785507, z=-0.016279), Rotation(pitch=0.145572, yaw=1.433182, roll=0.012104))
Transform(Location(x=86.659721, y=-191.782333, z=-0.016240), Rotation(pitch=0.146733, yaw=1.433610, roll=0.011533))
Transform(Location(x=86.812286, y=-191.778519, z=-0.016194), Rotation(pitch=0.148263, yaw=1.434093, roll=0.010916))
Transform(Location(x=87.086037, y=-191.771637, z=-0.016111), Rotation(pitch=0.151070, yaw=1.434903, roll=0.010007))
Transform(Location(x=87.254189, y=-191.767395, z=-0.016060), Rotation(pitch=0.152921, yaw=1.435325, roll=0.009537))
Transform(Location(x=87.388153, y=-191.764038, z=-0.016020), Rotation(pitch=0.154335, yaw=1.435608, roll=0.009202))
Transform(Location(x=87.518608, y=-191.760757, z=-0.015980), Rotation(pitch=0.155721, yaw=1.435853, roll=0.008902))
Transform(Location(x=87.663223, y=-191.757126, z=-0.015937), Rotation(pitch=0.157306, yaw=1.436076, roll=0.008585))
Transform(Location(x=87.921188, y=-191.750641, z=-0.015860), Rotation(pitch=0.160052, yaw=1.436404, roll=0.008057))
Transform(Location(x=88.051346, y=-191.747375, z=-0.015821), Rotation(pitch=0.161432, yaw=1.436542, roll=0.007801))
Transform(Location(x=88.173622, y=-191.744339, z=-0.015784), Rotation(pitch=0.162709, yaw=1.436658, roll=0.007567))
Transform(Location(x=88.328331, y=-191.740463, z=-0.015738), Rotation(pitch=0.164368, yaw=1.436815, roll=0.007278))
Transform(Location(x=88.480553, y=-191.736618, z=-0.015693), Rotation(pitch=0.165939, yaw=1.436975, roll=0.007005))
Transform(Location(x=88.748291, y=-191.729919, z=-0.015613), Rotation(pitch=0.168514, yaw=1.437222, roll=0.006549))
Transform(Location(x=88.889473, y=-191.726364, z=-0.015571), Rotation(pitch=0.169853, yaw=1.437367, roll=0.006327))
Transform(Location(x=89.020241, y=-191.723083, z=-0.015532), Rotation(pitch=0.171055, yaw=1.437485, roll=0.006127))
Transform(Location(x=89.154518, y=-191.719727, z=-0.015492), Rotation(pitch=0.172251, yaw=1.437605, roll=0.005932))
Transform(Location(x=89.324600, y=-191.715469, z=-0.015441), Rotation(pitch=0.173781, yaw=1.437761, roll=0.005697))
Transform(Location(x=89.473373, y=-191.711716, z=-0.015397), Rotation(pitch=0.175017, yaw=1.437904, roll=0.005510))
Transform(Location(x=89.733696, y=-191.705185, z=-0.015320), Rotation(pitch=0.177038, yaw=1.438129, roll=0.005213))
Transform(Location(x=89.868423, y=-191.701797, z=-0.015280), Rotation(pitch=0.178049, yaw=1.438215, roll=0.005069))
Transform(Location(x=89.995949, y=-191.698593, z=-0.015254), Rotation(pitch=0.176943, yaw=1.439139, roll=0.007225))
Transform(Location(x=90.136795, y=-191.695129, z=-0.015294), Rotation(pitch=0.164526, yaw=1.442801, roll=0.023304))
Transform(Location(x=90.395233, y=-191.688889, z=-0.015573), Rotation(pitch=0.113101, yaw=1.453997, roll=0.099102))
Transform(Location(x=90.523994, y=-191.685822, z=-0.015778), Rotation(pitch=0.081108, yaw=1.457828, roll=0.154963))
Transform(Location(x=90.674950, y=-191.682144, z=-0.015976), Rotation(pitch=0.054259, yaw=1.460148, roll=0.217740))
Transform(Location(x=90.796471, y=-191.679153, z=-0.016103), Rotation(pitch=0.039567, yaw=1.461151, roll=0.264089))
Transform(Location(x=90.939613, y=-191.675568, z=-0.016226), Rotation(pitch=0.027314, yaw=1.461634, roll=0.314115))
Transform(Location(x=91.197548, y=-191.669052, z=-0.016417), Rotation(pitch=0.022212, yaw=1.458820, roll=0.399360))
Transform(Location(x=91.360886, y=-191.664978, z=-0.016605), Rotation(pitch=0.037921, yaw=1.453741, roll=0.470696))
Transform(Location(x=91.487617, y=-191.661819, z=-0.016870), Rotation(pitch=0.051158, yaw=1.451014, roll=0.530852))
Transform(Location(x=91.640450, y=-191.657928, z=-0.017317), Rotation(pitch=0.060755, yaw=1.451286, roll=0.599443))
Transform(Location(x=91.773750, y=-191.654388, z=-0.017742), Rotation(pitch=0.054901, yaw=1.454175, roll=0.638189))
Transform(Location(x=92.039032, y=-191.647385, z=-0.018425), Rotation(pitch=0.047347, yaw=1.455373, roll=0.690666))
Transform(Location(x=92.181068, y=-191.643585, z=-0.018716), Rotation(pitch=0.044895, yaw=1.454918, roll=0.706887))
Transform(Location(x=92.311554, y=-191.640137, z=-0.018941), Rotation(pitch=0.043208, yaw=1.453906, roll=0.715666))
Transform(Location(x=92.439491, y=-191.636734, z=-0.019128), Rotation(pitch=0.041931, yaw=1.452485, roll=0.719307))
Transform(Location(x=92.697807, y=-191.629700, z=-0.019559), Rotation(pitch=0.068616, yaw=1.442270, roll=0.674588))
Transform(Location(x=92.826691, y=-191.626114, z=-0.019826), Rotation(pitch=0.096640, yaw=1.435336, roll=0.620201))
Transform(Location(x=92.966293, y=-191.622269, z=-0.020097), Rotation(pitch=0.122629, yaw=1.430115, roll=0.553147))
Transform(Location(x=93.092506, y=-191.618820, z=-0.020311), Rotation(pitch=0.139295, yaw=1.426379, roll=0.492866))
Transform(Location(x=93.229034, y=-191.615189, z=-0.020513), Rotation(pitch=0.152327, yaw=1.422888, roll=0.429040))
Transform(Location(x=93.494362, y=-191.608337, z=-0.020824), Rotation(pitch=0.167271, yaw=1.416978, roll=0.315992))
Transform(Location(x=93.662300, y=-191.603821, z=-0.020968), Rotation(pitch=0.177284, yaw=1.483861, roll=0.271630))
Transform(Location(x=93.837631, y=-191.598938, z=-0.021052), Rotation(pitch=0.209366, yaw=1.575432, roll=0.250415))
Transform(Location(x=93.976387, y=-191.594955, z=-0.021112), Rotation(pitch=0.224433, yaw=1.652532, roll=0.249718))
Transform(Location(x=94.111275, y=-191.591064, z=-0.021165), Rotation(pitch=0.232097, yaw=1.705220, roll=0.255974))
Transform(Location(x=94.231216, y=-191.587601, z=-0.021207), Rotation(pitch=0.234849, yaw=1.732564, roll=0.263767))
Transform(Location(x=94.491661, y=-191.580017, z=-0.021254), Rotation(pitch=0.252246, yaw=1.744621, roll=0.281805))
Transform(Location(x=94.624062, y=-191.576172, z=-0.021216), Rotation(pitch=0.296635, yaw=1.732437, roll=0.288585))
Transform(Location(x=94.766388, y=-191.572067, z=-0.021112), Rotation(pitch=0.383262, yaw=1.707623, roll=0.291890))
Transform(Location(x=94.886421, y=-191.568634, z=-0.021024), Rotation(pitch=0.453477, yaw=1.680943, roll=0.290971))
Transform(Location(x=95.012985, y=-191.565048, z=-0.020967), Rotation(pitch=0.500762, yaw=1.649020, roll=0.285608))
Transform(Location(x=95.272377, y=-191.557831, z=-0.020944), Rotation(pitch=0.527133, yaw=1.583248, roll=0.262690))
Transform(Location(x=95.401283, y=-191.554337, z=-0.020961), Rotation(pitch=0.518630, yaw=1.551703, roll=0.246309))
Transform(Location(x=95.521553, y=-191.551086, z=-0.020987), Rotation(pitch=0.503522, yaw=1.524552, roll=0.229191))
Transform(Location(x=95.636307, y=-191.548050, z=-0.021018), Rotation(pitch=0.484930, yaw=1.500806, roll=0.211780))
Transform(Location(x=95.887070, y=-191.541519, z=-0.021096), Rotation(pitch=0.435998, yaw=1.454989, roll=0.171753))
Transform(Location(x=96.015167, y=-191.538055, z=-0.020913), Rotation(pitch=0.447104, yaw=1.433618, roll=0.110886))
Transform(Location(x=96.131508, y=-191.534943, z=-0.020465), Rotation(pitch=0.500448, yaw=1.414387, roll=0.046209))
Transform(Location(x=96.250534, y=-191.531952, z=-0.019823), Rotation(pitch=0.577212, yaw=1.395032, roll=0.003688))
Transform(Location(x=96.400291, y=-191.528336, z=-0.019064), Rotation(pitch=0.652010, yaw=1.375300, roll=-0.033173))
Transform(Location(x=96.528336, y=-191.525269, z=-0.018538), Rotation(pitch=0.688674, yaw=1.360579, roll=-0.058502))
Transform(Location(x=96.818916, y=-191.518494, z=-0.017658), Rotation(pitch=0.715954, yaw=1.335747, roll=-0.097290))
Transform(Location(x=96.965973, y=-191.515106, z=-0.017348), Rotation(pitch=0.712396, yaw=1.328183, roll=-0.106812))
Transform(Location(x=97.117867, y=-191.511459, z=-0.017004), Rotation(pitch=0.680540, yaw=1.324902, roll=-0.139923))
Transform(Location(x=97.249718, y=-191.508133, z=-0.016481), Rotation(pitch=0.594028, yaw=1.325106, roll=-0.212067))
Transform(Location(x=97.386238, y=-191.505112, z=-0.015740), Rotation(pitch=0.470832, yaw=1.290664, roll=-0.253235))
Transform(Location(x=97.516357, y=-191.502457, z=-0.015035), Rotation(pitch=0.386705, yaw=1.238441, roll=-0.280365))
Transform(Location(x=97.779419, y=-191.497482, z=-0.013869), Rotation(pitch=0.278235, yaw=1.113308, roll=-0.334076))
Transform(Location(x=97.907021, y=-191.495193, z=-0.013428), Rotation(pitch=0.243674, yaw=1.055249, roll=-0.358459))
Transform(Location(x=98.024384, y=-191.493179, z=-0.013085), Rotation(pitch=0.218996, yaw=1.009111, roll=-0.378357))
Transform(Location(x=98.153198, y=-191.491028, z=-0.012772), Rotation(pitch=0.197304, yaw=0.966793, roll=-0.396942))
Transform(Location(x=98.400269, y=-191.487106, z=-0.012331), Rotation(pitch=0.167893, yaw=0.903314, roll=-0.421967))
Transform(Location(x=98.526314, y=-191.485184, z=-0.012174), Rotation(pitch=0.157122, yaw=0.879412, roll=-0.428925))
Transform(Location(x=98.652901, y=-191.483276, z=-0.012057), Rotation(pitch=0.148372, yaw=0.861376, roll=-0.431396))
Transform(Location(x=98.775826, y=-191.481476, z=-0.011975), Rotation(pitch=0.141453, yaw=0.848633, roll=-0.429474))
Transform(Location(x=98.896523, y=-191.479721, z=-0.011922), Rotation(pitch=0.135852, yaw=0.840127, roll=-0.423492))
Transform(Location(x=99.179054, y=-191.475677, z=-0.011883), Rotation(pitch=0.125867, yaw=0.831993, roll=-0.394287))
Transform(Location(x=99.320625, y=-191.473663, z=-0.011897), Rotation(pitch=0.122233, yaw=0.833228, roll=-0.372772))
Transform(Location(x=99.459099, y=-191.471680, z=-0.011927), Rotation(pitch=0.119330, yaw=0.837972, roll=-0.347778))
Transform(Location(x=99.710632, y=-191.468048, z=-0.012010), Rotation(pitch=0.115341, yaw=0.852806, roll=-0.294891))
Transform(Location(x=99.710632, y=-191.468048, z=-0.012010), Rotation(pitch=0.115341, yaw=0.852806, roll=-0.294891))
Transform(Location(x=99.988365, y=-191.463898, z=-0.012131), Rotation(pitch=0.112247, yaw=0.876441, roll=-0.227936))
Transform(Location(x=100.117607, y=-191.461914, z=-0.012192), Rotation(pitch=0.111202, yaw=0.889543, roll=-0.195465))
Transform(Location(x=100.239418, y=-191.460022, z=-0.012251), Rotation(pitch=0.110396, yaw=0.902993, roll=-0.164642))
Transform(Location(x=100.366745, y=-191.457977, z=-0.012312), Rotation(pitch=0.109727, yaw=0.917917, roll=-0.132416))
Transform(Location(x=100.622963, y=-191.453781, z=-0.012434), Rotation(pitch=0.108778, yaw=0.949597, roll=-0.069366))
Transform(Location(x=100.755714, y=-191.451538, z=-0.012495), Rotation(pitch=0.108491, yaw=0.966555, roll=-0.038300))
Transform(Location(x=100.880333, y=-191.449417, z=-0.012550), Rotation(pitch=0.108327, yaw=0.982692, roll=-0.010681))
Transform(Location(x=101.000893, y=-191.447296, z=-0.012600), Rotation(pitch=0.108231, yaw=0.998390, roll=0.014521))
Transform(Location(x=101.153572, y=-191.444565, z=-0.012662), Rotation(pitch=0.108265, yaw=1.018267, roll=0.044544))
Transform(Location(x=101.409744, y=-191.439835, z=-0.012754), Rotation(pitch=0.108552, yaw=1.051468, roll=0.088064))
Transform(Location(x=101.542152, y=-191.437332, z=-0.012797), Rotation(pitch=0.108791, yaw=1.068200, roll=0.107312))
Transform(Location(x=101.664986, y=-191.434998, z=-0.012834), Rotation(pitch=0.109064, yaw=1.083369, roll=0.123072))
Transform(Location(x=101.914345, y=-191.430115, z=-0.012901), Rotation(pitch=0.109768, yaw=1.113269, roll=0.149249))
Transform(Location(x=102.056259, y=-191.427277, z=-0.012934), Rotation(pitch=0.110253, yaw=1.129630, roll=0.160851))
Transform(Location(x=102.186607, y=-191.424637, z=-0.012961), Rotation(pitch=0.110724, yaw=1.144164, roll=0.169450))
Transform(Location(x=102.317429, y=-191.421967, z=-0.012986), Rotation(pitch=0.111230, yaw=1.158266, roll=0.176244))
Transform(Location(x=102.436111, y=-191.419510, z=-0.013007), Rotation(pitch=0.111708, yaw=1.170648, roll=0.180921))
Transform(Location(x=102.704506, y=-191.413864, z=-0.013046), Rotation(pitch=0.112889, yaw=1.197698, roll=0.187005))
Transform(Location(x=102.842880, y=-191.410919, z=-0.013062), Rotation(pitch=0.113531, yaw=1.210797, roll=0.187966))
Transform(Location(x=102.967392, y=-191.408264, z=-0.013076), Rotation(pitch=0.114105, yaw=1.222040, roll=0.187749))
Transform(Location(x=103.088181, y=-191.405640, z=-0.013087), Rotation(pitch=0.114679, yaw=1.232510, roll=0.186667))
Transform(Location(x=103.369080, y=-191.399475, z=-0.013108), Rotation(pitch=0.116086, yaw=1.255470, roll=0.181347))
Transform(Location(x=103.502419, y=-191.396515, z=-0.013115), Rotation(pitch=0.116748, yaw=1.265717, roll=0.177811))
Transform(Location(x=103.642273, y=-191.393387, z=-0.013122), Rotation(pitch=0.117472, yaw=1.275918, roll=0.173514))
Transform(Location(x=103.758247, y=-191.390778, z=-0.013126), Rotation(pitch=0.118039, yaw=1.284015, roll=0.169665))
Transform(Location(x=103.876518, y=-191.388107, z=-0.013130), Rotation(pitch=0.118640, yaw=1.292045, roll=0.165501))
Transform(Location(x=104.147995, y=-191.381912, z=-0.013137), Rotation(pitch=0.120034, yaw=1.309532, roll=0.155281))
Transform(Location(x=104.275826, y=-191.378983, z=-0.013139), Rotation(pitch=0.120696, yaw=1.317137, roll=0.150321))
Transform(Location(x=104.405594, y=-191.375977, z=-0.013140), Rotation(pitch=0.121366, yaw=1.324406, roll=0.145213))
Transform(Location(x=104.652626, y=-191.370224, z=-0.013141), Rotation(pitch=0.122622, yaw=1.337330, roll=0.135532))
Transform(Location(x=104.779228, y=-191.367264, z=-0.013141), Rotation(pitch=0.123312, yaw=1.343503, roll=0.130635))
Transform(Location(x=104.902916, y=-191.364349, z=-0.013141), Rotation(pitch=0.124050, yaw=1.349204, roll=0.125918))
Transform(Location(x=105.026749, y=-191.361420, z=-0.013140), Rotation(pitch=0.124863, yaw=1.354617, roll=0.121272))
Transform(Location(x=105.290176, y=-191.355194, z=-0.013138), Rotation(pitch=0.126857, yaw=1.365517, roll=0.111751))
Transform(Location(x=105.416466, y=-191.352188, z=-0.013136), Rotation(pitch=0.127929, yaw=1.370340, roll=0.107392))
Transform(Location(x=105.538658, y=-191.349274, z=-0.013134), Rotation(pitch=0.129015, yaw=1.374736, roll=0.103294))
Transform(Location(x=105.815125, y=-191.342606, z=-0.013129), Rotation(pitch=0.131727, yaw=1.383943, roll=0.094402))
Transform(Location(x=105.930183, y=-191.339844, z=-0.013127), Rotation(pitch=0.132881, yaw=1.387564, roll=0.090956))
Transform(Location(x=106.103569, y=-191.335617, z=-0.013124), Rotation(pitch=0.134801, yaw=1.392583, roll=0.085804))
Transform(Location(x=106.278542, y=-191.331360, z=-0.013120), Rotation(pitch=0.136734, yaw=1.397184, roll=0.080824))
Transform(Location(x=106.410416, y=-191.328140, z=-0.013118), Rotation(pitch=0.138106, yaw=1.400410, roll=0.077292))
Transform(Location(x=106.535454, y=-191.325073, z=-0.013115), Rotation(pitch=0.139418, yaw=1.403276, roll=0.074057))
Transform(Location(x=106.664589, y=-191.321930, z=-0.013113), Rotation(pitch=0.140818, yaw=1.406113, roll=0.070826))
Transform(Location(x=106.942451, y=-191.315079, z=-0.013107), Rotation(pitch=0.143857, yaw=1.411749, roll=0.064215))
Transform(Location(x=107.087128, y=-191.311493, z=-0.013104), Rotation(pitch=0.145415, yaw=1.414326, roll=0.060938))
Transform(Location(x=107.208260, y=-191.308517, z=-0.013102), Rotation(pitch=0.146651, yaw=1.416303, roll=0.058301))
Transform(Location(x=107.337128, y=-191.305328, z=-0.013100), Rotation(pitch=0.147976, yaw=1.418254, roll=0.055560))
Transform(Location(x=107.605186, y=-191.298706, z=-0.013095), Rotation(pitch=0.150708, yaw=1.421935, roll=0.050099))
Transform(Location(x=107.727524, y=-191.295685, z=-0.013093), Rotation(pitch=0.151883, yaw=1.423462, roll=0.047740))
Transform(Location(x=107.843094, y=-191.292801, z=-0.013091), Rotation(pitch=0.152976, yaw=1.424809, roll=0.045581))
Transform(Location(x=107.972816, y=-191.289581, z=-0.013090), Rotation(pitch=0.154212, yaw=1.426206, roll=0.043210))
Transform(Location(x=108.246307, y=-191.282776, z=-0.013085), Rotation(pitch=0.156719, yaw=1.428895, roll=0.038463))
Transform(Location(x=108.387596, y=-191.279236, z=-0.013084), Rotation(pitch=0.157941, yaw=1.430142, roll=0.036151))
Transform(Location(x=108.520233, y=-191.275940, z=-0.013082), Rotation(pitch=0.159041, yaw=1.431198, roll=0.034072))
Transform(Location(x=108.638763, y=-191.272980, z=-0.013080), Rotation(pitch=0.159984, yaw=1.432070, roll=0.032292))
Transform(Location(x=108.893326, y=-191.266602, z=-0.013078), Rotation(pitch=0.161944, yaw=1.433788, roll=0.028686))
Transform(Location(x=109.018379, y=-191.263458, z=-0.013076), Rotation(pitch=0.162866, yaw=1.434544, roll=0.027032))
Transform(Location(x=109.174950, y=-191.259552, z=-0.013075), Rotation(pitch=0.164020, yaw=1.435365, roll=0.025019))
Transform(Location(x=109.307968, y=-191.256210, z=-0.013073), Rotation(pitch=0.164908, yaw=1.435988, roll=0.023409))
Transform(Location(x=109.562866, y=-191.249817, z=-0.013071), Rotation(pitch=0.166534, yaw=1.437041, roll=0.020543))
Transform(Location(x=109.689140, y=-191.246658, z=-0.013070), Rotation(pitch=0.167305, yaw=1.437492, roll=0.019223))
Transform(Location(x=109.816933, y=-191.243439, z=-0.013069), Rotation(pitch=0.168064, yaw=1.437898, roll=0.017949))
Transform(Location(x=109.944244, y=-191.240234, z=-0.013068), Rotation(pitch=0.168794, yaw=1.438264, roll=0.016741))
Transform(Location(x=110.211403, y=-191.233536, z=-0.013066), Rotation(pitch=0.170242, yaw=1.438908, roll=0.014393))
Transform(Location(x=110.381050, y=-191.229279, z=-0.013065), Rotation(pitch=0.171124, yaw=1.439255, roll=0.013014))
Transform(Location(x=110.516754, y=-191.225876, z=-0.013064), Rotation(pitch=0.171752, yaw=1.439488, roll=0.011999))
Transform(Location(x=110.671303, y=-191.221985, z=-0.013063), Rotation(pitch=0.172449, yaw=1.439726, roll=0.010907))
Transform(Location(x=110.850792, y=-191.217499, z=-0.013062), Rotation(pitch=0.173227, yaw=1.439961, roll=0.009725))
Transform(Location(x=111.009018, y=-191.213516, z=-0.013061), Rotation(pitch=0.173828, yaw=1.440161, roll=0.008782))
Transform(Location(x=111.151085, y=-191.209930, z=-0.013061), Rotation(pitch=0.174341, yaw=1.440317, roll=0.008008))
Transform(Location(x=111.427719, y=-191.202988, z=-0.013059), Rotation(pitch=0.175310, yaw=1.440554, roll=0.006662))
Transform(Location(x=111.562477, y=-191.199585, z=-0.013059), Rotation(pitch=0.175775, yaw=1.440642, roll=0.006080))
Transform(Location(x=111.713448, y=-191.195801, z=-0.013058), Rotation(pitch=0.176287, yaw=1.440726, roll=0.005475))
Transform(Location(x=111.845390, y=-191.192474, z=-0.013058), Rotation(pitch=0.176704, yaw=1.440784, roll=0.004992))
Transform(Location(x=111.987862, y=-191.188858, z=-0.013057), Rotation(pitch=0.177155, yaw=1.440829, roll=0.004505))
Transform(Location(x=112.104851, y=-191.185928, z=-0.013057), Rotation(pitch=0.177482, yaw=1.440831, roll=0.004133))
Transform(Location(x=112.392242, y=-191.178711, z=-0.013056), Rotation(pitch=0.178329, yaw=1.440762, roll=0.003283))
Transform(Location(x=112.539101, y=-191.175034, z=-0.013055), Rotation(pitch=0.178712, yaw=1.440740, roll=0.002899))
Transform(Location(x=112.677826, y=-191.171555, z=-0.013055), Rotation(pitch=0.179053, yaw=1.440716, roll=0.002565))
Transform(Location(x=112.814430, y=-191.168121, z=-0.013054), Rotation(pitch=0.179388, yaw=1.440710, roll=0.002267))
Transform(Location(x=112.937897, y=-191.165039, z=-0.013054), Rotation(pitch=0.179654, yaw=1.440720, roll=0.002025))
Transform(Location(x=113.072273, y=-191.161682, z=-0.013053), Rotation(pitch=0.179962, yaw=1.440754, roll=0.001790))
Transform(Location(x=113.328400, y=-191.155228, z=-0.013053), Rotation(pitch=0.180508, yaw=1.440849, roll=0.001428))
Transform(Location(x=113.456947, y=-191.151962, z=-0.013053), Rotation(pitch=0.180768, yaw=1.440900, roll=0.001281))
Transform(Location(x=113.591400, y=-191.148575, z=-0.013052), Rotation(pitch=0.181027, yaw=1.440923, roll=0.001144))
Transform(Location(x=113.842918, y=-191.142242, z=-0.013052), Rotation(pitch=0.181485, yaw=1.440899, roll=0.000916))
Transform(Location(x=113.984772, y=-191.138687, z=-0.013051), Rotation(pitch=0.181731, yaw=1.440853, roll=0.000797))
Transform(Location(x=114.114731, y=-191.135406, z=-0.013051), Rotation(pitch=0.181929, yaw=1.440808, roll=0.000696))
Transform(Location(x=114.250122, y=-191.132004, z=-0.013051), Rotation(pitch=0.182134, yaw=1.440762, roll=0.000598))
Transform(Location(x=114.512413, y=-191.125412, z=-0.013050), Rotation(pitch=0.182509, yaw=1.440672, roll=0.000425))
Transform(Location(x=114.640747, y=-191.122162, z=-0.013050), Rotation(pitch=0.182673, yaw=1.440619, roll=0.000344))
Transform(Location(x=114.772743, y=-191.118851, z=-0.013050), Rotation(pitch=0.182837, yaw=1.440553, roll=0.000261))
Transform(Location(x=114.885376, y=-191.115997, z=-0.013050), Rotation(pitch=0.182967, yaw=1.440502, roll=0.000194))
Transform(Location(x=115.154175, y=-191.109238, z=-0.013050), Rotation(pitch=0.183281, yaw=1.440353, roll=0.000032))
Transform(Location(x=115.275665, y=-191.106186, z=-0.013049), Rotation(pitch=0.183411, yaw=1.440282, roll=-0.000031))
Transform(Location(x=115.390839, y=-191.103302, z=-0.013049), Rotation(pitch=0.183534, yaw=1.440220, roll=-0.000092))
Transform(Location(x=115.657631, y=-191.096573, z=-0.013049), Rotation(pitch=0.183794, yaw=1.440109, roll=-0.000244))
Transform(Location(x=115.786186, y=-191.093338, z=-0.013049), Rotation(pitch=0.183916, yaw=1.440041, roll=-0.000305))
Transform(Location(x=115.922066, y=-191.089935, z=-0.013049), Rotation(pitch=0.184026, yaw=1.439970, roll=-0.000366))
Transform(Location(x=116.064194, y=-191.086380, z=-0.013048), Rotation(pitch=0.184142, yaw=1.439900, roll=-0.000427))
Transform(Location(x=116.313316, y=-191.080139, z=-0.013048), Rotation(pitch=0.184306, yaw=1.439817, roll=-0.000488))
Transform(Location(x=116.452164, y=-191.076660, z=-0.013048), Rotation(pitch=0.184306, yaw=1.439817, roll=-0.000488))
Transform(Location(x=116.587593, y=-191.073257, z=-0.013048), Rotation(pitch=0.184490, yaw=1.439804, roll=-0.000549))
Transform(Location(x=116.712593, y=-191.070129, z=-0.013048), Rotation(pitch=0.184490, yaw=1.439804, roll=-0.000549))
Transform(Location(x=117.001228, y=-191.062866, z=-0.013048), Rotation(pitch=0.184647, yaw=1.439870, roll=-0.000519))
Transform(Location(x=117.115875, y=-191.059982, z=-0.013048), Rotation(pitch=0.184750, yaw=1.439959, roll=-0.000458))
Transform(Location(x=117.239685, y=-191.056854, z=-0.013048), Rotation(pitch=0.184750, yaw=1.439959, roll=-0.000458))
Transform(Location(x=117.364311, y=-191.053726, z=-0.013047), Rotation(pitch=0.184886, yaw=1.440030, roll=-0.000366))
Transform(Location(x=117.629478, y=-191.047089, z=-0.013047), Rotation(pitch=0.185030, yaw=1.440059, roll=-0.000275))
Transform(Location(x=117.784164, y=-191.043182, z=-0.013047), Rotation(pitch=0.185030, yaw=1.440059, roll=-0.000275))
Transform(Location(x=117.918716, y=-191.039780, z=-0.013047), Rotation(pitch=0.185139, yaw=1.440102, roll=-0.000153))
Transform(Location(x=118.042778, y=-191.036652, z=-0.013047), Rotation(pitch=0.185139, yaw=1.440102, roll=-0.000153))
Transform(Location(x=118.300339, y=-191.030167, z=-0.013047), Rotation(pitch=0.185283, yaw=1.440057, roll=-0.000031))
Transform(Location(x=118.436630, y=-191.026733, z=-0.013047), Rotation(pitch=0.185283, yaw=1.440057, roll=-0.000031))
Transform(Location(x=118.563446, y=-191.023529, z=-0.013047), Rotation(pitch=0.185283, yaw=1.440057, roll=-0.000031))
Transform(Location(x=118.697136, y=-191.020172, z=-0.013047), Rotation(pitch=0.185412, yaw=1.439875, roll=-0.000031))
Transform(Location(x=118.955948, y=-191.013641, z=-0.013047), Rotation(pitch=0.185494, yaw=1.439701, roll=-0.000092))
Transform(Location(x=119.087875, y=-191.010330, z=-0.013047), Rotation(pitch=0.185494, yaw=1.439701, roll=-0.000092))
Transform(Location(x=119.207527, y=-191.007324, z=-0.013047), Rotation(pitch=0.185576, yaw=1.439492, roll=-0.000183))
Transform(Location(x=119.450706, y=-191.001221, z=-0.013046), Rotation(pitch=0.185658, yaw=1.439311, roll=-0.000305))
Transform(Location(x=119.594482, y=-190.997635, z=-0.013046), Rotation(pitch=0.185658, yaw=1.439311, roll=-0.000305))
Transform(Location(x=119.741119, y=-190.993958, z=-0.013046), Rotation(pitch=0.185733, yaw=1.439196, roll=-0.000427))
Transform(Location(x=119.871841, y=-190.990677, z=-0.013046), Rotation(pitch=0.185733, yaw=1.439196, roll=-0.000427))
Transform(Location(x=120.137993, y=-190.983994, z=-0.013046), Rotation(pitch=0.185733, yaw=1.439196, roll=-0.000427))
Transform(Location(x=120.137993, y=-190.983994, z=-0.013046), Rotation(pitch=0.185733, yaw=1.439196, roll=-0.000427))
Transform(Location(x=120.417137, y=-190.976974, z=-0.013046), Rotation(pitch=0.185808, yaw=1.439229, roll=-0.000519))
Transform(Location(x=120.557526, y=-190.973450, z=-0.013046), Rotation(pitch=0.185808, yaw=1.439229, roll=-0.000519))
Transform(Location(x=120.683540, y=-190.970291, z=-0.013046), Rotation(pitch=0.185808, yaw=1.439229, roll=-0.000519))
Transform(Location(x=120.952606, y=-190.963531, z=-0.013046), Rotation(pitch=0.185890, yaw=1.439366, roll=-0.000427))
Transform(Location(x=121.080284, y=-190.960327, z=-0.013046), Rotation(pitch=0.185890, yaw=1.439366, roll=-0.000427))
Transform(Location(x=121.209106, y=-190.957092, z=-0.013046), Rotation(pitch=0.185925, yaw=1.439463, roll=-0.000305))
Transform(Location(x=121.329071, y=-190.954071, z=-0.013046), Rotation(pitch=0.185925, yaw=1.439463, roll=-0.000305))
Transform(Location(x=121.613037, y=-190.946976, z=-0.013046), Rotation(pitch=0.185972, yaw=1.439549, roll=-0.000183))
Transform(Location(x=121.746140, y=-190.943604, z=-0.013046), Rotation(pitch=0.185993, yaw=1.439645, roll=-0.000061))
Transform(Location(x=121.877525, y=-190.940292, z=-0.013046), Rotation(pitch=0.185993, yaw=1.439645, roll=-0.000061))
Transform(Location(x=122.007782, y=-190.937012, z=-0.013046), Rotation(pitch=0.186027, yaw=1.439729, roll=0.000074))
Transform(Location(x=122.248192, y=-190.930954, z=-0.013046), Rotation(pitch=0.186027, yaw=1.439729, roll=0.000074))
Transform(Location(x=122.398972, y=-190.927170, z=-0.013046), Rotation(pitch=0.186088, yaw=1.439726, roll=0.000201))
Transform(Location(x=122.564346, y=-190.923019, z=-0.013046), Rotation(pitch=0.186088, yaw=1.439726, roll=0.000201))
Transform(Location(x=122.707680, y=-190.919434, z=-0.013046), Rotation(pitch=0.186088, yaw=1.439726, roll=0.000201))
Transform(Location(x=122.823364, y=-190.916534, z=-0.013046), Rotation(pitch=0.186088, yaw=1.439726, roll=0.000201))
Transform(Location(x=122.967003, y=-190.912949, z=-0.013046), Rotation(pitch=0.186088, yaw=1.439726, roll=0.000201))
Transform(Location(x=123.234169, y=-190.906219, z=-0.013046), Rotation(pitch=0.186088, yaw=1.439726, roll=0.000201))
Transform(Location(x=123.362701, y=-190.902985, z=-0.013046), Rotation(pitch=0.186088, yaw=1.439726, roll=0.000201))
Transform(Location(x=123.486221, y=-190.899902, z=-0.013046), Rotation(pitch=0.186088, yaw=1.439726, roll=0.000201))
Transform(Location(x=123.726143, y=-190.893875, z=-0.013046), Rotation(pitch=0.186129, yaw=1.439835, roll=0.000251))
Transform(Location(x=123.856354, y=-190.890594, z=-0.013046), Rotation(pitch=0.186177, yaw=1.439942, roll=0.000273))
Transform(Location(x=123.986572, y=-190.887314, z=-0.013046), Rotation(pitch=0.186177, yaw=1.439942, roll=0.000273))
Transform(Location(x=124.230492, y=-190.881409, z=-0.012818), Rotation(pitch=0.224720, yaw=1.440307, roll=0.039997))
Transform(Location(x=124.366676, y=-190.878372, z=-0.012367), Rotation(pitch=0.294238, yaw=1.441014, roll=0.128164))
Transform(Location(x=124.489754, y=-190.875366, z=-0.011820), Rotation(pitch=0.373434, yaw=1.442289, roll=0.170485))
Transform(Location(x=124.646217, y=-190.871735, z=-0.011481), Rotation(pitch=0.404504, yaw=1.445345, roll=0.265546))
Transform(Location(x=124.766853, y=-190.868866, z=-0.011267), Rotation(pitch=0.419517, yaw=1.447367, roll=0.333385))
Transform(Location(x=125.035484, y=-190.862244, z=-0.010891), Rotation(pitch=0.438566, yaw=1.451866, roll=0.466974))
Transform(Location(x=125.150963, y=-190.859329, z=-0.010767), Rotation(pitch=0.442678, yaw=1.453670, roll=0.515032))
Transform(Location(x=125.276352, y=-190.856155, z=-0.010652), Rotation(pitch=0.445424, yaw=1.455440, roll=0.560774))
Transform(Location(x=125.531822, y=-190.850510, z=-0.009810), Rotation(pitch=0.316251, yaw=1.459981, roll=0.841597))
Transform(Location(x=125.677010, y=-190.846756, z=-0.009226), Rotation(pitch=0.229535, yaw=1.462745, roll=0.931790))
Transform(Location(x=125.812836, y=-190.843475, z=-0.008898), Rotation(pitch=0.210862, yaw=1.462562, roll=1.052679))
Transform(Location(x=125.954460, y=-190.839935, z=-0.008603), Rotation(pitch=0.198444, yaw=1.463590, roll=1.164505))
Transform(Location(x=126.211357, y=-190.833282, z=-0.008181), Rotation(pitch=0.186143, yaw=1.465782, roll=1.326375))
Transform(Location(x=126.343613, y=-190.829758, z=-0.008014), Rotation(pitch=0.182994, yaw=1.466582, roll=1.389464))
Transform(Location(x=126.462791, y=-190.826584, z=-0.007889), Rotation(pitch=0.181389, yaw=1.466927, roll=1.434887))
Transform(Location(x=126.584076, y=-190.823303, z=-0.007783), Rotation(pitch=0.180577, yaw=1.466889, roll=1.470659))
Transform(Location(x=126.835007, y=-190.816498, z=-0.007624), Rotation(pitch=0.180624, yaw=1.465700, roll=1.514529))
Transform(Location(x=126.964790, y=-190.812988, z=-0.007568), Rotation(pitch=0.181198, yaw=1.464486, roll=1.523308))
Transform(Location(x=127.077728, y=-190.809494, z=-0.007994), Rotation(pitch=0.107248, yaw=1.463792, roll=1.444109))
Transform(Location(x=127.341087, y=-190.801712, z=-0.008802), Rotation(pitch=-0.005737, yaw=1.454711, roll=1.241963))
Transform(Location(x=127.486717, y=-190.797638, z=-0.009154), Rotation(pitch=-0.041869, yaw=1.448222, roll=1.128526))
Transform(Location(x=127.611343, y=-190.794220, z=-0.009407), Rotation(pitch=-0.062565, yaw=1.442464, roll=1.035769))
Transform(Location(x=127.751099, y=-190.790497, z=-0.009650), Rotation(pitch=-0.078370, yaw=1.436214, roll=0.936852))
Transform(Location(x=127.896133, y=-190.786728, z=-0.009862), Rotation(pitch=-0.088717, yaw=1.430176, roll=0.842596))
Transform(Location(x=128.188797, y=-190.778976, z=-0.010434), Rotation(pitch=-0.041384, yaw=1.419112, roll=0.611383))
Transform(Location(x=128.322983, y=-190.775177, z=-0.010928), Rotation(pitch=0.030210, yaw=1.415085, roll=0.433635))
Transform(Location(x=128.457886, y=-190.771500, z=-0.011373), Rotation(pitch=0.082584, yaw=1.411450, roll=0.267548))
Transform(Location(x=128.580017, y=-190.768311, z=-0.011729), Rotation(pitch=0.116789, yaw=1.408266, roll=0.131407))
Transform(Location(x=128.712814, y=-190.764999, z=-0.012074), Rotation(pitch=0.144124, yaw=1.404917, roll=-0.000885))
Transform(Location(x=128.977295, y=-190.758652, z=-0.012630), Rotation(pitch=0.176963, yaw=1.398863, roll=-0.210052))
Transform(Location(x=129.112930, y=-190.755508, z=-0.012855), Rotation(pitch=0.186478, yaw=1.396718, roll=-0.289124))
Transform(Location(x=129.235809, y=-190.752716, z=-0.013027), Rotation(pitch=0.192256, yaw=1.395272, roll=-0.344788))
Transform(Location(x=129.506271, y=-190.746643, z=-0.013317), Rotation(pitch=0.198957, yaw=1.394611, roll=-0.418457))
Transform(Location(x=129.629135, y=-190.743896, z=-0.013413), Rotation(pitch=0.200200, yaw=1.395385, roll=-0.432404))
Transform(Location(x=129.771057, y=-190.740738, z=-0.013500), Rotation(pitch=0.200780, yaw=1.397203, roll=-0.435181))
Transform(Location(x=129.899643, y=-190.737869, z=-0.013560), Rotation(pitch=0.200767, yaw=1.399308, roll=-0.427643))
Transform(Location(x=130.156250, y=-190.732025, z=-0.013634), Rotation(pitch=0.199817, yaw=1.405054, roll=-0.389496))
Transform(Location(x=130.278503, y=-190.729218, z=-0.013652), Rotation(pitch=0.199134, yaw=1.408254, roll=-0.363464))
Transform(Location(x=130.428329, y=-190.725739, z=-0.013660), Rotation(pitch=0.198164, yaw=1.412488, roll=-0.325989))
Transform(Location(x=130.570938, y=-190.722382, z=-0.013658), Rotation(pitch=0.197208, yaw=1.416644, roll=-0.287445))
Transform(Location(x=130.810150, y=-190.716660, z=-0.013636), Rotation(pitch=0.195699, yaw=1.423606, roll=-0.221039))
Transform(Location(x=130.934143, y=-190.713654, z=-0.013617), Rotation(pitch=0.194934, yaw=1.427080, roll=-0.186829))
Transform(Location(x=131.056198, y=-190.710663, z=-0.013596), Rotation(pitch=0.194237, yaw=1.430324, roll=-0.154236))
Transform(Location(x=131.298264, y=-190.704681, z=-0.013546), Rotation(pitch=0.192980, yaw=1.436207, roll=-0.094604))
Transform(Location(x=131.422012, y=-190.701584, z=-0.013518), Rotation(pitch=0.192406, yaw=1.438880, roll=-0.067352))
Transform(Location(x=131.586334, y=-190.697464, z=-0.013479), Rotation(pitch=0.191676, yaw=1.441974, roll=-0.034607))
Transform(Location(x=131.717239, y=-190.694138, z=-0.013449), Rotation(pitch=0.191136, yaw=1.444113, roll=-0.012299))
Transform(Location(x=131.968460, y=-190.687744, z=-0.013391), Rotation(pitch=0.190269, yaw=1.447418, roll=0.021712))
Transform(Location(x=132.100647, y=-190.684372, z=-0.013362), Rotation(pitch=0.189879, yaw=1.448750, roll=0.035146))
Transform(Location(x=132.221512, y=-190.681259, z=-0.013337), Rotation(pitch=0.189551, yaw=1.449705, roll=0.044851))
Transform(Location(x=132.379257, y=-190.677200, z=-0.013304), Rotation(pitch=0.189155, yaw=1.450572, roll=0.054104))
Transform(Location(x=132.509003, y=-190.673889, z=-0.013279), Rotation(pitch=0.188868, yaw=1.451124, roll=0.059103))
Transform(Location(x=132.804794, y=-190.666290, z=-0.013228), Rotation(pitch=0.188288, yaw=1.451578, roll=0.062865))
Transform(Location(x=132.953873, y=-190.662430, z=-0.013205), Rotation(pitch=0.188035, yaw=1.451544, roll=0.061543))
Transform(Location(x=133.073547, y=-190.659393, z=-0.013188), Rotation(pitch=0.187858, yaw=1.451328, roll=0.059350))
Transform(Location(x=133.190125, y=-190.656403, z=-0.013173), Rotation(pitch=0.187721, yaw=1.451002, roll=0.056374))
Transform(Location(x=133.455551, y=-190.649643, z=-0.013142), Rotation(pitch=0.187434, yaw=1.449984, roll=0.047241))
Transform(Location(x=133.583420, y=-190.646362, z=-0.013129), Rotation(pitch=0.187338, yaw=1.449418, roll=0.042164))
Transform(Location(x=133.707962, y=-190.643204, z=-0.013118), Rotation(pitch=0.187243, yaw=1.448815, roll=0.037013))
Transform(Location(x=133.963684, y=-190.636688, z=-0.013098), Rotation(pitch=0.187079, yaw=1.447532, roll=0.026315))
Transform(Location(x=134.090576, y=-190.633469, z=-0.013090), Rotation(pitch=0.187017, yaw=1.446895, roll=0.021203))
Transform(Location(x=134.222305, y=-190.630112, z=-0.013082), Rotation(pitch=0.186956, yaw=1.446251, roll=0.016148))
Transform(Location(x=134.343491, y=-190.627045, z=-0.013076), Rotation(pitch=0.186894, yaw=1.445660, roll=0.011816))
Transform(Location(x=134.480255, y=-190.623596, z=-0.013069), Rotation(pitch=0.186853, yaw=1.445007, roll=0.007294))
Transform(Location(x=134.734238, y=-190.617188, z=-0.013060), Rotation(pitch=0.186765, yaw=1.443842, roll=0.000177))
Transform(Location(x=134.876846, y=-190.613602, z=-0.013055), Rotation(pitch=0.186724, yaw=1.443271, roll=-0.003082))
Transform(Location(x=135.000977, y=-190.610458, z=-0.013052), Rotation(pitch=0.186690, yaw=1.442831, roll=-0.005463))
Transform(Location(x=135.254364, y=-190.604080, z=-0.013047), Rotation(pitch=0.186628, yaw=1.442013, roll=-0.009064))
Transform(Location(x=135.405029, y=-190.600296, z=-0.013044), Rotation(pitch=0.186594, yaw=1.441590, roll=-0.010498))
Transform(Location(x=135.534561, y=-190.597046, z=-0.013043), Rotation(pitch=0.186560, yaw=1.441284, roll=-0.011322))
Transform(Location(x=135.656662, y=-190.593994, z=-0.013042), Rotation(pitch=0.186539, yaw=1.441029, roll=-0.011810))
Transform(Location(x=135.928543, y=-190.587158, z=-0.013040), Rotation(pitch=0.186498, yaw=1.440592, roll=-0.012024))
Transform(Location(x=136.074677, y=-190.583496, z=-0.013039), Rotation(pitch=0.186471, yaw=1.440416, roll=-0.011719))
Transform(Location(x=136.241806, y=-190.579300, z=-0.013039), Rotation(pitch=0.186430, yaw=1.440267, roll=-0.011078))
Transform(Location(x=136.364929, y=-190.576202, z=-0.013039), Rotation(pitch=0.186382, yaw=1.440170, roll=-0.010498))
Transform(Location(x=136.485870, y=-190.573166, z=-0.013038), Rotation(pitch=0.186369, yaw=1.440089, roll=-0.009827))
Transform(Location(x=136.743225, y=-190.566696, z=-0.013039), Rotation(pitch=0.186355, yaw=1.439950, roll=-0.008240))
Transform(Location(x=136.861572, y=-190.563721, z=-0.013039), Rotation(pitch=0.186355, yaw=1.439894, roll=-0.007477))
Transform(Location(x=136.969070, y=-190.561035, z=-0.013039), Rotation(pitch=0.186355, yaw=1.439843, roll=-0.006805))
Transform(Location(x=137.104675, y=-190.557648, z=-0.013039), Rotation(pitch=0.186382, yaw=1.439397, roll=-0.006042))
Transform(Location(x=137.394379, y=-190.550400, z=-0.013037), Rotation(pitch=0.188575, yaw=1.425818, roll=-0.007843))
Transform(Location(x=137.514008, y=-190.547562, z=-0.013015), Rotation(pitch=0.203963, yaw=1.389169, roll=-0.017334))
Transform(Location(x=137.638596, y=-190.544724, z=-0.012963), Rotation(pitch=0.240928, yaw=1.325761, roll=-0.036682))
Transform(Location(x=137.887924, y=-190.539627, z=-0.012878), Rotation(pitch=0.301471, yaw=1.136833, roll=-0.109711))
Transform(Location(x=138.020111, y=-190.537308, z=-0.012855), Rotation(pitch=0.317638, yaw=1.007389, roll=-0.168335))
Transform(Location(x=138.144409, y=-190.535400, z=-0.012829), Rotation(pitch=0.335875, yaw=0.868869, roll=-0.235535))
Transform(Location(x=138.283051, y=-190.533630, z=-0.012811), Rotation(pitch=0.347834, yaw=0.698384, roll=-0.325684))
Transform(Location(x=138.531891, y=-190.531479, z=-0.012809), Rotation(pitch=0.346912, yaw=0.364224, roll=-0.517578))
Transform(Location(x=138.649246, y=-190.530975, z=-0.012816), Rotation(pitch=0.340287, yaw=0.196727, roll=-0.618958))
Transform(Location(x=138.776489, y=-190.530823, z=-0.012827), Rotation(pitch=0.330233, yaw=0.008925, roll=-0.736023))
Transform(Location(x=138.904465, y=-190.531082, z=-0.012839), Rotation(pitch=0.318335, yaw=-0.183777, roll=-0.858459))
Transform(Location(x=139.168198, y=-190.533005, z=-0.012867), Rotation(pitch=0.291253, yaw=-0.589142, roll=-1.118134))
Transform(Location(x=139.300095, y=-190.534668, z=-0.012881), Rotation(pitch=0.277558, yaw=-0.793579, roll=-1.247376))
Transform(Location(x=139.431717, y=-190.536819, z=-0.012895), Rotation(pitch=0.264260, yaw=-0.996429, roll=-1.373260))
Transform(Location(x=139.547195, y=-190.539078, z=-0.012906), Rotation(pitch=0.253298, yaw=-1.172729, roll=-1.478882))
Transform(Location(x=139.811081, y=-190.545639, z=-0.012933), Rotation(pitch=0.229768, yaw=-1.568237, roll=-1.703216))
Transform(Location(x=139.927277, y=-190.549118, z=-0.012944), Rotation(pitch=0.220642, yaw=-1.739471, roll=-1.791321))
Transform(Location(x=140.044022, y=-190.552963, z=-0.012956), Rotation(pitch=0.212098, yaw=-1.909974, roll=-1.873077))
Transform(Location(x=140.305038, y=-190.562851, z=-0.013041), Rotation(pitch=0.185590, yaw=-2.271790, roll=-2.026520))
Transform(Location(x=140.451172, y=-190.569122, z=-0.013161), Rotation(pitch=0.161609, yaw=-2.465362, roll=-2.093506))
Transform(Location(x=140.625656, y=-190.577255, z=-0.013344), Rotation(pitch=0.130006, yaw=-2.683655, roll=-2.154907))
Transform(Location(x=140.745911, y=-190.583221, z=-0.013580), Rotation(pitch=0.093095, yaw=-2.828369, roll=-2.184479))
Transform(Location(x=140.867523, y=-190.589584, z=-0.013943), Rotation(pitch=0.039800, yaw=-2.977814, roll=-2.206452))
Transform(Location(x=141.011154, y=-190.597549, z=-0.014526), Rotation(pitch=-0.027737, yaw=-3.158631, roll=-2.222534))
Transform(Location(x=141.282639, y=-190.613495, z=-0.016238), Rotation(pitch=-0.182865, yaw=-3.427369, roll=-2.204223))
Transform(Location(x=141.401642, y=-190.620804, z=-0.017380), Rotation(pitch=-0.301450, yaw=-3.515015, roll=-2.177277))
Transform(Location(x=141.551361, y=-190.630112, z=-0.019200), Rotation(pitch=-0.494355, yaw=-3.575379, roll=-2.119049))
Transform(Location(x=141.674789, y=-190.637848, z=-0.021026), Rotation(pitch=-0.689876, yaw=-3.593385, roll=-2.053497))
Transform(Location(x=141.788559, y=-190.644989, z=-0.022962), Rotation(pitch=-0.889345, yaw=-3.593874, roll=-1.978211))
Transform(Location(x=142.069946, y=-190.662628, z=-0.028653), Rotation(pitch=-1.331784, yaw=-3.529542, roll=-1.724548))
Transform(Location(x=142.180267, y=-190.669495, z=-0.030896), Rotation(pitch=-1.398071, yaw=-3.483369, roll=-1.601502))
Transform(Location(x=142.303558, y=-190.677063, z=-0.033169), Rotation(pitch=-1.356687, yaw=-3.413056, roll=-1.438965))
Transform(Location(x=142.449707, y=-190.685715, z=-0.035531), Rotation(pitch=-1.179560, yaw=-3.303528, roll=-1.229858))
Transform(Location(x=142.686829, y=-190.699020, z=-0.039322), Rotation(pitch=-0.808954, yaw=-3.098999, roll=-0.870880))
Transform(Location(x=142.802460, y=-190.705139, z=-0.041248), Rotation(pitch=-0.596187, yaw=-2.991669, roll=-0.690399))
Transform(Location(x=142.916412, y=-190.710892, z=-0.043210), Rotation(pitch=-0.369322, yaw=-2.880646, roll=-0.511475))
Transform(Location(x=143.031342, y=-190.716446, z=-0.045251), Rotation(pitch=-0.128025, yaw=-2.764893, roll=-0.330200))
Transform(Location(x=143.162064, y=-190.722458, z=-0.047571), Rotation(pitch=0.140729, yaw=-2.631012, roll=-0.122650))
Transform(Location(x=143.403427, y=-190.732712, z=-0.051258), Rotation(pitch=0.499581, yaw=-2.385560, roll=0.275000))
Transform(Location(x=143.517319, y=-190.737091, z=-0.052458), Rotation(pitch=0.565075, yaw=-2.269592, roll=0.454644))
Transform(Location(x=143.629745, y=-190.741104, z=-0.053384), Rotation(pitch=0.598932, yaw=-2.153137, roll=0.617350))
Transform(Location(x=143.765961, y=-190.745605, z=-0.054221), Rotation(pitch=0.614553, yaw=-2.011048, roll=0.800047))
Transform(Location(x=144.015030, y=-190.752823, z=-0.055026), Rotation(pitch=0.599943, yaw=-1.750824, roll=1.082099))
Transform(Location(x=144.127121, y=-190.755722, z=-0.055135), Rotation(pitch=0.583667, yaw=-1.646271, roll=1.183855))
Transform(Location(x=144.239792, y=-190.758438, z=-0.055114), Rotation(pitch=0.565540, yaw=-1.539917, roll=1.272229))
Transform(Location(x=144.462997, y=-190.763077, z=-0.054731), Rotation(pitch=0.541497, yaw=-1.324799, roll=1.410525))
Transform(Location(x=144.583160, y=-190.765244, z=-0.054389), Rotation(pitch=0.524087, yaw=-1.210999, roll=1.466221))
Transform(Location(x=144.732605, y=-190.767609, z=-0.053856), Rotation(pitch=0.498686, yaw=-1.073486, roll=1.518713))
Transform(Location(x=144.833267, y=-190.769058, z=-0.053454), Rotation(pitch=0.482300, yaw=-0.983124, roll=1.544352))
Transform(Location(x=145.074188, y=-190.771851, z=-0.052359), Rotation(pitch=0.442132, yaw=-0.774628, roll=1.578287))
Transform(Location(x=145.173615, y=-190.772827, z=-0.051875), Rotation(pitch=0.426825, yaw=-0.691345, roll=1.582941))
Transform(Location(x=145.283157, y=-190.773727, z=-0.051323), Rotation(pitch=0.410467, yaw=-0.601318, roll=1.582638))
Transform(Location(x=145.533279, y=-190.775223, z=-0.050015), Rotation(pitch=0.376145, yaw=-0.408752, roll=1.562716))
Transform(Location(x=145.646652, y=-190.775696, z=-0.049418), Rotation(pitch=0.362704, yaw=-0.326874, roll=1.546855))
Transform(Location(x=145.756790, y=-190.776047, z=-0.048840), Rotation(pitch=0.350764, yaw=-0.257599, roll=1.526270))
Transform(Location(x=145.886108, y=-190.776321, z=-0.048162), Rotation(pitch=0.337712, yaw=-0.188965, roll=1.494878))
Transform(Location(x=146.149689, y=-190.776581, z=-0.046809), Rotation(pitch=0.315206, yaw=-0.080048, roll=1.411046))
Transform(Location(x=146.258545, y=-190.776581, z=-0.046271), Rotation(pitch=0.307632, yaw=-0.047211, roll=1.370004))
Transform(Location(x=146.373459, y=-190.776566, z=-0.045712), Rotation(pitch=0.300303, yaw=-0.019745, roll=1.322088))
Transform(Location(x=146.616180, y=-190.776382, z=-0.044573), Rotation(pitch=0.287073, yaw=0.012007, roll=1.206303))
Transform(Location(x=146.732864, y=-190.776337, z=-0.044044), Rotation(pitch=0.283460, yaw=0.008229, roll=1.142726))
Transform(Location(x=146.840240, y=-190.776337, z=-0.043554), Rotation(pitch=0.291943, yaw=-0.008514, roll=1.078731))
Transform(Location(x=147.096634, y=-190.776596, z=-0.042363), Rotation(pitch=0.353558, yaw=-0.087219, roll=0.902219))
Transform(Location(x=147.228439, y=-190.776917, z=-0.041799), Rotation(pitch=0.369554, yaw=-0.148132, roll=0.800754))
Transform(Location(x=147.339539, y=-190.777344, z=-0.041346), Rotation(pitch=0.377095, yaw=-0.211029, roll=0.711008))
Transform(Location(x=147.447098, y=-190.777893, z=-0.040913), Rotation(pitch=0.387736, yaw=-0.281860, roll=0.619731))
Transform(Location(x=147.692871, y=-190.779739, z=-0.039980), Rotation(pitch=0.395912, yaw=-0.472504, roll=0.395197))
Transform(Location(x=147.805664, y=-190.780914, z=-0.039575), Rotation(pitch=0.394382, yaw=-0.573517, roll=0.287833))
Transform(Location(x=147.912674, y=-190.782227, z=-0.039186), Rotation(pitch=0.401909, yaw=-0.676239, roll=0.184325))
Transform(Location(x=148.155350, y=-190.785995, z=-0.038276), Rotation(pitch=0.453381, yaw=-0.938385, roll=-0.059753))
Transform(Location(x=148.262482, y=-190.788055, z=-0.037903), Rotation(pitch=0.463538, yaw=-1.062714, roll=-0.168335))
Transform(Location(x=148.388916, y=-190.790848, z=-0.037480), Rotation(pitch=0.468127, yaw=-1.223236, roll=-0.299805))
Transform(Location(x=148.501389, y=-190.793671, z=-0.037097), Rotation(pitch=0.481692, yaw=-1.373779, roll=-0.415619))
Transform(Location(x=148.731796, y=-190.800385, z=-0.036279), Rotation(pitch=0.541853, yaw=-1.703461, roll=-0.650696))
Transform(Location(x=148.835175, y=-190.803925, z=-0.035940), Rotation(pitch=0.553525, yaw=-1.863068, roll=-0.755737))
Transform(Location(x=148.948944, y=-190.808182, z=-0.035586), Rotation(pitch=0.554946, yaw=-2.046265, roll=-0.871490))
Transform(Location(x=149.204773, y=-190.819199, z=-0.034840), Rotation(pitch=0.531259, yaw=-2.477814, roll=-1.125854))
Transform(Location(x=149.305023, y=-190.824051, z=-0.034559), Rotation(pitch=0.517155, yaw=-2.652557, roll=-1.219391))
Transform(Location(x=149.420074, y=-190.830048, z=-0.034238), Rotation(pitch=0.500482, yaw=-2.861786, roll=-1.325134))
Transform(Location(x=149.639816, y=-190.842743, z=-0.033606), Rotation(pitch=0.484978, yaw=-3.281526, roll=-1.518127))
Transform(Location(x=149.754822, y=-190.850067, z=-0.033282), Rotation(pitch=0.472601, yaw=-3.507294, roll=-1.614685))
Transform(Location(x=149.900146, y=-190.860031, z=-0.032873), Rotation(pitch=0.457732, yaw=-3.804841, roll=-1.734833))
Transform(Location(x=150.026154, y=-190.869278, z=-0.032494), Rotation(pitch=0.462090, yaw=-4.069704, roll=-1.832794))
Transform(Location(x=150.238968, y=-190.886230, z=-0.031871), Rotation(pitch=0.457124, yaw=-4.516542, roll=-1.986389))
Transform(Location(x=150.377365, y=-190.898148, z=-0.031478), Rotation(pitch=0.444816, yaw=-4.807314, roll=-2.079712))
Transform(Location(x=150.489288, y=-190.908295, z=-0.031163), Rotation(pitch=0.432993, yaw=-5.045260, roll=-2.149658))
Transform(Location(x=150.599014, y=-190.918762, z=-0.030854), Rotation(pitch=0.420221, yaw=-5.284762, roll=-2.215240))
Transform(Location(x=150.827103, y=-190.941986, z=-0.030209), Rotation(pitch=0.392428, yaw=-5.799596, roll=-2.344086))
Transform(Location(x=150.952927, y=-190.955704, z=-0.029850), Rotation(pitch=0.377300, yaw=-6.090642, roll=-2.411133))
Transform(Location(x=151.067108, y=-190.968719, z=-0.029519), Rotation(pitch=0.366344, yaw=-6.361821, roll=-2.469849))
Transform(Location(x=151.176483, y=-190.981689, z=-0.029185), Rotation(pitch=0.366153, yaw=-6.618627, roll=-2.521942))
Transform(Location(x=151.404022, y=-191.010178, z=-0.028491), Rotation(pitch=0.361740, yaw=-7.144110, roll=-2.620087))
Transform(Location(x=151.503891, y=-191.023331, z=-0.028188), Rotation(pitch=0.357137, yaw=-7.376655, roll=-2.659424))
Transform(Location(x=151.606216, y=-191.037262, z=-0.027877), Rotation(pitch=0.351509, yaw=-7.617164, roll=-2.697968))
Transform(Location(x=151.854691, y=-191.073029, z=-0.027112), Rotation(pitch=0.337678, yaw=-8.217783, roll=-2.787873))
Transform(Location(x=151.991348, y=-191.093765, z=-0.026686), Rotation(pitch=0.331285, yaw=-8.538890, roll=-2.830933))
Transform(Location(x=152.092896, y=-191.109695, z=-0.026364), Rotation(pitch=0.328273, yaw=-8.786785, roll=-2.861817))
Transform(Location(x=152.318710, y=-191.146835, z=-0.025619), Rotation(pitch=0.335956, yaw=-9.360973, roll=-2.931214))
Transform(Location(x=152.433655, y=-191.166595, z=-0.025241), Rotation(pitch=0.336605, yaw=-9.647262, roll=-2.964112))
Transform(Location(x=152.543655, y=-191.186035, z=-0.024880), Rotation(pitch=0.335499, yaw=-9.918928, roll=-2.993378))
Transform(Location(x=152.652725, y=-191.205841, z=-0.024521), Rotation(pitch=0.333204, yaw=-10.189803, roll=-3.021058))
Transform(Location(x=152.912598, y=-191.255264, z=-0.023659), Rotation(pitch=0.324803, yaw=-10.846237, roll=-3.084473))
Transform(Location(x=153.024124, y=-191.277420, z=-0.023286), Rotation(pitch=0.320841, yaw=-11.132736, roll=-3.110444))
Transform(Location(x=153.164368, y=-191.306183, z=-0.022807), Rotation(pitch=0.319612, yaw=-11.503862, roll=-3.144562))
Transform(Location(x=153.264709, y=-191.327255, z=-0.022444), Rotation(pitch=0.331203, yaw=-11.776111, roll=-3.168183))
Transform(Location(x=153.405243, y=-191.357635, z=-0.021934), Rotation(pitch=0.347069, yaw=-12.141131, roll=-3.198975))
Transform(Location(x=153.518478, y=-191.382736, z=-0.021530), Rotation(pitch=0.353292, yaw=-12.427691, roll=-3.220764))
Transform(Location(x=153.769424, y=-191.440491, z=-0.020646), Rotation(pitch=0.354330, yaw=-13.051412, roll=-3.260164))
Transform(Location(x=153.871826, y=-191.464859, z=-0.020287), Rotation(pitch=0.351864, yaw=-13.307026, roll=-3.273164))
Transform(Location(x=153.975830, y=-191.490128, z=-0.019919), Rotation(pitch=0.349658, yaw=-13.573077, roll=-3.286103))
Transform(Location(x=154.197708, y=-191.545868, z=-0.019106), Rotation(pitch=0.358264, yaw=-14.160695, roll=-3.314026))
Transform(Location(x=154.405579, y=-191.600342, z=-0.018347), Rotation(pitch=0.357355, yaw=-14.730947, roll=-3.344697))
Transform(Location(x=154.508972, y=-191.628250, z=-0.017969), Rotation(pitch=0.354705, yaw=-15.016344, roll=-3.360932))
Transform(Location(x=154.620590, y=-191.658966, z=-0.017561), Rotation(pitch=0.350894, yaw=-15.311937, roll=-3.375733))
Transform(Location(x=154.729202, y=-191.689346, z=-0.017163), Rotation(pitch=0.346741, yaw=-15.585711, roll=-3.385713))
Transform(Location(x=154.942856, y=-191.750717, z=-0.016379), Rotation(pitch=0.337910, yaw=-16.100817, roll=-3.393098))
Transform(Location(x=155.054047, y=-191.783447, z=-0.015969), Rotation(pitch=0.333347, yaw=-16.357288, roll=-3.389863))
Transform(Location(x=155.156036, y=-191.813919, z=-0.015592), Rotation(pitch=0.329441, yaw=-16.581587, roll=-3.381348))
Transform(Location(x=155.363098, y=-191.877029, z=-0.014823), Rotation(pitch=0.322180, yaw=-17.014208, roll=-3.347780))
Transform(Location(x=155.487961, y=-191.915939, z=-0.014383), Rotation(pitch=0.315254, yaw=-17.274734, roll=-3.325562))
Transform(Location(x=155.620316, y=-191.957840, z=-0.013916), Rotation(pitch=0.320104, yaw=-17.547804, roll=-3.300416))
Transform(Location(x=155.727478, y=-191.992203, z=-0.013580), Rotation(pitch=0.315049, yaw=-17.757212, roll=-3.275483))
Transform(Location(x=155.942627, y=-192.062424, z=-0.013002), Rotation(pitch=0.285215, yaw=-18.143105, roll=-3.206635))
Transform(Location(x=156.052032, y=-192.098694, z=-0.012748), Rotation(pitch=0.263625, yaw=-18.317543, roll=-3.160218))
Transform(Location(x=156.172836, y=-192.139175, z=-0.012486), Rotation(pitch=0.239057, yaw=-18.506535, roll=-3.101655))
Transform(Location(x=156.319305, y=-192.188904, z=-0.012172), Rotation(pitch=0.222432, yaw=-18.721863, roll=-3.017578))
Transform(Location(x=156.533875, y=-192.262573, z=-0.011781), Rotation(pitch=0.186437, yaw=-18.992432, roll=-2.881653))
Transform(Location(x=156.628693, y=-192.295380, z=-0.011642), Rotation(pitch=0.170912, yaw=-19.091036, roll=-2.819184))
Transform(Location(x=156.740936, y=-192.334412, z=-0.011507), Rotation(pitch=0.153952, yaw=-19.184847, roll=-2.736480))
Transform(Location(x=156.953720, y=-192.408829, z=-0.011352), Rotation(pitch=0.131795, yaw=-19.311527, roll=-2.549775))
Transform(Location(x=157.051331, y=-192.443146, z=-0.011315), Rotation(pitch=0.124337, yaw=-19.356293, roll=-2.454224))
Transform(Location(x=157.161011, y=-192.481766, z=-0.011295), Rotation(pitch=0.117315, yaw=-19.393770, roll=-2.338074))
Transform(Location(x=157.372772, y=-192.556503, z=-0.011307), Rotation(pitch=0.106776, yaw=-19.439240, roll=-2.096100))
Transform(Location(x=157.480225, y=-192.594406, z=-0.011340), Rotation(pitch=0.102767, yaw=-19.434509, roll=-1.963440))
Transform(Location(x=157.688431, y=-192.667709, z=-0.011403), Rotation(pitch=0.136802, yaw=-19.386143, roll=-1.685211))
Transform(Location(x=157.802704, y=-192.707611, z=-0.011393), Rotation(pitch=0.202918, yaw=-19.288269, roll=-1.505951))
Transform(Location(x=157.911957, y=-192.745178, z=-0.011338), Rotation(pitch=0.302871, yaw=-19.084599, roll=-1.299225))
Transform(Location(x=158.033386, y=-192.785751, z=-0.011262), Rotation(pitch=0.427044, yaw=-18.670292, roll=-0.999054))
Transform(Location(x=158.136032, y=-192.818802, z=-0.011241), Rotation(pitch=0.498433, yaw=-18.166237, roll=-0.679321))
Transform(Location(x=158.361740, y=-192.885757, z=-0.011306), Rotation(pitch=0.551989, yaw=-16.487837, roll=0.298466))
Transform(Location(x=158.468018, y=-192.914124, z=-0.011350), Rotation(pitch=0.544366, yaw=-15.445024, roll=0.880879))
Transform(Location(x=158.583893, y=-192.942413, z=-0.011391), Rotation(pitch=0.520358, yaw=-14.171955, roll=1.594581))
Transform(Location(x=158.682358, y=-192.964569, z=-0.011419), Rotation(pitch=0.490913, yaw=-13.055256, roll=2.228237))
Transform(Location(x=158.911438, y=-193.009369, z=-0.011444), Rotation(pitch=0.395727, yaw=-10.525894, roll=3.759012))
Transform(Location(x=159.024994, y=-193.028427, z=-0.011442), Rotation(pitch=0.342315, yaw=-9.392683, roll=4.487567))
Transform(Location(x=159.119385, y=-193.043045, z=-0.011447), Rotation(pitch=0.299483, yaw=-8.585125, roll=5.039030))
Transform(Location(x=159.236710, y=-193.059738, z=-0.011469), Rotation(pitch=0.248906, yaw=-7.754250, roll=5.661074))
Transform(Location(x=159.493713, y=-193.091202, z=-0.011630), Rotation(pitch=0.160441, yaw=-6.422980, roll=6.722568))
Transform(Location(x=159.583527, y=-193.100754, z=-0.011729), Rotation(pitch=0.138400, yaw=-6.060887, roll=6.987201))
Transform(Location(x=159.701263, y=-193.112534, z=-0.011906), Rotation(pitch=0.116106, yaw=-5.736515, roll=7.234273))
Transform(Location(x=159.820267, y=-193.123672, z=-0.012132), Rotation(pitch=0.098806, yaw=-5.503726, roll=7.374860))
Transform(Location(x=160.074387, y=-193.145966, z=-0.012737), Rotation(pitch=0.081662, yaw=-5.324985, roll=7.298638))
Transform(Location(x=160.199326, y=-193.156830, z=-0.013038), Rotation(pitch=0.104550, yaw=-5.389652, roll=7.072626))
Transform(Location(x=160.298569, y=-193.165619, z=-0.013240), Rotation(pitch=0.148659, yaw=-5.499331, roll=6.814322))
Transform(Location(x=160.409729, y=-193.175705, z=-0.013418), Rotation(pitch=0.231496, yaw=-5.673647, roll=6.433266))
Transform(Location(x=160.617889, y=-193.195862, z=-0.013702), Rotation(pitch=0.363660, yaw=-6.106450, roll=5.505582))
Transform(Location(x=160.721405, y=-193.206772, z=-0.013836), Rotation(pitch=0.392299, yaw=-6.376439, roll=4.958039))
Transform(Location(x=160.821838, y=-193.218018, z=-0.013929), Rotation(pitch=0.411635, yaw=-6.668492, roll=4.386013))
Transform(Location(x=161.042236, y=-193.245209, z=-0.014024), Rotation(pitch=0.406547, yaw=-7.360052, roll=3.041306))
Transform(Location(x=161.135651, y=-193.257782, z=-0.014009), Rotation(pitch=0.391090, yaw=-7.658548, roll=2.472022))
Transform(Location(x=161.241547, y=-193.272781, z=-0.013957), Rotation(pitch=0.367437, yaw=-7.992562, roll=1.832055))
Transform(Location(x=161.445602, y=-193.303848, z=-0.013773), Rotation(pitch=0.313349, yaw=-8.616892, roll=0.669785))
Transform(Location(x=161.545624, y=-193.320114, z=-0.013658), Rotation(pitch=0.285488, yaw=-8.919293, roll=0.144642))
Transform(Location(x=161.644989, y=-193.336929, z=-0.013536), Rotation(pitch=0.258092, yaw=-9.211711, roll=-0.341370))
Transform(Location(x=161.848938, y=-193.373276, z=-0.013292), Rotation(pitch=0.205076, yaw=-9.774243, roll=-1.212768))
Transform(Location(x=161.948456, y=-193.391876, z=-0.013186), Rotation(pitch=0.181779, yaw=-10.031324, roll=-1.572144))
Transform(Location(x=162.040207, y=-193.409378, z=-0.013102), Rotation(pitch=0.162258, yaw=-10.245193, roll=-1.860351))
Transform(Location(x=162.255295, y=-193.451736, z=-0.012959), Rotation(pitch=0.122458, yaw=-10.671281, roll=-2.379913))
Transform(Location(x=162.359024, y=-193.472717, z=-0.012919), Rotation(pitch=0.106865, yaw=-10.851304, roll=-2.555787))
Transform(Location(x=162.462509, y=-193.493896, z=-0.012898), Rotation(pitch=0.093457, yaw=-11.001878, roll=-2.682465))
Transform(Location(x=162.674164, y=-193.537811, z=-0.012904), Rotation(pitch=0.071580, yaw=-11.232988, roll=-2.799988))
Transform(Location(x=162.775040, y=-193.558884, z=-0.012926), Rotation(pitch=0.063534, yaw=-11.308212, roll=-2.795197))
Transform(Location(x=162.883636, y=-193.581604, z=-0.012959), Rotation(pitch=0.056144, yaw=-11.359086, roll=-2.747925))
Transform(Location(x=163.002014, y=-193.606323, z=-0.013003), Rotation(pitch=0.049328, yaw=-11.383104, roll=-2.651184))
Transform(Location(x=163.220444, y=-193.651596, z=-0.013063), Rotation(pitch=0.059484, yaw=-11.343462, roll=-2.369965))
Transform(Location(x=163.317612, y=-193.671524, z=-0.013045), Rotation(pitch=0.094830, yaw=-11.301895, roll=-2.210632))
Transform(Location(x=163.421844, y=-193.692703, z=-0.012976), Rotation(pitch=0.166131, yaw=-11.232773, roll=-2.015229))
Transform(Location(x=163.612167, y=-193.730759, z=-0.012736), Rotation(pitch=0.367696, yaw=-11.052079, roll=-1.605988))
Transform(Location(x=163.805130, y=-193.768021, z=-0.012570), Rotation(pitch=0.502654, yaw=-10.794572, roll=-1.129333))
Transform(Location(x=163.805130, y=-193.768021, z=-0.012570), Rotation(pitch=0.502654, yaw=-10.794572, roll=-1.129333))
Transform(Location(x=164.010071, y=-193.805878, z=-0.012508), Rotation(pitch=0.549707, yaw=-10.446030, roll=-0.588226))
Transform(Location(x=164.100693, y=-193.822052, z=-0.012461), Rotation(pitch=0.577971, yaw=-10.276138, roll=-0.349579))
Transform(Location(x=164.197968, y=-193.838959, z=-0.012421), Rotation(pitch=0.598680, yaw=-10.080887, roll=-0.093903))
Transform(Location(x=164.378799, y=-193.869171, z=-0.012408), Rotation(pitch=0.589561, yaw=-9.698654, roll=0.361222))
Transform(Location(x=164.474396, y=-193.884506, z=-0.012422), Rotation(pitch=0.569180, yaw=-9.485946, roll=0.588661))
Transform(Location(x=164.563049, y=-193.898331, z=-0.012441), Rotation(pitch=0.545254, yaw=-9.284865, roll=0.787768))
Transform(Location(x=164.773193, y=-193.929626, z=-0.012509), Rotation(pitch=0.475327, yaw=-8.797099, roll=1.216034))
Transform(Location(x=164.881638, y=-193.944977, z=-0.012552), Rotation(pitch=0.436743, yaw=-8.538674, roll=1.409709))
Transform(Location(x=164.978531, y=-193.958237, z=-0.012591), Rotation(pitch=0.402961, yaw=-8.305857, roll=1.565642))
Transform(Location(x=165.159485, y=-193.981903, z=-0.012670), Rotation(pitch=0.342124, yaw=-7.871683, roll=1.815395))
Transform(Location(x=165.258789, y=-193.994308, z=-0.012715), Rotation(pitch=0.309995, yaw=-7.636238, roll=1.930824))
Transform(Location(x=165.356598, y=-194.006134, z=-0.012761), Rotation(pitch=0.280051, yaw=-7.407265, roll=2.029732))
Transform(Location(x=165.464935, y=-194.018768, z=-0.012811), Rotation(pitch=0.248551, yaw=-7.157661, roll=2.123364))
Transform(Location(x=165.663376, y=-194.040771, z=-0.012901), Rotation(pitch=0.197802, yaw=-6.707098, roll=2.254894))
Transform(Location(x=165.759796, y=-194.050934, z=-0.012943), Rotation(pitch=0.176028, yaw=-6.494755, roll=2.301618))
Transform(Location(x=165.859512, y=-194.061111, z=-0.012984), Rotation(pitch=0.155209, yaw=-6.278569, roll=2.339553))
Transform(Location(x=166.077637, y=-194.082123, z=-0.013070), Rotation(pitch=0.115471, yaw=-5.818882, roll=2.390489))
Transform(Location(x=166.178741, y=-194.091370, z=-0.013105), Rotation(pitch=0.100008, yaw=-5.614841, roll=2.400630))
Transform(Location(x=166.273315, y=-194.099701, z=-0.013136), Rotation(pitch=0.087037, yaw=-5.429660, roll=2.403205))
Transform(Location(x=166.473969, y=-194.116318, z=-0.013190), Rotation(pitch=0.064429, yaw=-4.998660, roll=2.402591))
Transform(Location(x=166.671112, y=-194.129700, z=-0.013186), Rotation(pitch=0.063268, yaw=-4.209993, roll=2.499083))
Transform(Location(x=166.776367, y=-194.135223, z=-0.013172), Rotation(pitch=0.060563, yaw=-3.638399, roll=2.615907))
Transform(Location(x=166.881409, y=-194.139648, z=-0.013154), Rotation(pitch=0.056103, yaw=-3.023652, roll=2.768556))
Transform(Location(x=167.085892, y=-194.145477, z=-0.013115), Rotation(pitch=0.043659, yaw=-1.852204, roll=3.123484))
Transform(Location(x=167.085892, y=-194.145477, z=-0.013115), Rotation(pitch=0.043659, yaw=-1.852204, roll=3.123484))
Transform(Location(x=167.313049, y=-194.147873, z=-0.013078), Rotation(pitch=0.026931, yaw=-0.689880, roll=3.547220))
Transform(Location(x=167.410400, y=-194.147751, z=-0.013069), Rotation(pitch=0.020094, yaw=-0.249939, roll=3.716491))
Transform(Location(x=167.513474, y=-194.146912, z=-0.013066), Rotation(pitch=0.013298, yaw=0.166615, roll=3.879262))
Transform(Location(x=167.637772, y=-194.144989, z=-0.013073), Rotation(pitch=0.005881, yaw=0.608944, roll=4.048447))
Transform(Location(x=167.860367, y=-194.139435, z=-0.013115), Rotation(pitch=-0.004303, yaw=1.283225, roll=4.259655))
Transform(Location(x=167.961777, y=-194.136108, z=-0.013146), Rotation(pitch=-0.007479, yaw=1.542073, roll=4.313123))
Transform(Location(x=168.089066, y=-194.131348, z=-0.013196), Rotation(pitch=-0.010375, yaw=1.816770, roll=4.336353))
Transform(Location(x=168.300079, y=-194.122299, z=-0.013294), Rotation(pitch=-0.012909, yaw=2.188837, roll=4.277910))
Transform(Location(x=168.404633, y=-194.117386, z=-0.013345), Rotation(pitch=-0.013278, yaw=2.337636, roll=4.205537))
Transform(Location(x=168.614059, y=-194.106934, z=-0.013448), Rotation(pitch=-0.012909, yaw=2.570216, roll=3.981223))
Transform(Location(x=168.614059, y=-194.106934, z=-0.013448), Rotation(pitch=-0.012909, yaw=2.570216, roll=3.981223))
Transform(Location(x=168.858810, y=-194.094055, z=-0.013549), Rotation(pitch=-0.011290, yaw=2.753754, roll=3.604962))
Transform(Location(x=168.966614, y=-194.088303, z=-0.013581), Rotation(pitch=-0.010314, yaw=2.807056, roll=3.413075))
Transform(Location(x=169.090149, y=-194.081650, z=-0.013609), Rotation(pitch=-0.009159, yaw=2.845751, roll=3.173325))
Transform(Location(x=169.241577, y=-194.073593, z=-0.013630), Rotation(pitch=-0.007780, yaw=2.867478, roll=2.856047))
Transform(Location(x=169.333359, y=-194.068787, z=-0.013632), Rotation(pitch=-0.007076, yaw=2.871237, roll=2.666295))
Transform(Location(x=169.561981, y=-194.056992, z=-0.013614), Rotation(pitch=-0.005526, yaw=2.857869, roll=2.182750))
Transform(Location(x=169.772552, y=-194.046478, z=-0.013550), Rotation(pitch=0.011359, yaw=2.813571, roll=1.747925))
Transform(Location(x=169.875992, y=-194.041458, z=-0.013477), Rotation(pitch=0.044608, yaw=2.784081, roll=1.540280))
Transform(Location(x=169.992264, y=-194.035950, z=-0.013392), Rotation(pitch=0.081423, yaw=2.742739, roll=1.312239))
Transform(Location(x=170.129639, y=-194.029663, z=-0.013313), Rotation(pitch=0.107944, yaw=2.684994, roll=1.053179))
Transform(Location(x=170.230621, y=-194.025208, z=-0.013267), Rotation(pitch=0.118073, yaw=2.638521, roll=0.877286))
Transform(Location(x=170.341400, y=-194.020447, z=-0.013226), Rotation(pitch=0.123128, yaw=2.584873, roll=0.694968))
Transform(Location(x=170.577072, y=-194.010742, z=-0.013161), Rotation(pitch=0.120607, yaw=2.463298, roll=0.348850))
Transform(Location(x=170.691910, y=-194.006226, z=-0.013139), Rotation(pitch=0.115724, yaw=2.400406, roll=0.201803))
Transform(Location(x=170.920364, y=-193.997711, z=-0.013108), Rotation(pitch=0.102904, yaw=2.270996, roll=-0.049713))
Transform(Location(x=170.920364, y=-193.997711, z=-0.013108), Rotation(pitch=0.102904, yaw=2.270996, roll=-0.049713))
Transform(Location(x=171.170425, y=-193.988998, z=-0.013092), Rotation(pitch=0.087761, yaw=2.126525, roll=-0.267029))
Transform(Location(x=171.277023, y=-193.985489, z=-0.013089), Rotation(pitch=0.081839, yaw=2.064719, roll=-0.341980))
Transform(Location(x=171.392014, y=-193.981812, z=-0.013089), Rotation(pitch=0.075733, yaw=1.998508, roll=-0.412476))
Transform(Location(x=171.496460, y=-193.978577, z=-0.013090), Rotation(pitch=0.070672, yaw=1.938880, roll=-0.467529))
Transform(Location(x=171.731232, y=-193.971680, z=-0.013098), Rotation(pitch=0.060597, yaw=1.806258, roll=-0.564667))
Transform(Location(x=171.848145, y=-193.968369, z=-0.013105), Rotation(pitch=0.056424, yaw=1.741780, roll=-0.600738))
Transform(Location(x=171.962845, y=-193.965286, z=-0.013111), Rotation(pitch=0.052825, yaw=1.679766, roll=-0.629181))
Transform(Location(x=172.190277, y=-193.959473, z=-0.013127), Rotation(pitch=0.047060, yaw=1.559882, roll=-0.668366))
Transform(Location(x=172.295441, y=-193.956894, z=-0.013134), Rotation(pitch=0.044963, yaw=1.505977, roll=-0.679993))
Transform(Location(x=172.422302, y=-193.953903, z=-0.013143), Rotation(pitch=0.042798, yaw=1.442704, roll=-0.689301))
Transform(Location(x=172.551270, y=-193.951004, z=-0.013152), Rotation(pitch=0.041036, yaw=1.380086, roll=-0.694305))
Transform(Location(x=172.778427, y=-193.946152, z=-0.013167), Rotation(pitch=0.038898, yaw=1.273343, roll=-0.694672))
Transform(Location(x=172.892181, y=-193.943863, z=-0.013174), Rotation(pitch=0.038208, yaw=1.221826, roll=-0.691620))
Transform(Location(x=173.010193, y=-193.941559, z=-0.013180), Rotation(pitch=0.037723, yaw=1.170039, roll=-0.686523))
Transform(Location(x=173.125229, y=-193.939407, z=-0.013187), Rotation(pitch=0.037464, yaw=1.121034, roll=-0.680084))
Transform(Location(x=173.349854, y=-193.935486, z=-0.013197), Rotation(pitch=0.037429, yaw=1.028039, roll=-0.664612))
Transform(Location(x=173.457748, y=-193.933701, z=-0.013201), Rotation(pitch=0.037621, yaw=0.985438, roll=-0.656067))
Transform(Location(x=173.570129, y=-193.931915, z=-0.013205), Rotation(pitch=0.037942, yaw=0.942691, roll=-0.646454))
Transform(Location(x=173.836014, y=-193.928009, z=-0.013213), Rotation(pitch=0.039144, yaw=0.846581, roll=-0.621582))
Transform(Location(x=173.946564, y=-193.926498, z=-0.013215), Rotation(pitch=0.039765, yaw=0.808608, roll=-0.610931))
Transform(Location(x=174.057358, y=-193.925034, z=-0.013218), Rotation(pitch=0.040462, yaw=0.772086, roll=-0.599975))
Transform(Location(x=174.294922, y=-193.922165, z=-0.013221), Rotation(pitch=0.042183, yaw=0.697755, roll=-0.575714))
Transform(Location(x=174.408081, y=-193.920868, z=-0.013222), Rotation(pitch=0.043071, yaw=0.664230, roll=-0.563995))
Transform(Location(x=174.623978, y=-193.918594, z=-0.013223), Rotation(pitch=0.044888, yaw=0.603729, roll=-0.541382))
Transform(Location(x=174.743546, y=-193.917419, z=-0.013223), Rotation(pitch=0.045967, yaw=0.571664, roll=-0.528778))
Transform(Location(x=174.866562, y=-193.916260, z=-0.013223), Rotation(pitch=0.047108, yaw=0.540383, roll=-0.515656))
Transform(Location(x=174.987411, y=-193.915176, z=-0.013223), Rotation(pitch=0.048262, yaw=0.511185, roll=-0.502625))
Transform(Location(x=175.092010, y=-193.914291, z=-0.013223), Rotation(pitch=0.049252, yaw=0.486615, roll=-0.491486))
Transform(Location(x=175.340179, y=-193.912354, z=-0.013221), Rotation(pitch=0.051718, yaw=0.432129, roll=-0.464600))
Transform(Location(x=175.470367, y=-193.911438, z=-0.013220), Rotation(pitch=0.053043, yaw=0.405586, roll=-0.450439))
Transform(Location(x=175.584579, y=-193.910675, z=-0.013219), Rotation(pitch=0.054191, yaw=0.383511, roll=-0.438080))
Transform(Location(x=175.808350, y=-193.909317, z=-0.013217), Rotation(pitch=0.056452, yaw=0.342958, roll=-0.413910))
Transform(Location(x=175.920914, y=-193.908691, z=-0.013215), Rotation(pitch=0.057599, yaw=0.323856, roll=-0.401825))
Transform(Location(x=176.038681, y=-193.908066, z=-0.013214), Rotation(pitch=0.058815, yaw=0.304935, roll=-0.389130))
Transform(Location(x=176.273941, y=-193.906906, z=-0.013211), Rotation(pitch=0.061233, yaw=0.269648, roll=-0.363983))
Transform(Location(x=176.382004, y=-193.906418, z=-0.013210), Rotation(pitch=0.062339, yaw=0.254519, roll=-0.352631))
Transform(Location(x=176.606506, y=-193.905518, z=-0.013207), Rotation(pitch=0.064634, yaw=0.225253, roll=-0.329376))
Transform(Location(x=176.725922, y=-193.905075, z=-0.013205), Rotation(pitch=0.065850, yaw=0.210846, roll=-0.317200))
Transform(Location(x=176.955414, y=-193.904297, z=-0.013202), Rotation(pitch=0.068165, yaw=0.185254, roll=-0.294373))
Transform(Location(x=176.955414, y=-193.904297, z=-0.013202), Rotation(pitch=0.068165, yaw=0.185254, roll=-0.294373))
Transform(Location(x=177.201904, y=-193.903549, z=-0.013198), Rotation(pitch=0.070638, yaw=0.160471, roll=-0.270660))
Transform(Location(x=177.317047, y=-193.903244, z=-0.013197), Rotation(pitch=0.071778, yaw=0.149840, roll=-0.260010))
Transform(Location(x=177.552383, y=-193.902649, z=-0.013193), Rotation(pitch=0.074073, yaw=0.129916, roll=-0.238922))
Transform(Location(x=177.672638, y=-193.902374, z=-0.013192), Rotation(pitch=0.075248, yaw=0.120371, roll=-0.228577))
Transform(Location(x=177.907883, y=-193.901932, z=-0.013189), Rotation(pitch=0.077482, yaw=0.103368, roll=-0.209259))
Transform(Location(x=177.907883, y=-193.901932, z=-0.013189), Rotation(pitch=0.077482, yaw=0.103368, roll=-0.209259))
Transform(Location(x=178.151459, y=-193.901520, z=-0.013185), Rotation(pitch=0.079783, yaw=0.087859, roll=-0.190369))
Transform(Location(x=178.268265, y=-193.901337, z=-0.013184), Rotation(pitch=0.080856, yaw=0.081134, roll=-0.181763))
Transform(Location(x=178.386246, y=-193.901169, z=-0.013182), Rotation(pitch=0.081935, yaw=0.074685, roll=-0.173370))
Transform(Location(x=178.635834, y=-193.900848, z=-0.013179), Rotation(pitch=0.084203, yaw=0.062416, roll=-0.156433))
Transform(Location(x=178.753311, y=-193.900711, z=-0.013178), Rotation(pitch=0.085248, yaw=0.057207, roll=-0.148926))
Transform(Location(x=178.874435, y=-193.900620, z=-0.013176), Rotation(pitch=0.086313, yaw=0.052242, roll=-0.141449))
Transform(Location(x=179.001785, y=-193.900497, z=-0.013175), Rotation(pitch=0.087433, yaw=0.047420, roll=-0.133820))
Transform(Location(x=179.293686, y=-193.900269, z=-0.013171), Rotation(pitch=0.090001, yaw=0.037541, roll=-0.117371))
Transform(Location(x=179.412415, y=-193.900192, z=-0.013170), Rotation(pitch=0.090964, yaw=0.033932, roll=-0.111237))
Transform(Location(x=179.542770, y=-193.900116, z=-0.013168), Rotation(pitch=0.092044, yaw=0.030314, roll=-0.104736))
Transform(Location(x=179.776321, y=-193.900009, z=-0.013166), Rotation(pitch=0.093949, yaw=0.024340, roll=-0.093933))
Transform(Location(x=179.897812, y=-193.899963, z=-0.013165), Rotation(pitch=0.094912, yaw=0.021600, roll=-0.088684))
Transform(Location(x=180.044983, y=-193.899902, z=-0.013163), Rotation(pitch=0.096121, yaw=0.018630, roll=-0.082520))
Transform(Location(x=180.154922, y=-193.899857, z=-0.013162), Rotation(pitch=0.096961, yaw=0.016590, roll=-0.078186))
Transform(Location(x=180.272354, y=-193.899796, z=-0.013161), Rotation(pitch=0.097870, yaw=0.014580, roll=-0.073761))
Transform(Location(x=180.508133, y=-193.899734, z=-0.013158), Rotation(pitch=0.099666, yaw=0.010848, roll=-0.065521))
Transform(Location(x=180.627502, y=-193.899719, z=-0.013157), Rotation(pitch=0.100575, yaw=0.009172, roll=-0.061615))
Transform(Location(x=180.743683, y=-193.899704, z=-0.013156), Rotation(pitch=0.101442, yaw=0.007689, roll=-0.058014))
Transform(Location(x=181.020859, y=-193.899658, z=-0.013154), Rotation(pitch=0.103518, yaw=0.004643, roll=-0.050018))
Transform(Location(x=181.139862, y=-193.899643, z=-0.013153), Rotation(pitch=0.104365, yaw=0.003503, roll=-0.046906))
Transform(Location(x=181.254700, y=-193.899628, z=-0.013152), Rotation(pitch=0.105178, yaw=0.002515, roll=-0.044037))
Transform(Location(x=181.512695, y=-193.899582, z=-0.013149), Rotation(pitch=0.106995, yaw=0.000579, roll=-0.038086))
Transform(Location(x=181.658020, y=-193.899567, z=-0.013148), Rotation(pitch=0.108013, yaw=-0.000366, roll=-0.035004))
Transform(Location(x=181.897827, y=-193.899582, z=-0.013146), Rotation(pitch=0.109631, yaw=-0.001709, roll=-0.030426))
Transform(Location(x=181.897827, y=-193.899582, z=-0.013146), Rotation(pitch=0.109631, yaw=-0.001709, roll=-0.030426))
Transform(Location(x=182.141190, y=-193.899628, z=-0.013144), Rotation(pitch=0.111230, yaw=-0.002899, roll=-0.026337))
Transform(Location(x=182.253082, y=-193.899628, z=-0.013143), Rotation(pitch=0.111954, yaw=-0.003296, roll=-0.024597))
Transform(Location(x=182.381134, y=-193.899643, z=-0.013142), Rotation(pitch=0.112787, yaw=-0.003693, roll=-0.022705))
Transform(Location(x=182.617264, y=-193.899658, z=-0.013140), Rotation(pitch=0.114262, yaw=-0.004242, roll=-0.019531))
Transform(Location(x=182.868317, y=-193.899658, z=-0.013138), Rotation(pitch=0.115833, yaw=-0.004608, roll=-0.016510))
Transform(Location(x=182.977753, y=-193.899689, z=-0.013137), Rotation(pitch=0.116489, yaw=-0.004730, roll=-0.015320))
Transform(Location(x=183.128922, y=-193.899689, z=-0.013136), Rotation(pitch=0.117438, yaw=-0.004883, roll=-0.013733))
Transform(Location(x=183.249817, y=-193.899704, z=-0.013135), Rotation(pitch=0.118142, yaw=-0.004944, roll=-0.012573))
Transform(Location(x=183.381989, y=-193.899704, z=-0.013134), Rotation(pitch=0.118927, yaw=-0.004974, roll=-0.011353))
Transform(Location(x=183.631210, y=-193.899704, z=-0.013132), Rotation(pitch=0.120355, yaw=-0.004944, roll=-0.009277))
Transform(Location(x=183.790771, y=-193.899719, z=-0.013131), Rotation(pitch=0.121304, yaw=-0.004913, roll=-0.008087))
Transform(Location(x=183.916077, y=-193.899719, z=-0.013130), Rotation(pitch=0.122008, yaw=-0.004883, roll=-0.007233))
Transform(Location(x=184.045715, y=-193.899719, z=-0.013129), Rotation(pitch=0.122766, yaw=-0.004822, roll=-0.006409))
Transform(Location(x=184.311630, y=-193.899734, z=-0.013127), Rotation(pitch=0.124528, yaw=-0.004730, roll=-0.004913))
Transform(Location(x=184.427063, y=-193.899734, z=-0.013126), Rotation(pitch=0.125389, yaw=-0.004669, roll=-0.004333))
Transform(Location(x=184.559143, y=-193.899734, z=-0.013124), Rotation(pitch=0.126475, yaw=-0.004608, roll=-0.003754))
Transform(Location(x=184.678375, y=-193.899734, z=-0.013123), Rotation(pitch=0.127492, yaw=-0.004578, roll=-0.003265))
Transform(Location(x=184.924911, y=-193.899734, z=-0.013119), Rotation(pitch=0.129842, yaw=-0.004486, roll=-0.002411))
Transform(Location(x=185.045242, y=-193.899734, z=-0.013118), Rotation(pitch=0.131044, yaw=-0.004425, roll=-0.002045))
Transform(Location(x=185.177460, y=-193.899765, z=-0.013116), Rotation(pitch=0.132437, yaw=-0.004395, roll=-0.001678))
Transform(Location(x=185.302353, y=-193.899765, z=-0.013114), Rotation(pitch=0.133769, yaw=-0.004364, roll=-0.001404))
Transform(Location(x=185.561890, y=-193.899765, z=-0.013110), Rotation(pitch=0.136611, yaw=-0.004242, roll=-0.000916))
Transform(Location(x=185.688858, y=-193.899765, z=-0.013109), Rotation(pitch=0.138018, yaw=-0.004181, roll=-0.000702))
Transform(Location(x=185.815872, y=-193.899765, z=-0.013107), Rotation(pitch=0.139418, yaw=-0.004150, roll=-0.000519))
Transform(Location(x=186.055801, y=-193.899765, z=-0.013103), Rotation(pitch=0.142068, yaw=-0.004028, roll=-0.000275))
Transform(Location(x=186.167160, y=-193.899765, z=-0.013101), Rotation(pitch=0.143277, yaw=-0.003998, roll=-0.000153))
Transform(Location(x=186.320145, y=-193.899765, z=-0.013099), Rotation(pitch=0.144998, yaw=-0.003937, roll=-0.000061))
Transform(Location(x=186.563278, y=-193.899765, z=-0.013096), Rotation(pitch=0.147553, yaw=-0.003876, roll=0.000088))
Transform(Location(x=186.677414, y=-193.899765, z=-0.013094), Rotation(pitch=0.148721, yaw=-0.003845, roll=0.000134))
Transform(Location(x=186.800659, y=-193.899765, z=-0.013092), Rotation(pitch=0.149977, yaw=-0.003815, roll=0.000173))
Transform(Location(x=187.070129, y=-193.899765, z=-0.013089), Rotation(pitch=0.152662, yaw=-0.003784, roll=0.000230))
Transform(Location(x=187.181015, y=-193.899765, z=-0.013088), Rotation(pitch=0.153686, yaw=-0.003754, roll=0.000243))
Transform(Location(x=187.428162, y=-193.899765, z=-0.013085), Rotation(pitch=0.155954, yaw=-0.003723, roll=0.000254))
Transform(Location(x=187.428162, y=-193.899765, z=-0.013085), Rotation(pitch=0.155954, yaw=-0.003723, roll=0.000254))
Transform(Location(x=187.720444, y=-193.899765, z=-0.013081), Rotation(pitch=0.158529, yaw=-0.003693, roll=0.000246))
Transform(Location(x=187.854141, y=-193.899765, z=-0.013080), Rotation(pitch=0.159608, yaw=-0.003693, roll=0.000238))
Transform(Location(x=187.978714, y=-193.899765, z=-0.013079), Rotation(pitch=0.160564, yaw=-0.003662, roll=0.000227))
Transform(Location(x=188.216064, y=-193.899765, z=-0.013076), Rotation(pitch=0.162340, yaw=-0.003693, roll=0.000196))
Transform(Location(x=188.342697, y=-193.899765, z=-0.013075), Rotation(pitch=0.163269, yaw=-0.003693, roll=0.000179))
Transform(Location(x=188.471634, y=-193.899765, z=-0.013074), Rotation(pitch=0.164177, yaw=-0.003693, roll=0.000160))
Transform(Location(x=188.592346, y=-193.899765, z=-0.013073), Rotation(pitch=0.164997, yaw=-0.003693, roll=0.000143))
Transform(Location(x=188.864624, y=-193.899765, z=-0.013070), Rotation(pitch=0.166759, yaw=-0.003693, roll=0.000104))
Transform(Location(x=188.984192, y=-193.899765, z=-0.013070), Rotation(pitch=0.167476, yaw=-0.003693, roll=0.000088))
Transform(Location(x=189.242340, y=-193.899765, z=-0.013068), Rotation(pitch=0.168958, yaw=-0.003693, roll=0.000057))
Transform(Location(x=189.371948, y=-193.899765, z=-0.013067), Rotation(pitch=0.169676, yaw=-0.003693, roll=0.000046))
Transform(Location(x=189.494095, y=-193.899765, z=-0.013066), Rotation(pitch=0.170311, yaw=-0.003662, roll=0.000038))
Transform(Location(x=189.617126, y=-193.899765, z=-0.013065), Rotation(pitch=0.170932, yaw=-0.003662, roll=0.000031))
Transform(Location(x=189.883759, y=-193.899765, z=-0.013063), Rotation(pitch=0.172203, yaw=-0.003662, roll=0.000021))
Transform(Location(x=190.009109, y=-193.899765, z=-0.013063), Rotation(pitch=0.172763, yaw=-0.003632, roll=0.000019))
Transform(Location(x=190.242844, y=-193.899765, z=-0.013061), Rotation(pitch=0.173746, yaw=-0.003632, roll=0.000019))
Transform(Location(x=190.242844, y=-193.899765, z=-0.013061), Rotation(pitch=0.173746, yaw=-0.003632, roll=0.000019))
Transform(Location(x=190.485092, y=-193.899765, z=-0.013060), Rotation(pitch=0.174730, yaw=-0.003632, roll=0.000022))
Transform(Location(x=190.615295, y=-193.899765, z=-0.013060), Rotation(pitch=0.175235, yaw=-0.003632, roll=0.000024))
Transform(Location(x=190.768295, y=-193.899765, z=-0.013059), Rotation(pitch=0.175789, yaw=-0.003632, roll=0.000027))
Transform(Location(x=191.013336, y=-193.899765, z=-0.013058), Rotation(pitch=0.176581, yaw=-0.003601, roll=0.000034))
Transform(Location(x=191.155334, y=-193.899765, z=-0.013057), Rotation(pitch=0.177032, yaw=-0.003601, roll=0.000036))
Transform(Location(x=191.275681, y=-193.899765, z=-0.013057), Rotation(pitch=0.177387, yaw=-0.003601, roll=0.000038))
Transform(Location(x=191.524094, y=-193.899765, z=-0.013056), Rotation(pitch=0.178084, yaw=-0.003601, roll=0.000041))
Transform(Location(x=191.642151, y=-193.899765, z=-0.013056), Rotation(pitch=0.178405, yaw=-0.003601, roll=0.000041))
Transform(Location(x=191.798279, y=-193.899765, z=-0.013055), Rotation(pitch=0.178814, yaw=-0.003601, roll=0.000040))
Transform(Location(x=191.924881, y=-193.899765, z=-0.013055), Rotation(pitch=0.179115, yaw=-0.003601, roll=0.000039))
Transform(Location(x=192.193710, y=-193.899765, z=-0.013054), Rotation(pitch=0.179709, yaw=-0.003632, roll=0.000033))
Transform(Location(x=192.334564, y=-193.899765, z=-0.013053), Rotation(pitch=0.180010, yaw=-0.003632, roll=0.000029))
Transform(Location(x=192.470779, y=-193.899765, z=-0.013053), Rotation(pitch=0.180276, yaw=-0.003632, roll=0.000025))
Transform(Location(x=192.617813, y=-193.899765, z=-0.013053), Rotation(pitch=0.180563, yaw=-0.003632, roll=0.000018))
Transform(Location(x=192.730576, y=-193.899765, z=-0.013053), Rotation(pitch=0.180754, yaw=-0.003632, roll=0.000014))
Transform(Location(x=192.986893, y=-193.899765, z=-0.013052), Rotation(pitch=0.181219, yaw=-0.003662, roll=0.000001))
Transform(Location(x=193.101105, y=-193.899765, z=-0.013052), Rotation(pitch=0.181410, yaw=-0.003662, roll=-0.000000))
Transform(Location(x=193.225098, y=-193.899765, z=-0.013052), Rotation(pitch=0.181615, yaw=-0.003662, roll=0.000000))
Transform(Location(x=193.352783, y=-193.899765, z=-0.013051), Rotation(pitch=0.181826, yaw=-0.003662, roll=-0.000000))
Transform(Location(x=193.539658, y=-193.899765, z=-0.013051), Rotation(pitch=0.182106, yaw=-0.003632, roll=0.000000))
Transform(Location(x=193.808258, y=-193.899765, z=-0.013051), Rotation(pitch=0.182421, yaw=-0.003632, roll=-0.000031))
Transform(Location(x=193.956573, y=-193.899765, z=-0.013050), Rotation(pitch=0.182585, yaw=-0.003632, roll=-0.000031))
Transform(Location(x=194.077286, y=-193.899765, z=-0.013050), Rotation(pitch=0.182714, yaw=-0.003632, roll=-0.000031))
Transform(Location(x=194.205093, y=-193.899765, z=-0.013050), Rotation(pitch=0.182865, yaw=-0.003662, roll=-0.000031))
Transform(Location(x=194.498962, y=-193.899765, z=-0.013050), Rotation(pitch=0.183158, yaw=-0.003632, roll=-0.000031))
Transform(Location(x=194.639618, y=-193.899765, z=-0.013050), Rotation(pitch=0.183315, yaw=-0.003632, roll=0.000000))
Transform(Location(x=194.780914, y=-193.899765, z=-0.013049), Rotation(pitch=0.183438, yaw=-0.003632, roll=0.000000))
Transform(Location(x=194.913925, y=-193.899765, z=-0.013049), Rotation(pitch=0.183568, yaw=-0.003632, roll=0.000000))
Transform(Location(x=195.038849, y=-193.899765, z=-0.013049), Rotation(pitch=0.183568, yaw=-0.003632, roll=0.000000))
Transform(Location(x=195.176697, y=-193.899765, z=-0.013049), Rotation(pitch=0.183794, yaw=-0.003632, roll=0.000000))
Transform(Location(x=195.344116, y=-193.899765, z=-0.013049), Rotation(pitch=0.183930, yaw=-0.003632, roll=-0.000000))
Transform(Location(x=195.615555, y=-193.899765, z=-0.013048), Rotation(pitch=0.184115, yaw=-0.003571, roll=0.000013))
Transform(Location(x=195.746231, y=-193.899765, z=-0.013048), Rotation(pitch=0.184203, yaw=-0.002197, roll=0.000362))
Transform(Location(x=195.880203, y=-193.899765, z=-0.013048), Rotation(pitch=0.184299, yaw=0.001318, roll=0.001399))
Transform(Location(x=196.028214, y=-193.899719, z=-0.013048), Rotation(pitch=0.184401, yaw=0.008565, roll=0.003809))
Transform(Location(x=196.278763, y=-193.899628, z=-0.013048), Rotation(pitch=0.184559, yaw=0.029363, roll=0.011799))
Transform(Location(x=196.410049, y=-193.899506, z=-0.013048), Rotation(pitch=0.184647, yaw=0.046474, roll=0.018860))
Transform(Location(x=196.546829, y=-193.899338, z=-0.013048), Rotation(pitch=0.184743, yaw=0.070508, roll=0.029213))
Transform(Location(x=196.667969, y=-193.899139, z=-0.013048), Rotation(pitch=0.184804, yaw=0.094801, roll=0.040523))
Transform(Location(x=196.934570, y=-193.898468, z=-0.013047), Rotation(pitch=0.184955, yaw=0.166774, roll=0.075909))
Transform(Location(x=197.060623, y=-193.898026, z=-0.013045), Rotation(pitch=0.186703, yaw=0.210399, roll=0.097965))
Transform(Location(x=197.204788, y=-193.897354, z=-0.013026), Rotation(pitch=0.199749, yaw=0.269499, roll=0.128542))
Transform(Location(x=197.331848, y=-193.896652, z=-0.013014), Rotation(pitch=0.208082, yaw=0.328730, roll=0.159813))
Transform(Location(x=197.619995, y=-193.894501, z=-0.013002), Rotation(pitch=0.215588, yaw=0.485120, roll=0.247454))
Transform(Location(x=197.758652, y=-193.893204, z=-0.013002), Rotation(pitch=0.215370, yaw=0.571582, roll=0.296784))
Transform(Location(x=197.888748, y=-193.891754, z=-0.013003), Rotation(pitch=0.213922, yaw=0.660859, roll=0.347448))
Transform(Location(x=198.025848, y=-193.889999, z=-0.013005), Rotation(pitch=0.211531, yaw=0.762983, roll=0.405732))
Transform(Location(x=198.276733, y=-193.886124, z=-0.013011), Rotation(pitch=0.206169, yaw=0.966951, roll=0.522191))
Transform(Location(x=198.399094, y=-193.883896, z=-0.013013), Rotation(pitch=0.203389, yaw=1.072552, roll=0.582691))
Transform(Location(x=198.530304, y=-193.881241, z=-0.013015), Rotation(pitch=0.200432, yaw=1.193676, roll=0.650992))
Transform(Location(x=198.655273, y=-193.878448, z=-0.013017), Rotation(pitch=0.197912, yaw=1.315997, roll=0.718514))
Transform(Location(x=198.951523, y=-193.870682, z=-0.013019), Rotation(pitch=0.192912, yaw=1.627134, roll=0.888513))
Transform(Location(x=199.073334, y=-193.867004, z=-0.013019), Rotation(pitch=0.191061, yaw=1.762889, roll=0.959380))
Transform(Location(x=199.212952, y=-193.862411, z=-0.013020), Rotation(pitch=0.189005, yaw=1.925687, roll=1.042868))
Transform(Location(x=199.338867, y=-193.857910, z=-0.013020), Rotation(pitch=0.187243, yaw=2.077954, roll=1.118385))
Transform(Location(x=199.495758, y=-193.851837, z=-0.013020), Rotation(pitch=0.185105, yaw=2.274779, roll=1.214723))
Transform(Location(x=199.630783, y=-193.846146, z=-0.013020), Rotation(pitch=0.183438, yaw=2.449492, roll=1.296574))
Transform(Location(x=199.897141, y=-193.833725, z=-0.013020), Rotation(pitch=0.180563, yaw=2.803614, roll=1.455198))
Transform(Location(x=200.029526, y=-193.826904, z=-0.013020), Rotation(pitch=0.179333, yaw=2.986692, roll=1.532526))
Transform(Location(x=200.158798, y=-193.819855, z=-0.013020), Rotation(pitch=0.178275, yaw=3.170290, roll=1.606886))
Transform(Location(x=200.311813, y=-193.810928, z=-0.013020), Rotation(pitch=0.177175, yaw=3.393183, roll=1.694340))
Transform(Location(x=200.562744, y=-193.794998, z=-0.013020), Rotation(pitch=0.175748, yaw=3.768478, roll=1.830710))
Transform(Location(x=200.702774, y=-193.785385, z=-0.013021), Rotation(pitch=0.175140, yaw=3.981954, roll=1.904001))
Transform(Location(x=200.842865, y=-193.775223, z=-0.013022), Rotation(pitch=0.174634, yaw=4.200035, roll=1.975090))
Transform(Location(x=200.975174, y=-193.765152, z=-0.013022), Rotation(pitch=0.174252, yaw=4.409687, roll=2.039858))
Transform(Location(x=201.223602, y=-193.744919, z=-0.013025), Rotation(pitch=0.173781, yaw=4.811034, roll=2.155092))
Transform(Location(x=201.357635, y=-193.733261, z=-0.013026), Rotation(pitch=0.173651, yaw=5.031512, roll=2.214231))
Transform(Location(x=201.477814, y=-193.722366, z=-0.013027), Rotation(pitch=0.173589, yaw=5.231625, roll=2.265000))
Transform(Location(x=201.597672, y=-193.711075, z=-0.013029), Rotation(pitch=0.173576, yaw=5.433301, roll=2.313844))
Transform(Location(x=201.870621, y=-193.683746, z=-0.013032), Rotation(pitch=0.173712, yaw=5.899051, roll=2.419142))
Transform(Location(x=202.006104, y=-193.669357, z=-0.013033), Rotation(pitch=0.173856, yaw=6.133336, roll=2.467803))
Transform(Location(x=202.141983, y=-193.654373, z=-0.013035), Rotation(pitch=0.174026, yaw=6.370582, roll=2.514392))
Transform(Location(x=202.265350, y=-193.640274, z=-0.013037), Rotation(pitch=0.174190, yaw=6.587689, roll=2.554542))
Transform(Location(x=202.530151, y=-193.608398, z=-0.013040), Rotation(pitch=0.174696, yaw=7.058495, roll=2.635121))
Transform(Location(x=202.670425, y=-193.590607, z=-0.013042), Rotation(pitch=0.174983, yaw=7.310373, roll=2.674715))
Transform(Location(x=202.800247, y=-193.573593, z=-0.013043), Rotation(pitch=0.175269, yaw=7.545100, roll=2.709334))
Transform(Location(x=202.933624, y=-193.555557, z=-0.013045), Rotation(pitch=0.175570, yaw=7.787756, roll=2.743181))
Transform(Location(x=203.061035, y=-193.537796, z=-0.013046), Rotation(pitch=0.175871, yaw=8.020835, roll=2.773796))
Transform(Location(x=203.323410, y=-193.499527, z=-0.013049), Rotation(pitch=0.176540, yaw=8.503551, roll=2.831943))
Transform(Location(x=203.467697, y=-193.477539, z=-0.013050), Rotation(pitch=0.176909, yaw=8.771094, roll=2.861472))
Transform(Location(x=203.619583, y=-193.453613, z=-0.013051), Rotation(pitch=0.177291, yaw=9.054328, roll=2.890807))
Transform(Location(x=203.743118, y=-193.433624, z=-0.013052), Rotation(pitch=0.177578, yaw=9.285649, roll=2.913002))
Transform(Location(x=203.894852, y=-193.408340, z=-0.013052), Rotation(pitch=0.177974, yaw=9.571045, roll=2.939057))
Transform(Location(x=204.025589, y=-193.385956, z=-0.013053), Rotation(pitch=0.178275, yaw=9.817859, roll=2.959952))
Transform(Location(x=204.317062, y=-193.333923, z=-0.013053), Rotation(pitch=0.178971, yaw=10.370900, roll=3.002679))
Transform(Location(x=204.449493, y=-193.309326, z=-0.013054), Rotation(pitch=0.179272, yaw=10.623307, roll=3.020146))
Transform(Location(x=204.576309, y=-193.285217, z=-0.013054), Rotation(pitch=0.179552, yaw=10.865714, roll=3.035865))
Transform(Location(x=204.700134, y=-193.261154, z=-0.013054), Rotation(pitch=0.179832, yaw=11.103060, roll=3.050334))
Transform(Location(x=204.997559, y=-193.201111, z=-0.013053), Rotation(pitch=0.180495, yaw=11.675364, roll=3.082149))
Transform(Location(x=205.132294, y=-193.172913, z=-0.013053), Rotation(pitch=0.180761, yaw=11.935507, roll=3.094983))
Transform(Location(x=205.274078, y=-193.142532, z=-0.013052), Rotation(pitch=0.181027, yaw=12.209767, roll=3.107602))
Transform(Location(x=205.411514, y=-193.112396, z=-0.013052), Rotation(pitch=0.181287, yaw=12.476377, roll=3.118980))
Transform(Location(x=205.574707, y=-193.075745, z=-0.013051), Rotation(pitch=0.181581, yaw=12.793774, roll=3.131652))
Transform(Location(x=205.707047, y=-193.045349, z=-0.013051), Rotation(pitch=0.181785, yaw=13.051742, roll=3.141023))
Transform(Location(x=205.834778, y=-193.015427, z=-0.013050), Rotation(pitch=0.181984, yaw=13.301131, roll=3.149442))
Transform(Location(x=206.100021, y=-192.951416, z=-0.013049), Rotation(pitch=0.182393, yaw=13.820416, roll=3.165209))
Transform(Location(x=206.228180, y=-192.919586, z=-0.013048), Rotation(pitch=0.182585, yaw=14.072039, roll=3.172021))
Transform(Location(x=206.359695, y=-192.886292, z=-0.013047), Rotation(pitch=0.182776, yaw=14.330718, roll=3.178543))
Transform(Location(x=206.491653, y=-192.852219, z=-0.013046), Rotation(pitch=0.182953, yaw=14.590656, roll=3.184621))
Transform(Location(x=206.613953, y=-192.820114, z=-0.013046), Rotation(pitch=0.183117, yaw=14.831965, roll=3.189831))
Transform(Location(x=206.757004, y=-192.781815, z=-0.013045), Rotation(pitch=0.183281, yaw=15.114588, roll=3.195518))
Transform(Location(x=207.007339, y=-192.713028, z=-0.013043), Rotation(pitch=0.183575, yaw=15.610265, roll=3.204258))
Transform(Location(x=207.134293, y=-192.677216, z=-0.013042), Rotation(pitch=0.183705, yaw=15.862181, roll=3.208191))
Transform(Location(x=207.279449, y=-192.635559, z=-0.013042), Rotation(pitch=0.183855, yaw=16.150713, roll=3.212336))
Transform(Location(x=207.436676, y=-192.589523, z=-0.013041), Rotation(pitch=0.183985, yaw=16.463684, roll=3.216407))
Transform(Location(x=207.684952, y=-192.514999, z=-0.013039), Rotation(pitch=0.184156, yaw=16.959032, roll=3.221877))
Transform(Location(x=207.834549, y=-192.468903, z=-0.013038), Rotation(pitch=0.184265, yaw=17.258173, roll=3.224743))
Transform(Location(x=207.986435, y=-192.421249, z=-0.013038), Rotation(pitch=0.184347, yaw=17.562370, roll=3.227322))
Transform(Location(x=208.139938, y=-192.372147, z=-0.013037), Rotation(pitch=0.184422, yaw=17.870277, roll=3.229606))
Transform(Location(x=208.270370, y=-192.329742, z=-0.013036), Rotation(pitch=0.184470, yaw=18.132275, roll=3.231289))
Transform(Location(x=208.405991, y=-192.284958, z=-0.013036), Rotation(pitch=0.184531, yaw=18.405018, roll=3.232806))
Transform(Location(x=208.541016, y=-192.239639, z=-0.013035), Rotation(pitch=0.184593, yaw=18.676914, roll=3.234099))
Transform(Location(x=208.667908, y=-192.196442, z=-0.013034), Rotation(pitch=0.184647, yaw=18.932795, roll=3.235132))
Transform(Location(x=208.922104, y=-192.107986, z=-0.013033), Rotation(pitch=0.184777, yaw=19.446569, roll=3.236736))
Transform(Location(x=209.058670, y=-192.059387, z=-0.013033), Rotation(pitch=0.184832, yaw=19.723240, roll=3.237375))
Transform(Location(x=209.183411, y=-192.014359, z=-0.013032), Rotation(pitch=0.184873, yaw=19.976332, roll=3.237845))
Transform(Location(x=209.312012, y=-191.967255, z=-0.013032), Rotation(pitch=0.184921, yaw=20.237711, roll=3.238223))
Transform(Location(x=209.435410, y=-191.921463, z=-0.013031), Rotation(pitch=0.184968, yaw=20.488853, roll=3.238499))
Transform(Location(x=209.592712, y=-191.862106, z=-0.013031), Rotation(pitch=0.185016, yaw=20.809664, roll=3.238741))
Transform(Location(x=209.739182, y=-191.805969, z=-0.013030), Rotation(pitch=0.185037, yaw=21.108936, roll=3.238872))
Transform(Location(x=209.906570, y=-191.740692, z=-0.013030), Rotation(pitch=0.185043, yaw=21.451595, roll=3.238895))
Transform(Location(x=210.033447, y=-191.690506, z=-0.013030), Rotation(pitch=0.185037, yaw=21.711672, roll=3.238824))
Transform(Location(x=210.318298, y=-191.575348, z=-0.013029), Rotation(pitch=0.185050, yaw=22.297079, roll=3.238432))
Transform(Location(x=210.445404, y=-191.522888, z=-0.013029), Rotation(pitch=0.185064, yaw=22.558954, roll=3.238169))
Transform(Location(x=210.565994, y=-191.472488, z=-0.013029), Rotation(pitch=0.185078, yaw=22.807886, roll=3.237882))
Transform(Location(x=210.673721, y=-191.426956, z=-0.013028), Rotation(pitch=0.185098, yaw=23.030642, roll=3.237608))
Transform(Location(x=210.919235, y=-191.321304, z=-0.013028), Rotation(pitch=0.185166, yaw=23.539658, roll=3.236927))
Transform(Location(x=211.046265, y=-191.265625, z=-0.013027), Rotation(pitch=0.185194, yaw=23.803835, roll=3.236562))
Transform(Location(x=211.173309, y=-191.209213, z=-0.013027), Rotation(pitch=0.185221, yaw=24.068579, roll=3.236197))
Transform(Location(x=211.291809, y=-191.155975, z=-0.013027), Rotation(pitch=0.185242, yaw=24.316031, roll=3.235867))
Transform(Location(x=211.524506, y=-191.049637, z=-0.013027), Rotation(pitch=0.185283, yaw=24.803303, roll=3.235246))
Transform(Location(x=211.654510, y=-190.989182, z=-0.013026), Rotation(pitch=0.185303, yaw=25.076296, roll=3.234912))
Transform(Location(x=211.788742, y=-190.925934, z=-0.013026), Rotation(pitch=0.185317, yaw=25.358875, roll=3.234582))
Transform(Location(x=211.916428, y=-190.865051, z=-0.013026), Rotation(pitch=0.185317, yaw=25.628181, roll=3.234277))
Transform(Location(x=212.042725, y=-190.804123, z=-0.013026), Rotation(pitch=0.185303, yaw=25.895140, roll=3.233988))
Transform(Location(x=212.275208, y=-190.690033, z=-0.013026), Rotation(pitch=0.185303, yaw=26.388105, roll=3.233483))
Transform(Location(x=212.408630, y=-190.623398, z=-0.013026), Rotation(pitch=0.185303, yaw=26.671953, roll=3.233210))
Transform(Location(x=212.537216, y=-190.558411, z=-0.013025), Rotation(pitch=0.185296, yaw=26.946253, roll=3.232963))
Transform(Location(x=212.669846, y=-190.490555, z=-0.013025), Rotation(pitch=0.185289, yaw=27.229750, roll=3.232719))
Transform(Location(x=212.788300, y=-190.429291, z=-0.013025), Rotation(pitch=0.185283, yaw=27.483541, roll=3.232503))
Transform(Location(x=212.901932, y=-190.369873, z=-0.013025), Rotation(pitch=0.185269, yaw=27.727543, roll=3.232301))
Transform(Location(x=213.020035, y=-190.307480, z=-0.013025), Rotation(pitch=0.185269, yaw=27.981705, roll=3.232095))
Transform(Location(x=213.269760, y=-190.173264, z=-0.013025), Rotation(pitch=0.185262, yaw=28.521162, roll=3.231683))
Transform(Location(x=213.390869, y=-190.107086, z=-0.013025), Rotation(pitch=0.185255, yaw=28.783768, roll=3.231493))
Transform(Location(x=213.498489, y=-190.047684, z=-0.013025), Rotation(pitch=0.185255, yaw=29.017593, roll=3.231323))
Transform(Location(x=213.733780, y=-189.915817, z=-0.013025), Rotation(pitch=0.185248, yaw=29.530622, roll=3.230951))
Transform(Location(x=213.841690, y=-189.854416, z=-0.013025), Rotation(pitch=0.185255, yaw=29.766796, roll=3.230788))
Transform(Location(x=213.957977, y=-189.787552, z=-0.013025), Rotation(pitch=0.185262, yaw=30.021965, roll=3.230621))
Transform(Location(x=214.076187, y=-189.718887, z=-0.013025), Rotation(pitch=0.185262, yaw=30.281984, roll=3.230461))
Transform(Location(x=214.184448, y=-189.655380, z=-0.013025), Rotation(pitch=0.185262, yaw=30.520754, roll=3.230322))
Transform(Location(x=214.447052, y=-189.498734, z=-0.013025), Rotation(pitch=0.185235, yaw=31.102457, roll=3.230019))
Transform(Location(x=214.447052, y=-189.498734, z=-0.013025), Rotation(pitch=0.185235, yaw=31.102457, roll=3.230019))
Transform(Location(x=214.700958, y=-189.343765, z=-0.013025), Rotation(pitch=0.185187, yaw=31.668240, roll=3.229758))
Transform(Location(x=214.811630, y=-189.275192, z=-0.013025), Rotation(pitch=0.185173, yaw=31.915840, roll=3.229634))
Transform(Location(x=214.920639, y=-189.206955, z=-0.013025), Rotation(pitch=0.185166, yaw=32.160343, roll=3.229497))
Transform(Location(x=215.034393, y=-189.135086, z=-0.013025), Rotation(pitch=0.185166, yaw=32.416077, roll=3.229342))
Transform(Location(x=215.274384, y=-188.981049, z=-0.013025), Rotation(pitch=0.185173, yaw=32.958126, roll=3.228981))
Transform(Location(x=215.391525, y=-188.904724, z=-0.013025), Rotation(pitch=0.185166, yaw=33.223858, roll=3.228801))
Transform(Location(x=215.498016, y=-188.834671, z=-0.013025), Rotation(pitch=0.185160, yaw=33.466164, roll=3.228631))
Transform(Location(x=215.601456, y=-188.766006, z=-0.013025), Rotation(pitch=0.185160, yaw=33.702129, roll=3.228463))
Transform(Location(x=215.830795, y=-188.611526, z=-0.013025), Rotation(pitch=0.185166, yaw=34.227692, roll=3.228077))
Transform(Location(x=215.830795, y=-188.611526, z=-0.013025), Rotation(pitch=0.185166, yaw=34.227692, roll=3.228077))
Transform(Location(x=216.085617, y=-188.436188, z=-0.013025), Rotation(pitch=0.185139, yaw=34.815544, roll=3.227667))
Transform(Location(x=216.217804, y=-188.343719, z=-0.013025), Rotation(pitch=0.185125, yaw=35.122070, roll=3.227460))
Transform(Location(x=216.356262, y=-188.245682, z=-0.013025), Rotation(pitch=0.185091, yaw=35.444469, roll=3.227247))
Transform(Location(x=216.490601, y=-188.149475, z=-0.013025), Rotation(pitch=0.185050, yaw=35.758343, roll=3.227026))
Transform(Location(x=216.624390, y=-188.052490, z=-0.013026), Rotation(pitch=0.185016, yaw=36.072216, roll=3.226796))
Transform(Location(x=216.753860, y=-187.957626, z=-0.013026), Rotation(pitch=0.184982, yaw=36.377060, roll=3.226566))
Transform(Location(x=216.877625, y=-187.865921, z=-0.013026), Rotation(pitch=0.184962, yaw=36.669601, roll=3.226337))
Transform(Location(x=217.015808, y=-187.762360, z=-0.013026), Rotation(pitch=0.184934, yaw=36.997402, roll=3.226055))
Transform(Location(x=217.137238, y=-187.670364, z=-0.013026), Rotation(pitch=0.184921, yaw=37.286583, roll=3.225797))
Transform(Location(x=217.265579, y=-187.572067, z=-0.013026), Rotation(pitch=0.184907, yaw=37.593452, roll=3.225516))
Transform(Location(x=217.372040, y=-187.489685, z=-0.013026), Rotation(pitch=0.184907, yaw=37.848953, roll=3.225281))
Transform(Location(x=217.492706, y=-187.395401, z=-0.013026), Rotation(pitch=0.184914, yaw=38.139679, roll=3.225010))
Transform(Location(x=217.606339, y=-187.305740, z=-0.013026), Rotation(pitch=0.184934, yaw=38.414444, roll=3.224759))
Transform(Location(x=217.723633, y=-187.212234, z=-0.013026), Rotation(pitch=0.184948, yaw=38.699120, roll=3.224509))
Transform(Location(x=217.825699, y=-187.130112, z=-0.013026), Rotation(pitch=0.184962, yaw=38.947773, roll=3.224300))
Transform(Location(x=218.046753, y=-186.949661, z=-0.013026), Rotation(pitch=0.185002, yaw=39.489555, roll=3.223912))
Transform(Location(x=218.155197, y=-186.859863, z=-0.013026), Rotation(pitch=0.185030, yaw=39.756943, roll=3.223766))
Transform(Location(x=218.257965, y=-186.773987, z=-0.013025), Rotation(pitch=0.185043, yaw=40.011379, roll=3.223661))
Transform(Location(x=218.366974, y=-186.682022, z=-0.013026), Rotation(pitch=0.185071, yaw=40.282276, roll=3.223587))
Transform(Location(x=218.594116, y=-186.487534, z=-0.013025), Rotation(pitch=0.185098, yaw=40.850380, roll=3.223534))
Transform(Location(x=218.594116, y=-186.487534, z=-0.013025), Rotation(pitch=0.185098, yaw=40.850380, roll=3.223534))
Transform(Location(x=218.754578, y=-186.347763, z=-0.013025), Rotation(pitch=0.185105, yaw=41.254681, roll=3.223566))
Transform(Location(x=218.882874, y=-186.234528, z=-0.013025), Rotation(pitch=0.185105, yaw=41.579765, roll=3.223632))
Transform(Location(x=218.994736, y=-186.134781, z=-0.013025), Rotation(pitch=0.185091, yaw=41.864574, roll=3.223712))
Transform(Location(x=219.103943, y=-186.036438, z=-0.013025), Rotation(pitch=0.185091, yaw=42.143749, roll=3.223802))
Transform(Location(x=219.232513, y=-185.919327, z=-0.013025), Rotation(pitch=0.185071, yaw=42.474243, roll=3.223934))
Transform(Location(x=219.331772, y=-185.828079, z=-0.013025), Rotation(pitch=0.185057, yaw=42.730431, roll=3.224047))
Transform(Location(x=219.558670, y=-185.616211, z=-0.013025), Rotation(pitch=0.185043, yaw=43.320320, roll=3.224344))
Transform(Location(x=219.558670, y=-185.616211, z=-0.013025), Rotation(pitch=0.185043, yaw=43.320320, roll=3.224344))
Transform(Location(x=219.672028, y=-185.508728, z=-0.013025), Rotation(pitch=0.185037, yaw=43.617054, roll=3.224487))
Transform(Location(x=219.783356, y=-185.402069, z=-0.013025), Rotation(pitch=0.185037, yaw=43.909939, roll=3.224615))
Transform(Location(x=220.011032, y=-185.180466, z=-0.013025), Rotation(pitch=0.185016, yaw=44.513416, roll=3.224833))
Transform(Location(x=220.127502, y=-185.065262, z=-0.013025), Rotation(pitch=0.185009, yaw=44.824547, roll=3.224910))
Transform(Location(x=220.241226, y=-184.951584, z=-0.013025), Rotation(pitch=0.185002, yaw=45.130001, roll=3.224950))
Transform(Location(x=220.241226, y=-184.951584, z=-0.013025), Rotation(pitch=0.185002, yaw=45.130001, roll=3.224950))
Transform(Location(x=220.381042, y=-184.810074, z=-0.013026), Rotation(pitch=0.184975, yaw=45.507832, roll=3.224967))
Transform(Location(x=220.491837, y=-184.696655, z=-0.013026), Rotation(pitch=0.184941, yaw=45.808868, roll=3.224943))
Transform(Location(x=220.614777, y=-184.569366, z=-0.013026), Rotation(pitch=0.184921, yaw=46.144836, roll=3.224888))
Transform(Location(x=220.720917, y=-184.458313, z=-0.013026), Rotation(pitch=0.184907, yaw=46.436451, roll=3.224808))
Transform(Location(x=220.846893, y=-184.324951, z=-0.013026), Rotation(pitch=0.184900, yaw=46.784664, roll=3.224680))
Transform(Location(x=220.948624, y=-184.216125, z=-0.013026), Rotation(pitch=0.184893, yaw=47.067467, roll=3.224565))
Transform(Location(x=221.055206, y=-184.100906, z=-0.013026), Rotation(pitch=0.184900, yaw=47.365406, roll=3.224430))
Transform(Location(x=221.260437, y=-183.875641, z=-0.013026), Rotation(pitch=0.184941, yaw=47.943909, roll=3.224151))
Transform(Location(x=221.366104, y=-183.757843, z=-0.013026), Rotation(pitch=0.184962, yaw=48.244347, roll=3.224021))
Transform(Location(x=221.468933, y=-183.642014, z=-0.013026), Rotation(pitch=0.184982, yaw=48.538445, roll=3.223912))
Transform(Location(x=221.567078, y=-183.530350, z=-0.013026), Rotation(pitch=0.184996, yaw=48.820732, roll=3.223823))
Transform(Location(x=221.670517, y=-183.411423, z=-0.013026), Rotation(pitch=0.185030, yaw=49.120102, roll=3.223751))
Transform(Location(x=221.784760, y=-183.278595, z=-0.013026), Rotation(pitch=0.185037, yaw=49.452888, roll=3.223694))
Transform(Location(x=221.894745, y=-183.149231, z=-0.013026), Rotation(pitch=0.185037, yaw=49.775311, roll=3.223662))
Transform(Location(x=221.998489, y=-183.025848, z=-0.013026), Rotation(pitch=0.185030, yaw=50.081497, roll=3.223657))
Transform(Location(x=222.099579, y=-182.904312, z=-0.013026), Rotation(pitch=0.185030, yaw=50.381771, roll=3.223668))
Transform(Location(x=222.227264, y=-182.748856, z=-0.013025), Rotation(pitch=0.185030, yaw=50.763870, roll=3.223713))
Transform(Location(x=222.332947, y=-182.618652, z=-0.013026), Rotation(pitch=0.184996, yaw=51.082321, roll=3.223753))
Transform(Location(x=222.437851, y=-182.487900, z=-0.013026), Rotation(pitch=0.184982, yaw=51.400635, roll=3.223794))
Transform(Location(x=222.538605, y=-182.360901, z=-0.013026), Rotation(pitch=0.184975, yaw=51.708500, roll=3.223832))
Transform(Location(x=222.538605, y=-182.360901, z=-0.013026), Rotation(pitch=0.184975, yaw=51.708500, roll=3.223832))
Transform(Location(x=222.641052, y=-182.230331, z=-0.013026), Rotation(pitch=0.184982, yaw=52.023556, roll=3.223862))
Transform(Location(x=222.754044, y=-182.084610, z=-0.013026), Rotation(pitch=0.184982, yaw=52.373688, roll=3.223900))
Transform(Location(x=222.855057, y=-181.952713, z=-0.013025), Rotation(pitch=0.184975, yaw=52.689114, roll=3.223928))
Transform(Location(x=222.950424, y=-181.826828, z=-0.013026), Rotation(pitch=0.184975, yaw=52.988998, roll=3.223958))
Transform(Location(x=223.064392, y=-181.674515, z=-0.013026), Rotation(pitch=0.184982, yaw=53.350197, roll=3.223986))
Transform(Location(x=223.167236, y=-181.535370, z=-0.013026), Rotation(pitch=0.184975, yaw=53.678703, roll=3.224005))
Transform(Location(x=223.260345, y=-181.407990, z=-0.013025), Rotation(pitch=0.184968, yaw=53.978329, roll=3.224014))
Transform(Location(x=223.353180, y=-181.279526, z=-0.013026), Rotation(pitch=0.184982, yaw=54.279247, roll=3.224028))
Transform(Location(x=223.449036, y=-181.145432, z=-0.013026), Rotation(pitch=0.185002, yaw=54.592262, roll=3.224044))
Transform(Location(x=223.546707, y=-181.007126, z=-0.013026), Rotation(pitch=0.185016, yaw=54.913845, roll=3.224078))
Transform(Location(x=223.636810, y=-180.878098, z=-0.013025), Rotation(pitch=0.185030, yaw=55.212753, roll=3.224126))
Transform(Location(x=223.727188, y=-180.747238, z=-0.013026), Rotation(pitch=0.185050, yaw=55.514900, roll=3.224195))
Transform(Location(x=223.839386, y=-180.582535, z=-0.013025), Rotation(pitch=0.185064, yaw=55.893345, roll=3.224254))
Transform(Location(x=223.937668, y=-180.436401, z=-0.013025), Rotation(pitch=0.185057, yaw=56.226566, roll=3.224000))
Transform(Location(x=224.032333, y=-180.293900, z=-0.013026), Rotation(pitch=0.185064, yaw=56.548195, roll=3.223070))
Transform(Location(x=224.129135, y=-180.146408, z=-0.013026), Rotation(pitch=0.185098, yaw=56.876564, roll=3.220869))
Transform(Location(x=224.220398, y=-180.005646, z=-0.013027), Rotation(pitch=0.185146, yaw=57.184830, roll=3.217125))
Transform(Location(x=224.308960, y=-179.867462, z=-0.013028), Rotation(pitch=0.185221, yaw=57.481796, roll=3.211353))
Transform(Location(x=224.411575, y=-179.705353, z=-0.013030), Rotation(pitch=0.185317, yaw=57.822254, roll=3.201060))
Transform(Location(x=224.502304, y=-179.560287, z=-0.013032), Rotation(pitch=0.185399, yaw=58.119545, roll=3.188520))
Transform(Location(x=224.589951, y=-179.418533, z=-0.013035), Rotation(pitch=0.185508, yaw=58.402718, roll=3.172647))
Transform(Location(x=224.678452, y=-179.273849, z=-0.013038), Rotation(pitch=0.185645, yaw=58.683998, roll=3.152325))
Transform(Location(x=224.767639, y=-179.126358, z=-0.013041), Rotation(pitch=0.185795, yaw=58.962616, roll=3.127124))
Transform(Location(x=224.865463, y=-178.962677, z=-0.013045), Rotation(pitch=0.185966, yaw=59.262066, roll=3.093349))
Transform(Location(x=224.865463, y=-178.962677, z=-0.013045), Rotation(pitch=0.185966, yaw=59.262066, roll=3.093349))
Transform(Location(x=224.966476, y=-178.791580, z=-0.013049), Rotation(pitch=0.186129, yaw=59.564178, roll=3.051796))
Transform(Location(x=225.052902, y=-178.643707, z=-0.013053), Rotation(pitch=0.186293, yaw=59.816849, roll=3.011794))
Transform(Location(x=225.147751, y=-178.479599, z=-0.013056), Rotation(pitch=0.186471, yaw=60.087624, roll=2.961805))
Transform(Location(x=225.227341, y=-178.340607, z=-0.013058), Rotation(pitch=0.186628, yaw=60.309898, roll=2.916541))
Transform(Location(x=225.303452, y=-178.206497, z=-0.013060), Rotation(pitch=0.186765, yaw=60.520447, roll=2.870648))
Transform(Location(x=225.394287, y=-178.044846, z=-0.013062), Rotation(pitch=0.186976, yaw=60.764496, roll=2.810707))
Transform(Location(x=225.500565, y=-177.853897, z=-0.013063), Rotation(pitch=0.187181, yaw=61.041847, roll=2.737548))
Transform(Location(x=225.585724, y=-177.699249, z=-0.013064), Rotation(pitch=0.187359, yaw=61.257587, roll=2.674483))
Transform(Location(x=225.666458, y=-177.551361, z=-0.013063), Rotation(pitch=0.187489, yaw=61.457130, roll=2.612798))
Transform(Location(x=225.746521, y=-177.403549, z=-0.013063), Rotation(pitch=0.187591, yaw=61.650417, roll=2.550012))
Transform(Location(x=225.821854, y=-177.263412, z=-0.013061), Rotation(pitch=0.187687, yaw=61.828548, roll=2.490207))
Transform(Location(x=225.901154, y=-177.114761, z=-0.013060), Rotation(pitch=0.187748, yaw=62.012218, roll=2.426248))
Transform(Location(x=225.901154, y=-177.114761, z=-0.013060), Rotation(pitch=0.187748, yaw=62.012218, roll=2.426248))
Transform(Location(x=225.998367, y=-176.931046, z=-0.013057), Rotation(pitch=0.187796, yaw=62.232910, roll=2.349027))
Transform(Location(x=226.073532, y=-176.787811, z=-0.013054), Rotation(pitch=0.187844, yaw=62.399879, roll=2.288841))
Transform(Location(x=226.147324, y=-176.646194, z=-0.013051), Rotation(pitch=0.187844, yaw=62.560833, roll=2.230413))
Transform(Location(x=226.225861, y=-176.494431, z=-0.013048), Rotation(pitch=0.187817, yaw=62.729050, roll=2.168883))
Transform(Location(x=226.316376, y=-176.318039, z=-0.013045), Rotation(pitch=0.187748, yaw=62.919373, roll=2.098721))
Transform(Location(x=226.396896, y=-176.160049, z=-0.013041), Rotation(pitch=0.187653, yaw=63.085678, roll=2.039055))
Transform(Location(x=226.479294, y=-175.997131, z=-0.013038), Rotation(pitch=0.187530, yaw=63.253197, roll=1.980023))
Transform(Location(x=226.552460, y=-175.851532, z=-0.013035), Rotation(pitch=0.187434, yaw=63.399799, roll=1.930197))
Transform(Location(x=226.627319, y=-175.701584, z=-0.013032), Rotation(pitch=0.187332, yaw=63.547871, roll=1.881166))
Transform(Location(x=226.701401, y=-175.552277, z=-0.013030), Rotation(pitch=0.187229, yaw=63.692616, roll=1.834849))
Transform(Location(x=226.772400, y=-175.408295, z=-0.013027), Rotation(pitch=0.187134, yaw=63.829823, roll=1.792643))
Transform(Location(x=226.847168, y=-175.255753, z=-0.013025), Rotation(pitch=0.187017, yaw=63.972736, roll=1.750201))
Transform(Location(x=226.919586, y=-175.107040, z=-0.013024), Rotation(pitch=0.186922, yaw=64.109955, roll=1.711316))
Transform(Location(x=226.987366, y=-174.967102, z=-0.013022), Rotation(pitch=0.186826, yaw=64.237267, roll=1.676990))
Transform(Location(x=227.059860, y=-174.816498, z=-0.013021), Rotation(pitch=0.186731, yaw=64.372406, roll=1.642058))
Transform(Location(x=227.127029, y=-174.676163, z=-0.013020), Rotation(pitch=0.186642, yaw=64.496742, roll=1.611670))
Transform(Location(x=227.203613, y=-174.515106, z=-0.013019), Rotation(pitch=0.186532, yaw=64.637688, roll=1.578675))
Transform(Location(x=227.270828, y=-174.372971, z=-0.013019), Rotation(pitch=0.186437, yaw=64.760620, roll=1.551737))
Transform(Location(x=227.336227, y=-174.233917, z=-0.013019), Rotation(pitch=0.186355, yaw=64.879616, roll=1.527045))
Transform(Location(x=227.402771, y=-174.091675, z=-0.013019), Rotation(pitch=0.186287, yaw=65.000153, roll=1.503311))
Transform(Location(x=227.475662, y=-173.934845, z=-0.013019), Rotation(pitch=0.186198, yaw=65.131805, roll=1.478709))
Transform(Location(x=227.540970, y=-173.793564, z=-0.013020), Rotation(pitch=0.186129, yaw=65.249374, roll=1.458200))
Transform(Location(x=227.609268, y=-173.644958, z=-0.013020), Rotation(pitch=0.186068, yaw=65.371941, roll=1.437957))
Transform(Location(x=227.675995, y=-173.499054, z=-0.013021), Rotation(pitch=0.186000, yaw=65.491348, roll=1.419422))
Transform(Location(x=227.746506, y=-173.343887, z=-0.013022), Rotation(pitch=0.185938, yaw=65.617371, roll=1.400964))
Transform(Location(x=227.812790, y=-173.197205, z=-0.013022), Rotation(pitch=0.185877, yaw=65.735725, roll=1.384794))
Transform(Location(x=227.891602, y=-173.021774, z=-0.013024), Rotation(pitch=0.185808, yaw=65.876244, roll=1.366622))
Transform(Location(x=227.958450, y=-172.872040, z=-0.013025), Rotation(pitch=0.185740, yaw=65.995483, roll=1.352492))
Transform(Location(x=228.023087, y=-172.726486, z=-0.013026), Rotation(pitch=0.185686, yaw=66.110832, roll=1.339736))
Transform(Location(x=228.090836, y=-172.572998, z=-0.013027), Rotation(pitch=0.185651, yaw=66.231766, roll=1.327196))
Transform(Location(x=228.161652, y=-172.411636, z=-0.013028), Rotation(pitch=0.185617, yaw=66.358322, roll=1.314957))
Transform(Location(x=228.227509, y=-172.260757, z=-0.013029), Rotation(pitch=0.185583, yaw=66.476143, roll=1.304440))
Transform(Location(x=228.297745, y=-172.098801, z=-0.013030), Rotation(pitch=0.185556, yaw=66.602089, roll=1.293967))
Transform(Location(x=228.366455, y=-171.939468, z=-0.013031), Rotation(pitch=0.185528, yaw=66.725525, roll=1.284499))
Transform(Location(x=228.366455, y=-171.939468, z=-0.013031), Rotation(pitch=0.185528, yaw=66.725525, roll=1.284499))
Transform(Location(x=228.448120, y=-171.748917, z=-0.013032), Rotation(pitch=0.185522, yaw=66.872643, roll=1.274357))
Transform(Location(x=228.522293, y=-171.574554, z=-0.013033), Rotation(pitch=0.185528, yaw=67.006805, roll=1.265781))
Transform(Location(x=228.589279, y=-171.416168, z=-0.013034), Rotation(pitch=0.185515, yaw=67.128365, roll=1.258759))
Transform(Location(x=228.653183, y=-171.264175, z=-0.013034), Rotation(pitch=0.185508, yaw=67.244781, roll=1.252631))
Transform(Location(x=228.718048, y=-171.109039, z=-0.013035), Rotation(pitch=0.185508, yaw=67.363335, roll=1.246928))
Transform(Location(x=228.781418, y=-170.956543, z=-0.013036), Rotation(pitch=0.185515, yaw=67.479652, roll=1.241844))
Transform(Location(x=228.843887, y=-170.805420, z=-0.013036), Rotation(pitch=0.185522, yaw=67.594704, roll=1.237280))
Transform(Location(x=228.906281, y=-170.653549, z=-0.013037), Rotation(pitch=0.185528, yaw=67.710152, roll=1.233131))
Transform(Location(x=228.977570, y=-170.478928, z=-0.013037), Rotation(pitch=0.185535, yaw=67.842651, roll=1.228821))
Transform(Location(x=229.055878, y=-170.285919, z=-0.013038), Rotation(pitch=0.185542, yaw=67.988945, roll=1.224727))
Transform(Location(x=229.116211, y=-170.136169, z=-0.013039), Rotation(pitch=0.185576, yaw=68.102287, roll=1.221904))
Transform(Location(x=229.182861, y=-169.969681, z=-0.013039), Rotation(pitch=0.185604, yaw=68.228149, roll=1.219103))
Transform(Location(x=229.244812, y=-169.813995, z=-0.013039), Rotation(pitch=0.185610, yaw=68.345711, roll=1.216810))
Transform(Location(x=229.313095, y=-169.641251, z=-0.013040), Rotation(pitch=0.185617, yaw=68.476006, roll=1.214568))
Transform(Location(x=229.382980, y=-169.463318, z=-0.013040), Rotation(pitch=0.185604, yaw=68.610039, roll=1.212566))
Transform(Location(x=229.382980, y=-169.463318, z=-0.013040), Rotation(pitch=0.185604, yaw=68.610039, roll=1.212566))
Transform(Location(x=229.506653, y=-169.145477, z=-0.013041), Rotation(pitch=0.185583, yaw=68.849037, roll=1.209674))
Transform(Location(x=229.567764, y=-168.986908, z=-0.013041), Rotation(pitch=0.185590, yaw=68.968216, roll=1.208519))
Transform(Location(x=229.567764, y=-168.986908, z=-0.013041), Rotation(pitch=0.185590, yaw=68.968216, roll=1.208519))
Transform(Location(x=229.633438, y=-168.815384, z=-0.013041), Rotation(pitch=0.185604, yaw=69.096985, roll=1.207450))
Transform(Location(x=229.696121, y=-168.650589, z=-0.013041), Rotation(pitch=0.185604, yaw=69.220657, roll=1.206594))
Transform(Location(x=229.754807, y=-168.495361, z=-0.013041), Rotation(pitch=0.185617, yaw=69.336983, roll=1.205910))
Transform(Location(x=229.811752, y=-168.343811, z=-0.013042), Rotation(pitch=0.185638, yaw=69.450562, roll=1.205361))
Transform(Location(x=229.868317, y=-168.192276, z=-0.013042), Rotation(pitch=0.185665, yaw=69.564049, roll=1.204916))
Transform(Location(x=229.926270, y=-168.036194, z=-0.013042), Rotation(pitch=0.185699, yaw=69.680893, roll=1.204546))
Transform(Location(x=229.983536, y=-167.880936, z=-0.013042), Rotation(pitch=0.185733, yaw=69.797081, roll=1.204261))
Transform(Location(x=230.040283, y=-167.726044, z=-0.013042), Rotation(pitch=0.185761, yaw=69.912880, roll=1.204052))
Transform(Location(x=230.094559, y=-167.577118, z=-0.013042), Rotation(pitch=0.185781, yaw=70.024200, roll=1.203908))
Transform(Location(x=230.165329, y=-167.381516, z=-0.013042), Rotation(pitch=0.185843, yaw=70.170303, roll=1.203799))
Transform(Location(x=230.226974, y=-167.209839, z=-0.013042), Rotation(pitch=0.185890, yaw=70.298477, roll=1.203774))
Transform(Location(x=230.283432, y=-167.051498, z=-0.013042), Rotation(pitch=0.185911, yaw=70.416664, roll=1.203805))
Transform(Location(x=230.336517, y=-166.901718, z=-0.013042), Rotation(pitch=0.185925, yaw=70.528435, roll=1.203873))
Transform(Location(x=230.393341, y=-166.740341, z=-0.013042), Rotation(pitch=0.185938, yaw=70.648796, roll=1.203989))
Transform(Location(x=230.452423, y=-166.571396, z=-0.013042), Rotation(pitch=0.185952, yaw=70.774727, roll=1.204154))
Transform(Location(x=230.509109, y=-166.408096, z=-0.013042), Rotation(pitch=0.185938, yaw=70.896400, roll=1.204349))
Transform(Location(x=230.576111, y=-166.213654, z=-0.013042), Rotation(pitch=0.185931, yaw=71.041222, roll=1.204620))
Transform(Location(x=230.576111, y=-166.213654, z=-0.013042), Rotation(pitch=0.185931, yaw=71.041222, roll=1.204620))
Transform(Location(x=230.630264, y=-166.055374, z=-0.013043), Rotation(pitch=0.185904, yaw=71.159027, roll=1.204848))
Transform(Location(x=230.685211, y=-165.893692, z=-0.013043), Rotation(pitch=0.185890, yaw=71.279251, roll=1.205084))
Transform(Location(x=230.739151, y=-165.733810, z=-0.013043), Rotation(pitch=0.185897, yaw=71.398125, roll=1.205330))
Transform(Location(x=230.793472, y=-165.571701, z=-0.013043), Rotation(pitch=0.185904, yaw=71.518616, roll=1.205589))
Transform(Location(x=230.843323, y=-165.421906, z=-0.013043), Rotation(pitch=0.185911, yaw=71.629852, roll=1.205826))
Transform(Location(x=230.946457, y=-165.108948, z=-0.013043), Rotation(pitch=0.185959, yaw=71.862099, roll=1.206318))
Transform(Location(x=230.946457, y=-165.108948, z=-0.013043), Rotation(pitch=0.185959, yaw=71.862099, roll=1.206318))
Transform(Location(x=230.999466, y=-164.946396, z=-0.013043), Rotation(pitch=0.185986, yaw=71.982582, roll=1.206560))
Transform(Location(x=231.050858, y=-164.787704, z=-0.013043), Rotation(pitch=0.186007, yaw=72.100174, roll=1.206784))
Transform(Location(x=231.113556, y=-164.592514, z=-0.013043), Rotation(pitch=0.186007, yaw=72.244698, roll=1.207049))
Transform(Location(x=231.177170, y=-164.392868, z=-0.013043), Rotation(pitch=0.186007, yaw=72.392403, roll=1.207289))
Transform(Location(x=231.226135, y=-164.237991, z=-0.013043), Rotation(pitch=0.186034, yaw=72.506966, roll=1.207469))
Transform(Location(x=231.281494, y=-164.061371, z=-0.013043), Rotation(pitch=0.186054, yaw=72.637581, roll=1.207681))
Transform(Location(x=231.339020, y=-163.876434, z=-0.013043), Rotation(pitch=0.186054, yaw=72.774269, roll=1.207913))
Transform(Location(x=231.390274, y=-163.710342, z=-0.013043), Rotation(pitch=0.186034, yaw=72.896996, roll=1.208119))
Transform(Location(x=231.390274, y=-163.710342, z=-0.013043), Rotation(pitch=0.186034, yaw=72.896996, roll=1.208119))
Transform(Location(x=231.443008, y=-163.538040, z=-0.013043), Rotation(pitch=0.186027, yaw=73.024193, roll=1.208331))
Transform(Location(x=231.495895, y=-163.363815, z=-0.013043), Rotation(pitch=0.186007, yaw=73.152710, roll=1.208541))
Transform(Location(x=231.593643, y=-163.038300, z=-0.013043), Rotation(pitch=0.186007, yaw=73.392471, roll=1.208845))
Transform(Location(x=231.593643, y=-163.038300, z=-0.013043), Rotation(pitch=0.186007, yaw=73.392471, roll=1.208845))
Transform(Location(x=231.642502, y=-162.873734, z=-0.013043), Rotation(pitch=0.186020, yaw=73.513535, roll=1.208965))
Transform(Location(x=231.690186, y=-162.711777, z=-0.013043), Rotation(pitch=0.186034, yaw=73.632683, roll=1.209076))
Transform(Location(x=231.737366, y=-162.550385, z=-0.013043), Rotation(pitch=0.186054, yaw=73.751396, roll=1.209179))
Transform(Location(x=231.783142, y=-162.392502, z=-0.013043), Rotation(pitch=0.186068, yaw=73.867432, roll=1.209275))
Transform(Location(x=231.829071, y=-162.232895, z=-0.013043), Rotation(pitch=0.186095, yaw=73.984695, roll=1.209371))
Transform(Location(x=231.885056, y=-162.036652, z=-0.013043), Rotation(pitch=0.186102, yaw=74.128738, roll=1.209487))
Transform(Location(x=231.933655, y=-161.864853, z=-0.013043), Rotation(pitch=0.186082, yaw=74.254807, roll=1.209582))
Transform(Location(x=231.986267, y=-161.677109, z=-0.013043), Rotation(pitch=0.186068, yaw=74.392487, roll=1.209680))
Transform(Location(x=232.033646, y=-161.506607, z=-0.013043), Rotation(pitch=0.186034, yaw=74.517418, roll=1.209762))
Transform(Location(x=232.033646, y=-161.506607, z=-0.013043), Rotation(pitch=0.186034, yaw=74.517418, roll=1.209762))
Transform(Location(x=232.090469, y=-161.300323, z=-0.013043), Rotation(pitch=0.186048, yaw=74.668472, roll=1.209850))
Transform(Location(x=232.136169, y=-161.132675, z=-0.013043), Rotation(pitch=0.186088, yaw=74.791214, roll=1.209925))
Transform(Location(x=232.187119, y=-160.944122, z=-0.013043), Rotation(pitch=0.186102, yaw=74.929153, roll=1.210011))
Transform(Location(x=232.230957, y=-160.780487, z=-0.013043), Rotation(pitch=0.186102, yaw=75.048775, roll=1.210082))
Transform(Location(x=232.274933, y=-160.614853, z=-0.013043), Rotation(pitch=0.186109, yaw=75.169807, roll=1.210147))
Transform(Location(x=232.316772, y=-160.456039, z=-0.013043), Rotation(pitch=0.186123, yaw=75.285797, roll=1.210215))
Transform(Location(x=232.357391, y=-160.300522, z=-0.013043), Rotation(pitch=0.186129, yaw=75.399345, roll=1.210277))
Transform(Location(x=232.396591, y=-160.149307, z=-0.013043), Rotation(pitch=0.186164, yaw=75.509644, roll=1.210332))
Transform(Location(x=232.436981, y=-159.992188, z=-0.013043), Rotation(pitch=0.186191, yaw=75.624229, roll=1.210387))
Transform(Location(x=232.477219, y=-159.834427, z=-0.013043), Rotation(pitch=0.186218, yaw=75.739197, roll=1.210437))
Transform(Location(x=232.519226, y=-159.668228, z=-0.013043), Rotation(pitch=0.186239, yaw=75.860329, roll=1.210495))
Transform(Location(x=232.558563, y=-159.511261, z=-0.013043), Rotation(pitch=0.186252, yaw=75.974693, roll=1.210560))
Transform(Location(x=232.599747, y=-159.345490, z=-0.013043), Rotation(pitch=0.186259, yaw=76.095413, roll=1.210643))
Transform(Location(x=232.638763, y=-159.187027, z=-0.013043), Rotation(pitch=0.186259, yaw=76.210785, roll=1.210727))
Transform(Location(x=232.682144, y=-159.009171, z=-0.013042), Rotation(pitch=0.186259, yaw=76.340225, roll=1.210833))
Transform(Location(x=232.720535, y=-158.850266, z=-0.013042), Rotation(pitch=0.186259, yaw=76.455795, roll=1.210929))
Transform(Location(x=232.759216, y=-158.688858, z=-0.013043), Rotation(pitch=0.186252, yaw=76.573128, roll=1.211025))
Transform(Location(x=232.798264, y=-158.524261, z=-0.013042), Rotation(pitch=0.186252, yaw=76.692703, roll=1.211124))
Transform(Location(x=232.837158, y=-158.358795, z=-0.013042), Rotation(pitch=0.186252, yaw=76.812874, roll=1.211221))
Transform(Location(x=232.876465, y=-158.190109, z=-0.013042), Rotation(pitch=0.186252, yaw=76.935280, roll=1.211304))
Transform(Location(x=232.915680, y=-158.019974, z=-0.013042), Rotation(pitch=0.186246, yaw=77.058685, roll=1.211374))
Transform(Location(x=232.951462, y=-157.863373, z=-0.013043), Rotation(pitch=0.186225, yaw=77.172188, roll=1.211422))
Transform(Location(x=232.990326, y=-157.691620, z=-0.013043), Rotation(pitch=0.186225, yaw=77.296593, roll=1.211461))
Transform(Location(x=233.027084, y=-157.527481, z=-0.013043), Rotation(pitch=0.186225, yaw=77.415413, roll=1.211486))
Transform(Location(x=233.064331, y=-157.359589, z=-0.013043), Rotation(pitch=0.186225, yaw=77.536919, roll=1.211494))
Transform(Location(x=233.100037, y=-157.197067, z=-0.013043), Rotation(pitch=0.186225, yaw=77.654465, roll=1.211485))
Transform(Location(x=233.135422, y=-157.034424, z=-0.013043), Rotation(pitch=0.186225, yaw=77.772057, roll=1.211469))
Transform(Location(x=233.135422, y=-157.034424, z=-0.013043), Rotation(pitch=0.186225, yaw=77.772057, roll=1.211469))
Transform(Location(x=233.175125, y=-156.849823, z=-0.013043), Rotation(pitch=0.186225, yaw=77.905449, roll=1.211447))
Transform(Location(x=233.211929, y=-156.677002, z=-0.013043), Rotation(pitch=0.186198, yaw=78.030342, roll=1.211423))
Transform(Location(x=233.248886, y=-156.501389, z=-0.013043), Rotation(pitch=0.186184, yaw=78.157166, roll=1.211407))
Transform(Location(x=233.283859, y=-156.333359, z=-0.013043), Rotation(pitch=0.186164, yaw=78.278427, roll=1.211384))
Transform(Location(x=233.319519, y=-156.160248, z=-0.013043), Rotation(pitch=0.186164, yaw=78.403267, roll=1.211351))
Transform(Location(x=233.352341, y=-155.999298, z=-0.013043), Rotation(pitch=0.186164, yaw=78.519295, roll=1.211314))
Transform(Location(x=233.391968, y=-155.802551, z=-0.013043), Rotation(pitch=0.186157, yaw=78.661026, roll=1.211262))
Transform(Location(x=233.425568, y=-155.633881, z=-0.013043), Rotation(pitch=0.186129, yaw=78.782486, roll=1.211215))
Transform(Location(x=233.456223, y=-155.478165, z=-0.013043), Rotation(pitch=0.186129, yaw=78.894585, roll=1.211172))
Transform(Location(x=233.487793, y=-155.316330, z=-0.013043), Rotation(pitch=0.186129, yaw=79.011017, roll=1.211119))
Transform(Location(x=233.520340, y=-155.147385, z=-0.013043), Rotation(pitch=0.186157, yaw=79.132507, roll=1.211065))
Transform(Location(x=233.550308, y=-154.990295, z=-0.013043), Rotation(pitch=0.186164, yaw=79.245430, roll=1.211014))
Transform(Location(x=233.581345, y=-154.825745, z=-0.013043), Rotation(pitch=0.186191, yaw=79.363701, roll=1.210970))
Transform(Location(x=233.612244, y=-154.660110, z=-0.013043), Rotation(pitch=0.186205, yaw=79.482727, roll=1.210937))
Transform(Location(x=233.640320, y=-154.507782, z=-0.013043), Rotation(pitch=0.186218, yaw=79.592194, roll=1.210922))
Transform(Location(x=233.669189, y=-154.349533, z=-0.013043), Rotation(pitch=0.186239, yaw=79.705872, roll=1.210919))
Transform(Location(x=233.700485, y=-154.175842, z=-0.013043), Rotation(pitch=0.186259, yaw=79.830627, roll=1.210930))
Transform(Location(x=233.729385, y=-154.013458, z=-0.013043), Rotation(pitch=0.186259, yaw=79.947212, roll=1.210960))
Transform(Location(x=233.758743, y=-153.846649, z=-0.013042), Rotation(pitch=0.186259, yaw=80.066910, roll=1.211001))
Transform(Location(x=233.790405, y=-153.664169, z=-0.013043), Rotation(pitch=0.186259, yaw=80.197823, roll=1.211052))
Transform(Location(x=233.819351, y=-153.495392, z=-0.013042), Rotation(pitch=0.186246, yaw=80.318871, roll=1.211105))
Transform(Location(x=233.847534, y=-153.328735, z=-0.013043), Rotation(pitch=0.186225, yaw=80.438316, roll=1.211159))
Transform(Location(x=233.875229, y=-153.163086, z=-0.013043), Rotation(pitch=0.186225, yaw=80.556969, roll=1.211207))
Transform(Location(x=233.904648, y=-152.984558, z=-0.013042), Rotation(pitch=0.186225, yaw=80.684792, roll=1.211252))
Transform(Location(x=233.933548, y=-152.806808, z=-0.013043), Rotation(pitch=0.186211, yaw=80.812073, roll=1.211292))
Transform(Location(x=233.961563, y=-152.632156, z=-0.013043), Rotation(pitch=0.186198, yaw=80.937057, roll=1.211323))
Transform(Location(x=233.961563, y=-152.632156, z=-0.013043), Rotation(pitch=0.186198, yaw=80.937057, roll=1.211323))
Transform(Location(x=233.989334, y=-152.456345, z=-0.013043), Rotation(pitch=0.186177, yaw=81.062767, roll=1.211340))
Transform(Location(x=234.015991, y=-152.285339, z=-0.013043), Rotation(pitch=0.186164, yaw=81.185028, roll=1.211343))
Transform(Location(x=234.040619, y=-152.125214, z=-0.013043), Rotation(pitch=0.186164, yaw=81.299484, roll=1.211339))
Transform(Location(x=234.066483, y=-151.954727, z=-0.013043), Rotation(pitch=0.186177, yaw=81.421326, roll=1.211331))
Transform(Location(x=234.091064, y=-151.790314, z=-0.013043), Rotation(pitch=0.186184, yaw=81.538757, roll=1.211321))
Transform(Location(x=234.114914, y=-151.628555, z=-0.013043), Rotation(pitch=0.186191, yaw=81.654335, roll=1.211317))
Transform(Location(x=234.137161, y=-151.475830, z=-0.013043), Rotation(pitch=0.186205, yaw=81.763397, roll=1.211317))
Transform(Location(x=234.162247, y=-151.300842, z=-0.013042), Rotation(pitch=0.186225, yaw=81.888367, roll=1.211329))
Transform(Location(x=234.189240, y=-151.109390, z=-0.013043), Rotation(pitch=0.186225, yaw=82.025063, roll=1.211357))
Transform(Location(x=234.213486, y=-150.934418, z=-0.013043), Rotation(pitch=0.186205, yaw=82.149956, roll=1.211384))
Transform(Location(x=234.239288, y=-150.745285, z=-0.013043), Rotation(pitch=0.186184, yaw=82.284866, roll=1.211413))
Transform(Location(x=234.261719, y=-150.578064, z=-0.013043), Rotation(pitch=0.186164, yaw=82.404076, roll=1.211439))
Transform(Location(x=234.284637, y=-150.404221, z=-0.013043), Rotation(pitch=0.186157, yaw=82.528000, roll=1.211468))
Transform(Location(x=234.307373, y=-150.229065, z=-0.013043), Rotation(pitch=0.186150, yaw=82.652863, roll=1.211492))
Transform(Location(x=234.330109, y=-150.050873, z=-0.013043), Rotation(pitch=0.186150, yaw=82.779762, roll=1.211506))
Transform(Location(x=234.351807, y=-149.877731, z=-0.013043), Rotation(pitch=0.186129, yaw=82.903030, roll=1.211515))
Transform(Location(x=234.373489, y=-149.701523, z=-0.013043), Rotation(pitch=0.186129, yaw=83.028496, roll=1.211525))
Transform(Location(x=234.394775, y=-149.525482, z=-0.013043), Rotation(pitch=0.186129, yaw=83.153801, roll=1.211530))
Transform(Location(x=234.413956, y=-149.364014, z=-0.013043), Rotation(pitch=0.186143, yaw=83.268707, roll=1.211531))
Transform(Location(x=234.433350, y=-149.197754, z=-0.013043), Rotation(pitch=0.186157, yaw=83.387016, roll=1.211531))
Transform(Location(x=234.451828, y=-149.036758, z=-0.013043), Rotation(pitch=0.186164, yaw=83.501518, roll=1.211529))
Transform(Location(x=234.472382, y=-148.853989, z=-0.013043), Rotation(pitch=0.186191, yaw=83.631454, roll=1.211518))
Transform(Location(x=234.472382, y=-148.853989, z=-0.013043), Rotation(pitch=0.186191, yaw=83.631454, roll=1.211518))
Transform(Location(x=234.491287, y=-148.682327, z=-0.013043), Rotation(pitch=0.186198, yaw=83.753487, roll=1.211511))
Transform(Location(x=234.512177, y=-148.488541, z=-0.013043), Rotation(pitch=0.186191, yaw=83.891251, roll=1.211505))
Transform(Location(x=234.533966, y=-148.282227, z=-0.013043), Rotation(pitch=0.186191, yaw=84.037819, roll=1.211488))
Transform(Location(x=234.551941, y=-148.107666, z=-0.013043), Rotation(pitch=0.186218, yaw=84.161842, roll=1.211474))
Transform(Location(x=234.571594, y=-147.912613, z=-0.013043), Rotation(pitch=0.186225, yaw=84.300346, roll=1.211460))
Transform(Location(x=234.571594, y=-147.912613, z=-0.013043), Rotation(pitch=0.186225, yaw=84.300346, roll=1.211460))
Transform(Location(x=234.605499, y=-147.564240, z=-0.013043), Rotation(pitch=0.186191, yaw=84.547684, roll=1.211431))
Transform(Location(x=234.605499, y=-147.564240, z=-0.013043), Rotation(pitch=0.186191, yaw=84.547684, roll=1.211431))
Transform(Location(x=234.621506, y=-147.394226, z=-0.013043), Rotation(pitch=0.186191, yaw=84.668335, roll=1.211404))
Transform(Location(x=234.637238, y=-147.223190, z=-0.013043), Rotation(pitch=0.186198, yaw=84.789665, roll=1.211377))
Transform(Location(x=234.652634, y=-147.051804, z=-0.013043), Rotation(pitch=0.186198, yaw=84.911247, roll=1.211357))
Transform(Location(x=234.671890, y=-146.831741, z=-0.013043), Rotation(pitch=0.186218, yaw=85.067329, roll=1.211336))
Transform(Location(x=234.685654, y=-146.669510, z=-0.013043), Rotation(pitch=0.186246, yaw=85.182419, roll=1.211331))
Transform(Location(x=234.701981, y=-146.472015, z=-0.013043), Rotation(pitch=0.186259, yaw=85.322449, roll=1.211328))
Transform(Location(x=234.716278, y=-146.294312, z=-0.013043), Rotation(pitch=0.186246, yaw=85.448357, roll=1.211321))
Transform(Location(x=234.730408, y=-146.113724, z=-0.013042), Rotation(pitch=0.186225, yaw=85.576347, roll=1.211308))
Transform(Location(x=234.730408, y=-146.113724, z=-0.013042), Rotation(pitch=0.186225, yaw=85.576347, roll=1.211308))
Transform(Location(x=234.744659, y=-145.925735, z=-0.013043), Rotation(pitch=0.186205, yaw=85.709534, roll=1.211291))
Transform(Location(x=234.757645, y=-145.749832, z=-0.013043), Rotation(pitch=0.186184, yaw=85.834099, roll=1.211272))
Transform(Location(x=234.771835, y=-145.550598, z=-0.013043), Rotation(pitch=0.186157, yaw=85.975258, roll=1.211254))
Transform(Location(x=234.783447, y=-145.382492, z=-0.013043), Rotation(pitch=0.186129, yaw=86.094315, roll=1.211246))
Transform(Location(x=234.795242, y=-145.205963, z=-0.013043), Rotation(pitch=0.186129, yaw=86.219345, roll=1.211242))
Transform(Location(x=234.806320, y=-145.034836, z=-0.013043), Rotation(pitch=0.186129, yaw=86.340515, roll=1.211239))
Transform(Location(x=234.818924, y=-144.832870, z=-0.013043), Rotation(pitch=0.186129, yaw=86.483437, roll=1.211232))
Transform(Location(x=234.829834, y=-144.650558, z=-0.013043), Rotation(pitch=0.186102, yaw=86.612473, roll=1.211220))
Transform(Location(x=234.839737, y=-144.479538, z=-0.013043), Rotation(pitch=0.186102, yaw=86.733429, roll=1.211199))
Transform(Location(x=234.839737, y=-144.479538, z=-0.013043), Rotation(pitch=0.186102, yaw=86.733429, roll=1.211199))
Transform(Location(x=234.850723, y=-144.281769, z=-0.013043), Rotation(pitch=0.186095, yaw=86.873306, roll=1.211167))
Transform(Location(x=234.861572, y=-144.076340, z=-0.013043), Rotation(pitch=0.186068, yaw=87.018623, roll=1.211137))
Transform(Location(x=234.870483, y=-143.900482, z=-0.013043), Rotation(pitch=0.186048, yaw=87.142914, roll=1.211097))
Transform(Location(x=234.878494, y=-143.736008, z=-0.013043), Rotation(pitch=0.186048, yaw=87.259155, roll=1.211045))
Transform(Location(x=234.887024, y=-143.551636, z=-0.013043), Rotation(pitch=0.186068, yaw=87.389496, roll=1.210988))
Transform(Location(x=234.894684, y=-143.378265, z=-0.013043), Rotation(pitch=0.186082, yaw=87.512001, roll=1.210931))
Transform(Location(x=234.903244, y=-143.173935, z=-0.013043), Rotation(pitch=0.186088, yaw=87.656334, roll=1.210857))
Transform(Location(x=234.909836, y=-143.007172, z=-0.013043), Rotation(pitch=0.186088, yaw=87.774170, roll=1.210798))
Transform(Location(x=234.917664, y=-142.797455, z=-0.013043), Rotation(pitch=0.186116, yaw=87.922287, roll=1.210720))
Transform(Location(x=234.917664, y=-142.797455, z=-0.013043), Rotation(pitch=0.186116, yaw=87.922287, roll=1.210720))
Transform(Location(x=234.923935, y=-142.616852, z=-0.013043), Rotation(pitch=0.186164, yaw=88.049881, roll=1.210654))
Transform(Location(x=234.929718, y=-142.439682, z=-0.013043), Rotation(pitch=0.186198, yaw=88.174988, roll=1.210591))
Transform(Location(x=234.935028, y=-142.265137, z=-0.013043), Rotation(pitch=0.186218, yaw=88.298271, roll=1.210534))
Transform(Location(x=234.939880, y=-142.094788, z=-0.013043), Rotation(pitch=0.186225, yaw=88.418579, roll=1.210488))
Transform(Location(x=234.944489, y=-141.918900, z=-0.013043), Rotation(pitch=0.186246, yaw=88.542824, roll=1.210452))
Transform(Location(x=234.949661, y=-141.702744, z=-0.013043), Rotation(pitch=0.186273, yaw=88.695564, roll=1.210440))
Transform(Location(x=234.949661, y=-141.702744, z=-0.013043), Rotation(pitch=0.186273, yaw=88.695564, roll=1.210440))
Transform(Location(x=234.954269, y=-141.485367, z=-0.013042), Rotation(pitch=0.186321, yaw=88.849197, roll=1.210468))
Transform(Location(x=234.958099, y=-141.279251, z=-0.013042), Rotation(pitch=0.186382, yaw=88.994911, roll=1.210522))
Transform(Location(x=234.961044, y=-141.096710, z=-0.013042), Rotation(pitch=0.186437, yaw=89.123581, roll=1.210493))
Transform(Location(x=234.964157, y=-140.869431, z=-0.013042), Rotation(pitch=0.186450, yaw=89.282471, roll=1.210045))
Transform(Location(x=234.966110, y=-140.696274, z=-0.013042), Rotation(pitch=0.186471, yaw=89.401459, roll=1.208983))
Transform(Location(x=234.967773, y=-140.512314, z=-0.013043), Rotation(pitch=0.186471, yaw=89.525146, roll=1.206705))
Transform(Location(x=234.968964, y=-140.343033, z=-0.013043), Rotation(pitch=0.186450, yaw=89.636040, roll=1.203253))
Transform(Location(x=234.968964, y=-140.343033, z=-0.013043), Rotation(pitch=0.186450, yaw=89.636040, roll=1.203253))
Transform(Location(x=234.969955, y=-140.144516, z=-0.013043), Rotation(pitch=0.186444, yaw=89.761787, roll=1.196857))
Transform(Location(x=234.970490, y=-139.967773, z=-0.013044), Rotation(pitch=0.186416, yaw=89.869728, roll=1.188931))
Transform(Location(x=234.970673, y=-139.727905, z=-0.013045), Rotation(pitch=0.186410, yaw=90.009995, roll=1.174317))
Transform(Location(x=234.970428, y=-139.531693, z=-0.013046), Rotation(pitch=0.186416, yaw=90.118355, roll=1.158104))
Transform(Location(x=234.969818, y=-139.342621, z=-0.013047), Rotation(pitch=0.186410, yaw=90.217201, roll=1.139034))
Transform(Location(x=234.969818, y=-139.342621, z=-0.013047), Rotation(pitch=0.186410, yaw=90.217201, roll=1.139034))
Transform(Location(x=234.968933, y=-139.158325, z=-0.013048), Rotation(pitch=0.186410, yaw=90.308350, roll=1.117117))
Transform(Location(x=234.967804, y=-138.977875, z=-0.013048), Rotation(pitch=0.186410, yaw=90.392662, roll=1.092500))
Transform(Location(x=234.966537, y=-138.812256, z=-0.013049), Rotation(pitch=0.186416, yaw=90.465820, roll=1.067468))
Transform(Location(x=234.964325, y=-138.571075, z=-0.013050), Rotation(pitch=0.186471, yaw=90.565880, roll=1.026979))
Transform(Location(x=234.962494, y=-138.399261, z=-0.013050), Rotation(pitch=0.186512, yaw=90.632080, roll=0.995217))
Transform(Location(x=234.960403, y=-138.220764, z=-0.013051), Rotation(pitch=0.186546, yaw=90.696251, roll=0.959933))
Transform(Location(x=234.958115, y=-138.042496, z=-0.013051), Rotation(pitch=0.186567, yaw=90.755997, roll=0.922885))
Transform(Location(x=234.955734, y=-137.869614, z=-0.013051), Rotation(pitch=0.186573, yaw=90.810081, roll=0.885690))
Transform(Location(x=234.955734, y=-137.869614, z=-0.013051), Rotation(pitch=0.186573, yaw=90.810081, roll=0.885690))
Transform(Location(x=234.952316, y=-137.637695, z=-0.013050), Rotation(pitch=0.186594, yaw=90.877441, roll=0.834879))
Transform(Location(x=234.949539, y=-137.461777, z=-0.013050), Rotation(pitch=0.186608, yaw=90.924309, roll=0.795158))
Transform(Location(x=234.946335, y=-137.269409, z=-0.013049), Rotation(pitch=0.186608, yaw=90.971390, roll=0.751011))
Transform(Location(x=234.943359, y=-137.096359, z=-0.013049), Rotation(pitch=0.186573, yaw=91.010521, roll=0.711828))
Transform(Location(x=234.940186, y=-136.919968, z=-0.013048), Rotation(pitch=0.186560, yaw=91.047363, roll=0.672179))
Transform(Location(x=234.936768, y=-136.735657, z=-0.013047), Rotation(pitch=0.186532, yaw=91.082848, roll=0.631283))
Transform(Location(x=234.933395, y=-136.558060, z=-0.013047), Rotation(pitch=0.186491, yaw=91.114273, roll=0.592944))
Transform(Location(x=234.933395, y=-136.558060, z=-0.013047), Rotation(pitch=0.186491, yaw=91.114273, roll=0.592944))
Transform(Location(x=234.929230, y=-136.346710, z=-0.013046), Rotation(pitch=0.186471, yaw=91.148804, roll=0.549649))
Transform(Location(x=234.925400, y=-136.157471, z=-0.013045), Rotation(pitch=0.186471, yaw=91.176659, roll=0.511427))
Transform(Location(x=234.921951, y=-135.989197, z=-0.013044), Rotation(pitch=0.186444, yaw=91.199333, roll=0.479115))
Transform(Location(x=234.918320, y=-135.817154, z=-0.013043), Rotation(pitch=0.186416, yaw=91.220551, roll=0.447370))
Transform(Location(x=234.914383, y=-135.632874, z=-0.013043), Rotation(pitch=0.186382, yaw=91.241264, roll=0.414744))
Transform(Location(x=234.910339, y=-135.445312, z=-0.013042), Rotation(pitch=0.186341, yaw=91.260376, roll=0.383235))
Transform(Location(x=234.906189, y=-135.257141, z=-0.013042), Rotation(pitch=0.186287, yaw=91.277756, roll=0.353421))
Transform(Location(x=234.901810, y=-135.060089, z=-0.013041), Rotation(pitch=0.186225, yaw=91.294151, roll=0.324009))
Transform(Location(x=234.901810, y=-135.060089, z=-0.013041), Rotation(pitch=0.186225, yaw=91.294151, roll=0.324009))
Transform(Location(x=234.897766, y=-134.880066, z=-0.013041), Rotation(pitch=0.186164, yaw=91.307716, roll=0.299065))
Transform(Location(x=234.893631, y=-134.698517, z=-0.013041), Rotation(pitch=0.186129, yaw=91.320114, roll=0.275503))
Transform(Location(x=234.889206, y=-134.505890, z=-0.013041), Rotation(pitch=0.186095, yaw=91.331917, roll=0.252069))
Transform(Location(x=234.885208, y=-134.332977, z=-0.013041), Rotation(pitch=0.186068, yaw=91.341393, roll=0.232648))
Transform(Location(x=234.879990, y=-134.109070, z=-0.013041), Rotation(pitch=0.186068, yaw=91.352440, roll=0.209640))
Transform(Location(x=234.875595, y=-133.922226, z=-0.013041), Rotation(pitch=0.186088, yaw=91.360527, roll=0.191631))
Transform(Location(x=234.875595, y=-133.922226, z=-0.013041), Rotation(pitch=0.186088, yaw=91.360527, roll=0.191631))
Transform(Location(x=234.871094, y=-133.731308, z=-0.013041), Rotation(pitch=0.186088, yaw=91.367821, roll=0.174532))
Transform(Location(x=234.866089, y=-133.521088, z=-0.013041), Rotation(pitch=0.186095, yaw=91.374931, roll=0.157593))
Transform(Location(x=234.861832, y=-133.343048, z=-0.013042), Rotation(pitch=0.186129, yaw=91.380180, roll=0.144099))
Transform(Location(x=234.856628, y=-133.126953, z=-0.013042), Rotation(pitch=0.186164, yaw=91.385757, roll=0.129223))
Transform(Location(x=234.852402, y=-132.951187, z=-0.013042), Rotation(pitch=0.186198, yaw=91.389603, roll=0.117874))
Transform(Location(x=234.848099, y=-132.774170, z=-0.013042), Rotation(pitch=0.186211, yaw=91.392921, roll=0.107215))
Transform(Location(x=234.843689, y=-132.592041, z=-0.013043), Rotation(pitch=0.186211, yaw=91.395798, roll=0.096989))
Transform(Location(x=234.843689, y=-132.592041, z=-0.013043), Rotation(pitch=0.186211, yaw=91.395798, roll=0.096989))
Transform(Location(x=234.839355, y=-132.413010, z=-0.013043), Rotation(pitch=0.186198, yaw=91.398201, roll=0.087671))
Transform(Location(x=234.834961, y=-132.233429, z=-0.013043), Rotation(pitch=0.186184, yaw=91.400291, roll=0.079003))
Transform(Location(x=234.830505, y=-132.049866, z=-0.013043), Rotation(pitch=0.186164, yaw=91.402039, roll=0.070787))
Transform(Location(x=234.826065, y=-131.868683, z=-0.013044), Rotation(pitch=0.186157, yaw=91.403435, roll=0.063313))
Transform(Location(x=234.822021, y=-131.702255, z=-0.013044), Rotation(pitch=0.186143, yaw=91.404533, roll=0.057011))
Transform(Location(x=234.817688, y=-131.525146, z=-0.013044), Rotation(pitch=0.186143, yaw=91.405449, roll=0.050792))
Transform(Location(x=234.811844, y=-131.285400, z=-0.013044), Rotation(pitch=0.186157, yaw=91.406418, roll=0.043239))
Transform(Location(x=234.806961, y=-131.086716, z=-0.013045), Rotation(pitch=0.186164, yaw=91.407005, roll=0.037537))
Transform(Location(x=234.806961, y=-131.086716, z=-0.013045), Rotation(pitch=0.186164, yaw=91.407005, roll=0.037537))
Transform(Location(x=234.802460, y=-130.901917, z=-0.013045), Rotation(pitch=0.186150, yaw=91.407341, roll=0.032763))
Transform(Location(x=234.797806, y=-130.713654, z=-0.013045), Rotation(pitch=0.186129, yaw=91.407539, roll=0.028362))
Transform(Location(x=234.793335, y=-130.531418, z=-0.013045), Rotation(pitch=0.186116, yaw=91.407654, roll=0.024524))
Transform(Location(x=234.788788, y=-130.345932, z=-0.013045), Rotation(pitch=0.186102, yaw=91.407570, roll=0.020991))
Transform(Location(x=234.783798, y=-130.142242, z=-0.013045), Rotation(pitch=0.186088, yaw=91.407402, roll=0.017499))
Transform(Location(x=234.779388, y=-129.960968, z=-0.013045), Rotation(pitch=0.186061, yaw=91.407196, roll=0.014763))
Transform(Location(x=234.775192, y=-129.789642, z=-0.013046), Rotation(pitch=0.186061, yaw=91.406967, roll=0.012461))
Transform(Location(x=234.775192, y=-129.789642, z=-0.013046), Rotation(pitch=0.186061, yaw=91.406967, roll=0.012461))
Transform(Location(x=234.770477, y=-129.597565, z=-0.013046), Rotation(pitch=0.186068, yaw=91.406647, roll=0.010153))
Transform(Location(x=234.766037, y=-129.416061, z=-0.013046), Rotation(pitch=0.186068, yaw=91.406357, roll=0.008238))
Transform(Location(x=234.761719, y=-129.240921, z=-0.013046), Rotation(pitch=0.186082, yaw=91.405983, roll=0.006613))
Transform(Location(x=234.757416, y=-129.065277, z=-0.013046), Rotation(pitch=0.186095, yaw=91.405594, roll=0.005166))
Transform(Location(x=234.752655, y=-128.870117, z=-0.013046), Rotation(pitch=0.186109, yaw=91.405113, roll=0.003737))
Transform(Location(x=234.748093, y=-128.684174, z=-0.013046), Rotation(pitch=0.186116, yaw=91.404663, roll=0.002561))
Transform(Location(x=234.742950, y=-128.473969, z=-0.013046), Rotation(pitch=0.186129, yaw=91.404144, roll=0.001439))
Transform(Location(x=234.738571, y=-128.295151, z=-0.013046), Rotation(pitch=0.186191, yaw=91.403687, roll=0.000605))
Transform(Location(x=234.738571, y=-128.295151, z=-0.013046), Rotation(pitch=0.186191, yaw=91.403687, roll=0.000605))
Transform(Location(x=234.733536, y=-128.088669, z=-0.013046), Rotation(pitch=0.186246, yaw=91.403168, roll=-0.000214))
Transform(Location(x=234.729034, y=-127.904335, z=-0.013046), Rotation(pitch=0.186307, yaw=91.402702, roll=-0.000824))
Transform(Location(x=234.724823, y=-127.732185, z=-0.013046), Rotation(pitch=0.186334, yaw=91.402321, roll=-0.001312))
Transform(Location(x=234.720306, y=-127.547813, z=-0.013046), Rotation(pitch=0.186348, yaw=91.401932, roll=-0.001740))
Transform(Location(x=234.716202, y=-127.379799, z=-0.013046), Rotation(pitch=0.186348, yaw=91.401527, roll=-0.002075))
Transform(Location(x=234.711990, y=-127.207169, z=-0.013046), Rotation(pitch=0.186348, yaw=91.401138, roll=-0.002350))
Transform(Location(x=234.707840, y=-127.037750, z=-0.013046), Rotation(pitch=0.186355, yaw=91.400757, roll=-0.002594))
Transform(Location(x=234.703476, y=-126.858437, z=-0.013046), Rotation(pitch=0.186355, yaw=91.400314, roll=-0.002808))
Transform(Location(x=234.698700, y=-126.663727, z=-0.013046), Rotation(pitch=0.186341, yaw=91.399933, roll=-0.002960))
Transform(Location(x=234.698700, y=-126.663727, z=-0.013046), Rotation(pitch=0.186341, yaw=91.399933, roll=-0.002960))
Transform(Location(x=234.693665, y=-126.457985, z=-0.013046), Rotation(pitch=0.186307, yaw=91.399544, roll=-0.003082))
Transform(Location(x=234.689255, y=-126.277519, z=-0.013046), Rotation(pitch=0.186259, yaw=91.399193, roll=-0.003143))
Transform(Location(x=234.684296, y=-126.074272, z=-0.013046), Rotation(pitch=0.186225, yaw=91.398758, roll=-0.003235))
Transform(Location(x=234.680267, y=-125.909882, z=-0.013046), Rotation(pitch=0.186198, yaw=91.398407, roll=-0.003265))
Transform(Location(x=234.676132, y=-125.739487, z=-0.013046), Rotation(pitch=0.186198, yaw=91.398048, roll=-0.003296))
Transform(Location(x=234.671326, y=-125.542870, z=-0.013046), Rotation(pitch=0.186205, yaw=91.397690, roll=-0.003296))
Transform(Location(x=234.666794, y=-125.356911, z=-0.013046), Rotation(pitch=0.186198, yaw=91.397331, roll=-0.003296))
Transform(Location(x=234.662262, y=-125.171600, z=-0.013046), Rotation(pitch=0.186191, yaw=91.397026, roll=-0.003296))
Transform(Location(x=234.662262, y=-125.171600, z=-0.013046), Rotation(pitch=0.186191, yaw=91.397026, roll=-0.003296))
Transform(Location(x=234.658081, y=-124.999603, z=-0.013046), Rotation(pitch=0.186191, yaw=91.396736, roll=-0.003265))
Transform(Location(x=234.653748, y=-124.821869, z=-0.013046), Rotation(pitch=0.186205, yaw=91.396484, roll=-0.003235))
Transform(Location(x=234.649338, y=-124.641090, z=-0.013046), Rotation(pitch=0.186218, yaw=91.396240, roll=-0.003174))
Transform(Location(x=234.641052, y=-124.301071, z=-0.013046), Rotation(pitch=0.186246, yaw=91.395760, roll=-0.003052))
Transform(Location(x=234.641052, y=-124.301071, z=-0.013046), Rotation(pitch=0.186246, yaw=91.395760, roll=-0.003052))
Transform(Location(x=234.636765, y=-124.125526, z=-0.013046), Rotation(pitch=0.186273, yaw=91.395515, roll=-0.002960))
Transform(Location(x=234.631561, y=-123.912476, z=-0.013046), Rotation(pitch=0.186314, yaw=91.395264, roll=-0.002869))
Transform(Location(x=234.626831, y=-123.717964, z=-0.013046), Rotation(pitch=0.186355, yaw=91.395012, roll=-0.002777))
Transform(Location(x=234.622345, y=-123.533730, z=-0.013046), Rotation(pitch=0.186355, yaw=91.394783, roll=-0.002686))
Transform(Location(x=234.622345, y=-123.533730, z=-0.013046), Rotation(pitch=0.186355, yaw=91.394783, roll=-0.002686))
Transform(Location(x=234.617615, y=-123.338882, z=-0.013046), Rotation(pitch=0.186355, yaw=91.394577, roll=-0.002594))
Transform(Location(x=234.613358, y=-123.164276, z=-0.013046), Rotation(pitch=0.186334, yaw=91.394432, roll=-0.002502))
Transform(Location(x=234.608780, y=-122.976128, z=-0.013046), Rotation(pitch=0.186321, yaw=91.394302, roll=-0.002380))
Transform(Location(x=234.604370, y=-122.794449, z=-0.013046), Rotation(pitch=0.186307, yaw=91.394173, roll=-0.002258))
Transform(Location(x=234.599091, y=-122.577126, z=-0.013046), Rotation(pitch=0.186314, yaw=91.394058, roll=-0.002136))
Transform(Location(x=234.594803, y=-122.401093, z=-0.013046), Rotation(pitch=0.186341, yaw=91.394035, roll=-0.001984))
Transform(Location(x=234.590271, y=-122.214584, z=-0.013046), Rotation(pitch=0.186355, yaw=91.393974, roll=-0.001831))
Transform(Location(x=234.590271, y=-122.214584, z=-0.013046), Rotation(pitch=0.186355, yaw=91.393974, roll=-0.001831))
Transform(Location(x=234.585266, y=-122.008751, z=-0.013046), Rotation(pitch=0.186348, yaw=91.393967, roll=-0.001678))
Transform(Location(x=234.580261, y=-121.803902, z=-0.013046), Rotation(pitch=0.186293, yaw=91.393906, roll=-0.001495))
Transform(Location(x=234.574524, y=-121.567650, z=-0.013046), Rotation(pitch=0.186259, yaw=91.393822, roll=-0.001312))
Transform(Location(x=234.574524, y=-121.567650, z=-0.013046), Rotation(pitch=0.186259, yaw=91.393822, roll=-0.001312))
Transform(Location(x=234.569427, y=-121.358276, z=-0.013046), Rotation(pitch=0.186293, yaw=91.393776, roll=-0.001160))
Transform(Location(x=234.564819, y=-121.169235, z=-0.013046), Rotation(pitch=0.186341, yaw=91.393768, roll=-0.001038))
Transform(Location(x=234.560440, y=-120.990135, z=-0.013046), Rotation(pitch=0.186355, yaw=91.393700, roll=-0.000916))
Transform(Location(x=234.556107, y=-120.812126, z=-0.013046), Rotation(pitch=0.186355, yaw=91.393700, roll=-0.000916))
Transform(Location(x=234.551895, y=-120.639412, z=-0.013046), Rotation(pitch=0.186355, yaw=91.393585, roll=-0.000763))
Transform(Location(x=234.547394, y=-120.454590, z=-0.013046), Rotation(pitch=0.186355, yaw=91.393471, roll=-0.000702))
Transform(Location(x=234.543335, y=-120.287460, z=-0.013046), Rotation(pitch=0.186355, yaw=91.393471, roll=-0.000702))
Transform(Location(x=234.538757, y=-120.099586, z=-0.013046), Rotation(pitch=0.186355, yaw=91.393265, roll=-0.000641))
Transform(Location(x=234.534348, y=-119.918861, z=-0.013046), Rotation(pitch=0.186355, yaw=91.393265, roll=-0.000641))
Transform(Location(x=234.530167, y=-119.747284, z=-0.013046), Rotation(pitch=0.186334, yaw=91.393120, roll=-0.000641))
Transform(Location(x=234.530167, y=-119.747284, z=-0.013046), Rotation(pitch=0.186334, yaw=91.393120, roll=-0.000641))
Transform(Location(x=234.524902, y=-119.530281, z=-0.013046), Rotation(pitch=0.186355, yaw=91.392998, roll=-0.000671))
Transform(Location(x=234.520721, y=-119.359093, z=-0.013046), Rotation(pitch=0.186355, yaw=91.392998, roll=-0.000671))
Transform(Location(x=234.515839, y=-119.158951, z=-0.013046), Rotation(pitch=0.186403, yaw=91.392799, roll=-0.000702))
Transform(Location(x=234.511185, y=-118.968155, z=-0.013046), Rotation(pitch=0.186375, yaw=91.392685, roll=-0.000732))
Transform(Location(x=234.506424, y=-118.772369, z=-0.013046), Rotation(pitch=0.186341, yaw=91.392570, roll=-0.000763))
Transform(Location(x=234.501648, y=-118.577042, z=-0.013046), Rotation(pitch=0.186293, yaw=91.392448, roll=-0.000824))
Transform(Location(x=234.501648, y=-118.577042, z=-0.013046), Rotation(pitch=0.186293, yaw=91.392448, roll=-0.000824))
Transform(Location(x=234.497116, y=-118.391357, z=-0.013046), Rotation(pitch=0.186259, yaw=91.392311, roll=-0.000855))
Transform(Location(x=234.492950, y=-118.219833, z=-0.013046), Rotation(pitch=0.186246, yaw=91.392151, roll=-0.000916))
Transform(Location(x=234.488251, y=-118.027077, z=-0.013046), Rotation(pitch=0.186239, yaw=91.391983, roll=-0.000977))
Transform(Location(x=234.483047, y=-117.811684, z=-0.013046), Rotation(pitch=0.186246, yaw=91.391815, roll=-0.001038))
Transform(Location(x=234.478943, y=-117.642525, z=-0.013046), Rotation(pitch=0.186246, yaw=91.391815, roll=-0.001038))
Transform(Location(x=234.474991, y=-117.480675, z=-0.013046), Rotation(pitch=0.186321, yaw=91.391693, roll=-0.001068))
Transform(Location(x=234.470779, y=-117.307137, z=-0.013046), Rotation(pitch=0.186321, yaw=91.391693, roll=-0.001068))
Transform(Location(x=234.466476, y=-117.130630, z=-0.013046), Rotation(pitch=0.186321, yaw=91.391693, roll=-0.001068))
Transform(Location(x=234.462296, y=-116.958755, z=-0.013046), Rotation(pitch=0.186382, yaw=91.391563, roll=-0.001038))
Transform(Location(x=234.458038, y=-116.783775, z=-0.013046), Rotation(pitch=0.186382, yaw=91.391563, roll=-0.001038))
Transform(Location(x=234.453506, y=-116.597626, z=-0.013046), Rotation(pitch=0.186382, yaw=91.391563, roll=-0.001038))
Transform(Location(x=234.453506, y=-116.597626, z=-0.013046), Rotation(pitch=0.186382, yaw=91.391563, roll=-0.001038))
Transform(Location(x=234.449371, y=-116.427231, z=-0.013046), Rotation(pitch=0.186382, yaw=91.391479, roll=-0.000885))
Transform(Location(x=234.445068, y=-116.249870, z=-0.013046), Rotation(pitch=0.186382, yaw=91.391479, roll=-0.000885))
Transform(Location(x=234.445068, y=-116.249870, z=-0.013046), Rotation(pitch=0.186382, yaw=91.391479, roll=-0.000885))
Transform(Location(x=234.445068, y=-116.249870, z=-0.013046), Rotation(pitch=0.186382, yaw=91.391479, roll=-0.000885))
Transform(Location(x=234.445068, y=-116.249870, z=-0.013046), Rotation(pitch=0.186382, yaw=91.391479, roll=-0.000885))
Transform(Location(x=234.445068, y=-116.249870, z=-0.013046), Rotation(pitch=0.186382, yaw=91.391479, roll=-0.000885))
Transform(Location(x=234.445068, y=-116.249870, z=-0.013046), Rotation(pitch=0.186382, yaw=91.391479, roll=-0.000885))
Transform(Location(x=234.445068, y=-116.249870, z=-0.013046), Rotation(pitch=0.186382, yaw=91.391479, roll=-0.000885))
Transform(Location(x=234.445068, y=-116.249870, z=-0.013046), Rotation(pitch=0.186382, yaw=91.391479, roll=-0.000885))
Transform(Location(x=234.445068, y=-116.249870, z=-0.013046), Rotation(pitch=0.186382, yaw=91.391479, roll=-0.000885))
Transform(Location(x=234.445068, y=-116.249870, z=-0.013046), Rotation(pitch=0.186382, yaw=91.391479, roll=-0.000885))
Transform(Location(x=234.445068, y=-116.249870, z=-0.013046), Rotation(pitch=0.186382, yaw=91.391479, roll=-0.000885))
Transform(Location(x=234.445068, y=-116.249870, z=-0.013046), Rotation(pitch=0.186382, yaw=91.391479, roll=-0.000885))
Transform(Location(x=234.445068, y=-116.249870, z=-0.013046), Rotation(pitch=0.186382, yaw=91.391479, roll=-0.000885))
Transform(Location(x=234.445068, y=-116.249870, z=-0.013046), Rotation(pitch=0.186382, yaw=91.391479, roll=-0.000885))
Transform(Location(x=234.445068, y=-116.249870, z=-0.013046), Rotation(pitch=0.186382, yaw=91.391479, roll=-0.000885))
Transform(Location(x=234.445068, y=-116.249870, z=-0.013046), Rotation(pitch=0.186382, yaw=91.391479, roll=-0.000885))
Transform(Location(x=234.445068, y=-116.249870, z=-0.013046), Rotation(pitch=0.186382, yaw=91.391479, roll=-0.000885))
Transform(Location(x=234.445068, y=-116.249870, z=-0.013046), Rotation(pitch=0.186382, yaw=91.391479, roll=-0.000885))
Transform(Location(x=234.445068, y=-116.249870, z=-0.013046), Rotation(pitch=0.186382, yaw=91.391479, roll=-0.000885))
Transform(Location(x=234.445068, y=-116.249870, z=-0.013046), Rotation(pitch=0.186382, yaw=91.391479, roll=-0.000885))
Transform(Location(x=234.445068, y=-116.249870, z=-0.013046), Rotation(pitch=0.186382, yaw=91.391479, roll=-0.000885))
Transform(Location(x=234.445068, y=-116.249870, z=-0.013046), Rotation(pitch=0.186382, yaw=91.391479, roll=-0.000885))
Transform(Location(x=234.445068, y=-116.249870, z=-0.013046), Rotation(pitch=0.186382, yaw=91.391479, roll=-0.000885))
Transform(Location(x=234.445068, y=-116.249870, z=-0.013046), Rotation(pitch=0.186382, yaw=91.391479, roll=-0.000885))
Transform(Location(x=234.445068, y=-116.249870, z=-0.013046), Rotation(pitch=0.186382, yaw=91.391479, roll=-0.000885))
Transform(Location(x=234.445068, y=-116.249870, z=-0.013046), Rotation(pitch=0.186382, yaw=91.391479, roll=-0.000885))
Transform(Location(x=234.445068, y=-116.249870, z=-0.013046), Rotation(pitch=0.186382, yaw=91.391479, roll=-0.000885))
Transform(Location(x=234.445068, y=-116.249870, z=-0.013046), Rotation(pitch=0.186382, yaw=91.391479, roll=-0.000885))
Transform(Location(x=234.445068, y=-116.249870, z=-0.013046), Rotation(pitch=0.186382, yaw=91.391479, roll=-0.000885))
Transform(Location(x=234.445068, y=-116.249870, z=-0.013046), Rotation(pitch=0.186382, yaw=91.391479, roll=-0.000885))
Transform(Location(x=234.445068, y=-116.249870, z=-0.013046), Rotation(pitch=0.186382, yaw=91.391479, roll=-0.000885))
Transform(Location(x=234.445068, y=-116.249870, z=-0.013046), Rotation(pitch=0.186382, yaw=91.391479, roll=-0.000885))
Transform(Location(x=234.445068, y=-116.249870, z=-0.013046), Rotation(pitch=0.186382, yaw=91.391479, roll=-0.000885))
Transform(Location(x=234.445068, y=-116.249870, z=-0.013046), Rotation(pitch=0.186382, yaw=91.391479, roll=-0.000885))
Transform(Location(x=234.445068, y=-116.249870, z=-0.013046), Rotation(pitch=0.186382, yaw=91.391479, roll=-0.000885))
Transform(Location(x=234.445068, y=-116.249870, z=-0.013046), Rotation(pitch=0.186382, yaw=91.391479, roll=-0.000885))
Transform(Location(x=234.445068, y=-116.249870, z=-0.013046), Rotation(pitch=0.186382, yaw=91.391479, roll=-0.000885))
Transform(Location(x=234.445068, y=-116.249870, z=-0.013046), Rotation(pitch=0.186382, yaw=91.391479, roll=-0.000885))
Transform(Location(x=234.445068, y=-116.249870, z=-0.013046), Rotation(pitch=0.186382, yaw=91.391479, roll=-0.000885))
Transform(Location(x=234.445068, y=-116.249870, z=-0.013046), Rotation(pitch=0.186382, yaw=91.391479, roll=-0.000885))
Transform(Location(x=234.445068, y=-116.249870, z=-0.013046), Rotation(pitch=0.186382, yaw=91.391479, roll=-0.000885))
Transform(Location(x=234.445068, y=-116.249870, z=-0.013046), Rotation(pitch=0.186382, yaw=91.391479, roll=-0.000885))
Transform(Location(x=234.445068, y=-116.249870, z=-0.013046), Rotation(pitch=0.186382, yaw=91.391479, roll=-0.000885))
Transform(Location(x=234.445068, y=-116.249870, z=-0.013046), Rotation(pitch=0.186382, yaw=91.391479, roll=-0.000885))
Transform(Location(x=234.445068, y=-116.249870, z=-0.013046), Rotation(pitch=0.186382, yaw=91.391479, roll=-0.000885))
Transform(Location(x=234.445068, y=-116.249870, z=-0.013046), Rotation(pitch=0.186382, yaw=91.391479, roll=-0.000885))
Transform(Location(x=234.445068, y=-116.249870, z=-0.013046), Rotation(pitch=0.186382, yaw=91.391479, roll=-0.000885))
Transform(Location(x=234.445068, y=-116.249870, z=-0.013046), Rotation(pitch=0.186382, yaw=91.391479, roll=-0.000885))
Transform(Location(x=234.445068, y=-116.249870, z=-0.013046), Rotation(pitch=0.186382, yaw=91.391479, roll=-0.000885))
Transform(Location(x=234.445068, y=-116.249870, z=-0.013046), Rotation(pitch=0.186382, yaw=91.391479, roll=-0.000885))
Transform(Location(x=234.445068, y=-116.249870, z=-0.013046), Rotation(pitch=0.186382, yaw=91.391479, roll=-0.000885))
Transform(Location(x=234.445068, y=-116.249870, z=-0.013046), Rotation(pitch=0.186382, yaw=91.391479, roll=-0.000885))
Transform(Location(x=234.445068, y=-116.249870, z=-0.013046), Rotation(pitch=0.186382, yaw=91.391479, roll=-0.000885))
Transform(Location(x=234.445068, y=-116.249870, z=-0.013046), Rotation(pitch=0.186382, yaw=91.391479, roll=-0.000885))
Transform(Location(x=234.445068, y=-116.249870, z=-0.013046), Rotation(pitch=0.186382, yaw=91.391479, roll=-0.000885))
Transform(Location(x=234.445068, y=-116.249870, z=-0.013046), Rotation(pitch=0.186382, yaw=91.391479, roll=-0.000885))
Transform(Location(x=234.445068, y=-116.249870, z=-0.013046), Rotation(pitch=0.186382, yaw=91.391479, roll=-0.000885))
Transform(Location(x=234.445068, y=-116.249870, z=-0.013046), Rotation(pitch=0.186382, yaw=91.391479, roll=-0.000885))
Transform(Location(x=234.445068, y=-116.249870, z=-0.013046), Rotation(pitch=0.186382, yaw=91.391479, roll=-0.000885))
Transform(Location(x=234.445068, y=-116.249870, z=-0.013046), Rotation(pitch=0.186382, yaw=91.391479, roll=-0.000885))
Transform(Location(x=234.445068, y=-116.249870, z=-0.013046), Rotation(pitch=0.186382, yaw=91.391479, roll=-0.000885))
Transform(Location(x=234.445068, y=-116.249870, z=-0.013046), Rotation(pitch=0.186382, yaw=91.391479, roll=-0.000885))
Transform(Location(x=234.445068, y=-116.249870, z=-0.013046), Rotation(pitch=0.186382, yaw=91.391479, roll=-0.000885))
